sku,warehouse,date,forecast_qty,lower_bound,upper_bound,model
SKU-1000,WH-001,2024-06-29,300.1,270.1,330.1,moving_average
SKU-1000,WH-001,2024-06-30,300.1,270.1,330.1,moving_average
SKU-1000,WH-001,2024-07-01,300.1,270.1,330.1,moving_average
SKU-1000,WH-001,2024-07-02,300.1,270.1,330.1,moving_average
SKU-1000,WH-001,2024-07-03,300.1,270.1,330.1,moving_average
SKU-1000,WH-001,2024-07-04,300.1,270.1,330.1,moving_average
SKU-1000,WH-001,2024-07-05,300.1,270.1,330.1,moving_average
SKU-1000,WH-001,2024-07-06,300.1,270.1,330.1,moving_average
SKU-1000,WH-001,2024-07-07,300.1,270.1,330.1,moving_average
SKU-1000,WH-001,2024-07-08,300.1,270.1,330.1,moving_average
SKU-1000,WH-001,2024-07-09,300.1,270.1,330.1,moving_average
SKU-1000,WH-001,2024-07-10,300.1,270.1,330.1,moving_average
SKU-1000,WH-001,2024-07-11,300.1,270.1,330.1,moving_average
SKU-1000,WH-001,2024-07-12,300.1,270.1,330.1,moving_average
SKU-1000,WH-001,2024-07-13,300.1,270.1,330.1,moving_average
SKU-1000,WH-001,2024-07-14,300.1,270.1,330.1,moving_average
SKU-1000,WH-001,2024-07-15,300.1,270.1,330.1,moving_average
SKU-1000,WH-001,2024-07-16,300.1,270.1,330.1,moving_average
SKU-1000,WH-001,2024-07-17,300.1,270.1,330.1,moving_average
SKU-1000,WH-001,2024-07-18,300.1,270.1,330.1,moving_average
SKU-1000,WH-001,2024-07-19,300.1,270.1,330.1,moving_average
SKU-1000,WH-001,2024-07-20,300.1,270.1,330.1,moving_average
SKU-1000,WH-001,2024-07-21,300.1,270.1,330.1,moving_average
SKU-1000,WH-001,2024-07-22,300.1,270.1,330.1,moving_average
SKU-1000,WH-001,2024-07-23,300.1,270.1,330.1,moving_average
SKU-1000,WH-001,2024-07-24,300.1,270.1,330.1,moving_average
SKU-1000,WH-001,2024-07-25,300.1,270.1,330.1,moving_average
SKU-1000,WH-001,2024-07-26,300.1,270.1,330.1,moving_average
SKU-1000,WH-001,2024-07-27,300.1,270.1,330.1,moving_average
SKU-1000,WH-001,2024-07-28,300.1,270.1,330.1,moving_average
SKU-1000,WH-001,2024-07-29,300.1,270.1,330.1,moving_average
SKU-1000,WH-001,2024-07-30,300.1,270.1,330.1,moving_average
SKU-1000,WH-001,2024-07-31,300.1,270.1,330.1,moving_average
SKU-1000,WH-001,2024-08-01,300.1,270.1,330.1,moving_average
SKU-1000,WH-001,2024-08-02,300.1,270.1,330.1,moving_average
SKU-1000,WH-001,2024-08-03,300.1,270.1,330.1,moving_average
SKU-1000,WH-001,2024-08-04,300.1,270.1,330.1,moving_average
SKU-1000,WH-001,2024-08-05,300.1,270.1,330.1,moving_average
SKU-1000,WH-001,2024-08-06,300.1,270.1,330.1,moving_average
SKU-1000,WH-001,2024-08-07,300.1,270.1,330.1,moving_average
SKU-1000,WH-001,2024-08-08,300.1,270.1,330.1,moving_average
SKU-1000,WH-001,2024-08-09,300.1,270.1,330.1,moving_average
SKU-1000,WH-001,2024-08-10,300.1,270.1,330.1,moving_average
SKU-1000,WH-001,2024-08-11,300.1,270.1,330.1,moving_average
SKU-1000,WH-001,2024-08-12,300.1,270.1,330.1,moving_average
SKU-1000,WH-001,2024-08-13,300.1,270.1,330.1,moving_average
SKU-1000,WH-001,2024-08-14,300.1,270.1,330.1,moving_average
SKU-1000,WH-001,2024-08-15,300.1,270.1,330.1,moving_average
SKU-1000,WH-001,2024-08-16,300.1,270.1,330.1,moving_average
SKU-1000,WH-001,2024-08-17,300.1,270.1,330.1,moving_average
SKU-1000,WH-001,2024-08-18,300.1,270.1,330.1,moving_average
SKU-1000,WH-001,2024-08-19,300.1,270.1,330.1,moving_average
SKU-1000,WH-001,2024-08-20,300.1,270.1,330.1,moving_average
SKU-1000,WH-001,2024-08-21,300.1,270.1,330.1,moving_average
SKU-1000,WH-001,2024-08-22,300.1,270.1,330.1,moving_average
SKU-1000,WH-001,2024-08-23,300.1,270.1,330.1,moving_average
SKU-1000,WH-001,2024-08-24,300.1,270.1,330.1,moving_average
SKU-1000,WH-001,2024-08-25,300.1,270.1,330.1,moving_average
SKU-1000,WH-001,2024-08-26,300.1,270.1,330.1,moving_average
SKU-1000,WH-001,2024-08-27,300.1,270.1,330.1,moving_average
SKU-1000,WH-001,2024-08-28,300.1,270.1,330.1,moving_average
SKU-1000,WH-001,2024-08-29,300.1,270.1,330.1,moving_average
SKU-1000,WH-001,2024-08-30,300.1,270.1,330.1,moving_average
SKU-1000,WH-001,2024-08-31,300.1,270.1,330.1,moving_average
SKU-1000,WH-001,2024-09-01,300.1,270.1,330.1,moving_average
SKU-1000,WH-001,2024-09-02,300.1,270.1,330.1,moving_average
SKU-1000,WH-001,2024-09-03,300.1,270.1,330.1,moving_average
SKU-1000,WH-001,2024-09-04,300.1,270.1,330.1,moving_average
SKU-1000,WH-001,2024-09-05,300.1,270.1,330.1,moving_average
SKU-1000,WH-001,2024-09-06,300.1,270.1,330.1,moving_average
SKU-1000,WH-001,2024-09-07,300.1,270.1,330.1,moving_average
SKU-1000,WH-001,2024-09-08,300.1,270.1,330.1,moving_average
SKU-1000,WH-001,2024-09-09,300.1,270.1,330.1,moving_average
SKU-1000,WH-001,2024-09-10,300.1,270.1,330.1,moving_average
SKU-1000,WH-001,2024-09-11,300.1,270.1,330.1,moving_average
SKU-1000,WH-001,2024-09-12,300.1,270.1,330.1,moving_average
SKU-1000,WH-001,2024-09-13,300.1,270.1,330.1,moving_average
SKU-1000,WH-001,2024-09-14,300.1,270.1,330.1,moving_average
SKU-1000,WH-001,2024-09-15,300.1,270.1,330.1,moving_average
SKU-1000,WH-001,2024-09-16,300.1,270.1,330.1,moving_average
SKU-1000,WH-001,2024-09-17,300.1,270.1,330.1,moving_average
SKU-1000,WH-001,2024-09-18,300.1,270.1,330.1,moving_average
SKU-1000,WH-001,2024-09-19,300.1,270.1,330.1,moving_average
SKU-1000,WH-001,2024-09-20,300.1,270.1,330.1,moving_average
SKU-1000,WH-001,2024-09-21,300.1,270.1,330.1,moving_average
SKU-1000,WH-001,2024-09-22,300.1,270.1,330.1,moving_average
SKU-1000,WH-001,2024-09-23,300.1,270.1,330.1,moving_average
SKU-1000,WH-001,2024-09-24,300.1,270.1,330.1,moving_average
SKU-1000,WH-001,2024-09-25,300.1,270.1,330.1,moving_average
SKU-1000,WH-001,2024-09-26,300.1,270.1,330.1,moving_average
SKU-1000,WH-002,2024-06-29,298.1,268.3,327.9,moving_average
SKU-1000,WH-002,2024-06-30,298.1,268.3,327.9,moving_average
SKU-1000,WH-002,2024-07-01,298.1,268.3,327.9,moving_average
SKU-1000,WH-002,2024-07-02,298.1,268.3,327.9,moving_average
SKU-1000,WH-002,2024-07-03,298.1,268.3,327.9,moving_average
SKU-1000,WH-002,2024-07-04,298.1,268.3,327.9,moving_average
SKU-1000,WH-002,2024-07-05,298.1,268.3,327.9,moving_average
SKU-1000,WH-002,2024-07-06,298.1,268.3,327.9,moving_average
SKU-1000,WH-002,2024-07-07,298.1,268.3,327.9,moving_average
SKU-1000,WH-002,2024-07-08,298.1,268.3,327.9,moving_average
SKU-1000,WH-002,2024-07-09,298.1,268.3,327.9,moving_average
SKU-1000,WH-002,2024-07-10,298.1,268.3,327.9,moving_average
SKU-1000,WH-002,2024-07-11,298.1,268.3,327.9,moving_average
SKU-1000,WH-002,2024-07-12,298.1,268.3,327.9,moving_average
SKU-1000,WH-002,2024-07-13,298.1,268.3,327.9,moving_average
SKU-1000,WH-002,2024-07-14,298.1,268.3,327.9,moving_average
SKU-1000,WH-002,2024-07-15,298.1,268.3,327.9,moving_average
SKU-1000,WH-002,2024-07-16,298.1,268.3,327.9,moving_average
SKU-1000,WH-002,2024-07-17,298.1,268.3,327.9,moving_average
SKU-1000,WH-002,2024-07-18,298.1,268.3,327.9,moving_average
SKU-1000,WH-002,2024-07-19,298.1,268.3,327.9,moving_average
SKU-1000,WH-002,2024-07-20,298.1,268.3,327.9,moving_average
SKU-1000,WH-002,2024-07-21,298.1,268.3,327.9,moving_average
SKU-1000,WH-002,2024-07-22,298.1,268.3,327.9,moving_average
SKU-1000,WH-002,2024-07-23,298.1,268.3,327.9,moving_average
SKU-1000,WH-002,2024-07-24,298.1,268.3,327.9,moving_average
SKU-1000,WH-002,2024-07-25,298.1,268.3,327.9,moving_average
SKU-1000,WH-002,2024-07-26,298.1,268.3,327.9,moving_average
SKU-1000,WH-002,2024-07-27,298.1,268.3,327.9,moving_average
SKU-1000,WH-002,2024-07-28,298.1,268.3,327.9,moving_average
SKU-1000,WH-002,2024-07-29,298.1,268.3,327.9,moving_average
SKU-1000,WH-002,2024-07-30,298.1,268.3,327.9,moving_average
SKU-1000,WH-002,2024-07-31,298.1,268.3,327.9,moving_average
SKU-1000,WH-002,2024-08-01,298.1,268.3,327.9,moving_average
SKU-1000,WH-002,2024-08-02,298.1,268.3,327.9,moving_average
SKU-1000,WH-002,2024-08-03,298.1,268.3,327.9,moving_average
SKU-1000,WH-002,2024-08-04,298.1,268.3,327.9,moving_average
SKU-1000,WH-002,2024-08-05,298.1,268.3,327.9,moving_average
SKU-1000,WH-002,2024-08-06,298.1,268.3,327.9,moving_average
SKU-1000,WH-002,2024-08-07,298.1,268.3,327.9,moving_average
SKU-1000,WH-002,2024-08-08,298.1,268.3,327.9,moving_average
SKU-1000,WH-002,2024-08-09,298.1,268.3,327.9,moving_average
SKU-1000,WH-002,2024-08-10,298.1,268.3,327.9,moving_average
SKU-1000,WH-002,2024-08-11,298.1,268.3,327.9,moving_average
SKU-1000,WH-002,2024-08-12,298.1,268.3,327.9,moving_average
SKU-1000,WH-002,2024-08-13,298.1,268.3,327.9,moving_average
SKU-1000,WH-002,2024-08-14,298.1,268.3,327.9,moving_average
SKU-1000,WH-002,2024-08-15,298.1,268.3,327.9,moving_average
SKU-1000,WH-002,2024-08-16,298.1,268.3,327.9,moving_average
SKU-1000,WH-002,2024-08-17,298.1,268.3,327.9,moving_average
SKU-1000,WH-002,2024-08-18,298.1,268.3,327.9,moving_average
SKU-1000,WH-002,2024-08-19,298.1,268.3,327.9,moving_average
SKU-1000,WH-002,2024-08-20,298.1,268.3,327.9,moving_average
SKU-1000,WH-002,2024-08-21,298.1,268.3,327.9,moving_average
SKU-1000,WH-002,2024-08-22,298.1,268.3,327.9,moving_average
SKU-1000,WH-002,2024-08-23,298.1,268.3,327.9,moving_average
SKU-1000,WH-002,2024-08-24,298.1,268.3,327.9,moving_average
SKU-1000,WH-002,2024-08-25,298.1,268.3,327.9,moving_average
SKU-1000,WH-002,2024-08-26,298.1,268.3,327.9,moving_average
SKU-1000,WH-002,2024-08-27,298.1,268.3,327.9,moving_average
SKU-1000,WH-002,2024-08-28,298.1,268.3,327.9,moving_average
SKU-1000,WH-002,2024-08-29,298.1,268.3,327.9,moving_average
SKU-1000,WH-002,2024-08-30,298.1,268.3,327.9,moving_average
SKU-1000,WH-002,2024-08-31,298.1,268.3,327.9,moving_average
SKU-1000,WH-002,2024-09-01,298.1,268.3,327.9,moving_average
SKU-1000,WH-002,2024-09-02,298.1,268.3,327.9,moving_average
SKU-1000,WH-002,2024-09-03,298.1,268.3,327.9,moving_average
SKU-1000,WH-002,2024-09-04,298.1,268.3,327.9,moving_average
SKU-1000,WH-002,2024-09-05,298.1,268.3,327.9,moving_average
SKU-1000,WH-002,2024-09-06,298.1,268.3,327.9,moving_average
SKU-1000,WH-002,2024-09-07,298.1,268.3,327.9,moving_average
SKU-1000,WH-002,2024-09-08,298.1,268.3,327.9,moving_average
SKU-1000,WH-002,2024-09-09,298.1,268.3,327.9,moving_average
SKU-1000,WH-002,2024-09-10,298.1,268.3,327.9,moving_average
SKU-1000,WH-002,2024-09-11,298.1,268.3,327.9,moving_average
SKU-1000,WH-002,2024-09-12,298.1,268.3,327.9,moving_average
SKU-1000,WH-002,2024-09-13,298.1,268.3,327.9,moving_average
SKU-1000,WH-002,2024-09-14,298.1,268.3,327.9,moving_average
SKU-1000,WH-002,2024-09-15,298.1,268.3,327.9,moving_average
SKU-1000,WH-002,2024-09-16,298.1,268.3,327.9,moving_average
SKU-1000,WH-002,2024-09-17,298.1,268.3,327.9,moving_average
SKU-1000,WH-002,2024-09-18,298.1,268.3,327.9,moving_average
SKU-1000,WH-002,2024-09-19,298.1,268.3,327.9,moving_average
SKU-1000,WH-002,2024-09-20,298.1,268.3,327.9,moving_average
SKU-1000,WH-002,2024-09-21,298.1,268.3,327.9,moving_average
SKU-1000,WH-002,2024-09-22,298.1,268.3,327.9,moving_average
SKU-1000,WH-002,2024-09-23,298.1,268.3,327.9,moving_average
SKU-1000,WH-002,2024-09-24,298.1,268.3,327.9,moving_average
SKU-1000,WH-002,2024-09-25,298.1,268.3,327.9,moving_average
SKU-1000,WH-002,2024-09-26,298.1,268.3,327.9,moving_average
SKU-1000,WH-003,2024-06-29,295.3,251.0,339.6,exponential_smoothing
SKU-1000,WH-003,2024-06-30,277.7,236.1,319.4,exponential_smoothing
SKU-1000,WH-003,2024-07-01,329.5,280.1,378.9,exponential_smoothing
SKU-1000,WH-003,2024-07-02,310.1,263.6,356.7,exponential_smoothing
SKU-1000,WH-003,2024-07-03,318.9,271.1,366.8,exponential_smoothing
SKU-1000,WH-003,2024-07-04,283.8,241.3,326.4,exponential_smoothing
SKU-1000,WH-003,2024-07-05,288.3,245.0,331.5,exponential_smoothing
SKU-1000,WH-003,2024-07-06,295.1,250.8,339.4,exponential_smoothing
SKU-1000,WH-003,2024-07-07,277.6,235.9,319.2,exponential_smoothing
SKU-1000,WH-003,2024-07-08,329.3,279.9,378.7,exponential_smoothing
SKU-1000,WH-003,2024-07-09,310.0,263.5,356.5,exponential_smoothing
SKU-1000,WH-003,2024-07-10,318.7,270.9,366.6,exponential_smoothing
SKU-1000,WH-003,2024-07-11,283.7,241.1,326.2,exponential_smoothing
SKU-1000,WH-003,2024-07-12,288.1,244.9,331.3,exponential_smoothing
SKU-1000,WH-003,2024-07-13,294.9,250.7,339.1,exponential_smoothing
SKU-1000,WH-003,2024-07-14,277.4,235.8,319.0,exponential_smoothing
SKU-1000,WH-003,2024-07-15,329.1,279.7,378.5,exponential_smoothing
SKU-1000,WH-003,2024-07-16,309.8,263.3,356.2,exponential_smoothing
SKU-1000,WH-003,2024-07-17,318.6,270.8,366.3,exponential_smoothing
SKU-1000,WH-003,2024-07-18,283.5,241.0,326.0,exponential_smoothing
SKU-1000,WH-003,2024-07-19,287.9,244.7,331.1,exponential_smoothing
SKU-1000,WH-003,2024-07-20,294.7,250.5,338.9,exponential_smoothing
SKU-1000,WH-003,2024-07-21,277.2,235.6,318.8,exponential_smoothing
SKU-1000,WH-003,2024-07-22,328.9,279.6,378.3,exponential_smoothing
SKU-1000,WH-003,2024-07-23,309.6,263.2,356.0,exponential_smoothing
SKU-1000,WH-003,2024-07-24,318.4,270.6,366.1,exponential_smoothing
SKU-1000,WH-003,2024-07-25,283.3,240.8,325.8,exponential_smoothing
SKU-1000,WH-003,2024-07-26,287.7,244.6,330.9,exponential_smoothing
SKU-1000,WH-003,2024-07-27,294.5,250.4,338.7,exponential_smoothing
SKU-1000,WH-003,2024-07-28,277.0,235.5,318.6,exponential_smoothing
SKU-1000,WH-003,2024-07-29,328.7,279.4,378.0,exponential_smoothing
SKU-1000,WH-003,2024-07-30,309.4,263.0,355.8,exponential_smoothing
SKU-1000,WH-003,2024-07-31,318.2,270.5,365.9,exponential_smoothing
SKU-1000,WH-003,2024-08-01,283.1,240.6,325.6,exponential_smoothing
SKU-1000,WH-003,2024-08-02,287.5,244.4,330.7,exponential_smoothing
SKU-1000,WH-003,2024-08-03,294.4,250.2,338.5,exponential_smoothing
SKU-1000,WH-003,2024-08-04,276.8,235.3,318.3,exponential_smoothing
SKU-1000,WH-003,2024-08-05,328.6,279.3,377.8,exponential_smoothing
SKU-1000,WH-003,2024-08-06,309.2,262.8,355.6,exponential_smoothing
SKU-1000,WH-003,2024-08-07,318.0,270.3,365.7,exponential_smoothing
SKU-1000,WH-003,2024-08-08,282.9,240.5,325.4,exponential_smoothing
SKU-1000,WH-003,2024-08-09,287.4,244.3,330.5,exponential_smoothing
SKU-1000,WH-003,2024-08-10,294.2,250.1,338.3,exponential_smoothing
SKU-1000,WH-003,2024-08-11,276.6,235.1,318.1,exponential_smoothing
SKU-1000,WH-003,2024-08-12,328.4,279.1,377.6,exponential_smoothing
SKU-1000,WH-003,2024-08-13,309.0,262.7,355.4,exponential_smoothing
SKU-1000,WH-003,2024-08-14,317.8,270.1,365.5,exponential_smoothing
SKU-1000,WH-003,2024-08-15,282.7,240.3,325.1,exponential_smoothing
SKU-1000,WH-003,2024-08-16,287.2,244.1,330.2,exponential_smoothing
SKU-1000,WH-003,2024-08-17,294.0,249.9,338.1,exponential_smoothing
SKU-1000,WH-003,2024-08-18,276.5,235.0,317.9,exponential_smoothing
SKU-1000,WH-003,2024-08-19,328.2,279.0,377.4,exponential_smoothing
SKU-1000,WH-003,2024-08-20,308.9,262.5,355.2,exponential_smoothing
SKU-1000,WH-003,2024-08-21,317.6,270.0,365.3,exponential_smoothing
SKU-1000,WH-003,2024-08-22,282.6,240.2,324.9,exponential_smoothing
SKU-1000,WH-003,2024-08-23,287.0,243.9,330.0,exponential_smoothing
SKU-1000,WH-003,2024-08-24,293.8,249.7,337.9,exponential_smoothing
SKU-1000,WH-003,2024-08-25,276.3,234.8,317.7,exponential_smoothing
SKU-1000,WH-003,2024-08-26,328.0,278.8,377.2,exponential_smoothing
SKU-1000,WH-003,2024-08-27,308.7,262.4,355.0,exponential_smoothing
SKU-1000,WH-003,2024-08-28,317.5,269.8,365.1,exponential_smoothing
SKU-1000,WH-003,2024-08-29,282.4,240.0,324.7,exponential_smoothing
SKU-1000,WH-003,2024-08-30,286.8,243.8,329.8,exponential_smoothing
SKU-1000,WH-003,2024-08-31,293.6,249.6,337.7,exponential_smoothing
SKU-1000,WH-003,2024-09-01,276.1,234.7,317.5,exponential_smoothing
SKU-1000,WH-003,2024-09-02,327.8,278.6,377.0,exponential_smoothing
SKU-1000,WH-003,2024-09-03,308.5,262.2,354.8,exponential_smoothing
SKU-1000,WH-003,2024-09-04,317.3,269.7,364.9,exponential_smoothing
SKU-1000,WH-003,2024-09-05,282.2,239.9,324.5,exponential_smoothing
SKU-1000,WH-003,2024-09-06,286.6,243.6,329.6,exponential_smoothing
SKU-1000,WH-003,2024-09-07,293.4,249.4,337.5,exponential_smoothing
SKU-1000,WH-003,2024-09-08,275.9,234.5,317.3,exponential_smoothing
SKU-1000,WH-003,2024-09-09,327.6,278.5,376.8,exponential_smoothing
SKU-1000,WH-003,2024-09-10,308.3,262.1,354.6,exponential_smoothing
SKU-1000,WH-003,2024-09-11,317.1,269.5,364.7,exponential_smoothing
SKU-1000,WH-003,2024-09-12,282.0,239.7,324.3,exponential_smoothing
SKU-1000,WH-003,2024-09-13,286.4,243.5,329.4,exponential_smoothing
SKU-1000,WH-003,2024-09-14,293.3,249.3,337.2,exponential_smoothing
SKU-1000,WH-003,2024-09-15,275.7,234.4,317.1,exponential_smoothing
SKU-1000,WH-003,2024-09-16,327.5,278.3,376.6,exponential_smoothing
SKU-1000,WH-003,2024-09-17,308.1,261.9,354.3,exponential_smoothing
SKU-1000,WH-003,2024-09-18,316.9,269.4,364.4,exponential_smoothing
SKU-1000,WH-003,2024-09-19,281.8,239.5,324.1,exponential_smoothing
SKU-1000,WH-003,2024-09-20,286.3,243.3,329.2,exponential_smoothing
SKU-1000,WH-003,2024-09-21,293.1,249.1,337.0,exponential_smoothing
SKU-1000,WH-003,2024-09-22,275.5,234.2,316.9,exponential_smoothing
SKU-1000,WH-003,2024-09-23,327.3,278.2,376.4,exponential_smoothing
SKU-1000,WH-003,2024-09-24,307.9,261.7,354.1,exponential_smoothing
SKU-1000,WH-003,2024-09-25,316.7,269.2,364.2,exponential_smoothing
SKU-1000,WH-003,2024-09-26,281.6,239.4,323.9,exponential_smoothing
SKU-1000,WH-004,2024-06-29,335.4,301.9,369.0,moving_average
SKU-1000,WH-004,2024-06-30,335.4,301.9,369.0,moving_average
SKU-1000,WH-004,2024-07-01,335.4,301.9,369.0,moving_average
SKU-1000,WH-004,2024-07-02,335.4,301.9,369.0,moving_average
SKU-1000,WH-004,2024-07-03,335.4,301.9,369.0,moving_average
SKU-1000,WH-004,2024-07-04,335.4,301.9,369.0,moving_average
SKU-1000,WH-004,2024-07-05,335.4,301.9,369.0,moving_average
SKU-1000,WH-004,2024-07-06,335.4,301.9,369.0,moving_average
SKU-1000,WH-004,2024-07-07,335.4,301.9,369.0,moving_average
SKU-1000,WH-004,2024-07-08,335.4,301.9,369.0,moving_average
SKU-1000,WH-004,2024-07-09,335.4,301.9,369.0,moving_average
SKU-1000,WH-004,2024-07-10,335.4,301.9,369.0,moving_average
SKU-1000,WH-004,2024-07-11,335.4,301.9,369.0,moving_average
SKU-1000,WH-004,2024-07-12,335.4,301.9,369.0,moving_average
SKU-1000,WH-004,2024-07-13,335.4,301.9,369.0,moving_average
SKU-1000,WH-004,2024-07-14,335.4,301.9,369.0,moving_average
SKU-1000,WH-004,2024-07-15,335.4,301.9,369.0,moving_average
SKU-1000,WH-004,2024-07-16,335.4,301.9,369.0,moving_average
SKU-1000,WH-004,2024-07-17,335.4,301.9,369.0,moving_average
SKU-1000,WH-004,2024-07-18,335.4,301.9,369.0,moving_average
SKU-1000,WH-004,2024-07-19,335.4,301.9,369.0,moving_average
SKU-1000,WH-004,2024-07-20,335.4,301.9,369.0,moving_average
SKU-1000,WH-004,2024-07-21,335.4,301.9,369.0,moving_average
SKU-1000,WH-004,2024-07-22,413.6,372.2,454.9,moving_average
SKU-1000,WH-004,2024-07-23,413.6,372.2,454.9,moving_average
SKU-1000,WH-004,2024-07-24,413.6,372.2,454.9,moving_average
SKU-1000,WH-004,2024-07-25,413.6,372.2,454.9,moving_average
SKU-1000,WH-004,2024-07-26,413.6,372.2,454.9,moving_average
SKU-1000,WH-004,2024-07-27,335.4,301.9,369.0,moving_average
SKU-1000,WH-004,2024-07-28,335.4,301.9,369.0,moving_average
SKU-1000,WH-004,2024-07-29,335.4,301.9,369.0,moving_average
SKU-1000,WH-004,2024-07-30,335.4,301.9,369.0,moving_average
SKU-1000,WH-004,2024-07-31,335.4,301.9,369.0,moving_average
SKU-1000,WH-004,2024-08-01,335.4,301.9,369.0,moving_average
SKU-1000,WH-004,2024-08-02,335.4,301.9,369.0,moving_average
SKU-1000,WH-004,2024-08-03,335.4,301.9,369.0,moving_average
SKU-1000,WH-004,2024-08-04,335.4,301.9,369.0,moving_average
SKU-1000,WH-004,2024-08-05,335.4,301.9,369.0,moving_average
SKU-1000,WH-004,2024-08-06,335.4,301.9,369.0,moving_average
SKU-1000,WH-004,2024-08-07,335.4,301.9,369.0,moving_average
SKU-1000,WH-004,2024-08-08,335.4,301.9,369.0,moving_average
SKU-1000,WH-004,2024-08-09,335.4,301.9,369.0,moving_average
SKU-1000,WH-004,2024-08-10,335.4,301.9,369.0,moving_average
SKU-1000,WH-004,2024-08-11,335.4,301.9,369.0,moving_average
SKU-1000,WH-004,2024-08-12,335.4,301.9,369.0,moving_average
SKU-1000,WH-004,2024-08-13,335.4,301.9,369.0,moving_average
SKU-1000,WH-004,2024-08-14,335.4,301.9,369.0,moving_average
SKU-1000,WH-004,2024-08-15,335.4,301.9,369.0,moving_average
SKU-1000,WH-004,2024-08-16,335.4,301.9,369.0,moving_average
SKU-1000,WH-004,2024-08-17,335.4,301.9,369.0,moving_average
SKU-1000,WH-004,2024-08-18,335.4,301.9,369.0,moving_average
SKU-1000,WH-004,2024-08-19,335.4,301.9,369.0,moving_average
SKU-1000,WH-004,2024-08-20,335.4,301.9,369.0,moving_average
SKU-1000,WH-004,2024-08-21,335.4,301.9,369.0,moving_average
SKU-1000,WH-004,2024-08-22,335.4,301.9,369.0,moving_average
SKU-1000,WH-004,2024-08-23,335.4,301.9,369.0,moving_average
SKU-1000,WH-004,2024-08-24,335.4,301.9,369.0,moving_average
SKU-1000,WH-004,2024-08-25,335.4,301.9,369.0,moving_average
SKU-1000,WH-004,2024-08-26,335.4,301.9,369.0,moving_average
SKU-1000,WH-004,2024-08-27,335.4,301.9,369.0,moving_average
SKU-1000,WH-004,2024-08-28,335.4,301.9,369.0,moving_average
SKU-1000,WH-004,2024-08-29,335.4,301.9,369.0,moving_average
SKU-1000,WH-004,2024-08-30,335.4,301.9,369.0,moving_average
SKU-1000,WH-004,2024-08-31,335.4,301.9,369.0,moving_average
SKU-1000,WH-004,2024-09-01,335.4,301.9,369.0,moving_average
SKU-1000,WH-004,2024-09-02,335.4,301.9,369.0,moving_average
SKU-1000,WH-004,2024-09-03,335.4,301.9,369.0,moving_average
SKU-1000,WH-004,2024-09-04,335.4,301.9,369.0,moving_average
SKU-1000,WH-004,2024-09-05,335.4,301.9,369.0,moving_average
SKU-1000,WH-004,2024-09-06,335.4,301.9,369.0,moving_average
SKU-1000,WH-004,2024-09-07,335.4,301.9,369.0,moving_average
SKU-1000,WH-004,2024-09-08,335.4,301.9,369.0,moving_average
SKU-1000,WH-004,2024-09-09,335.4,301.9,369.0,moving_average
SKU-1000,WH-004,2024-09-10,335.4,301.9,369.0,moving_average
SKU-1000,WH-004,2024-09-11,335.4,301.9,369.0,moving_average
SKU-1000,WH-004,2024-09-12,335.4,301.9,369.0,moving_average
SKU-1000,WH-004,2024-09-13,335.4,301.9,369.0,moving_average
SKU-1000,WH-004,2024-09-14,335.4,301.9,369.0,moving_average
SKU-1000,WH-004,2024-09-15,335.4,301.9,369.0,moving_average
SKU-1000,WH-004,2024-09-16,335.4,301.9,369.0,moving_average
SKU-1000,WH-004,2024-09-17,335.4,301.9,369.0,moving_average
SKU-1000,WH-004,2024-09-18,335.4,301.9,369.0,moving_average
SKU-1000,WH-004,2024-09-19,335.4,301.9,369.0,moving_average
SKU-1000,WH-004,2024-09-20,335.4,301.9,369.0,moving_average
SKU-1000,WH-004,2024-09-21,335.4,301.9,369.0,moving_average
SKU-1000,WH-004,2024-09-22,335.4,301.9,369.0,moving_average
SKU-1000,WH-004,2024-09-23,335.4,301.9,369.0,moving_average
SKU-1000,WH-004,2024-09-24,335.4,301.9,369.0,moving_average
SKU-1000,WH-004,2024-09-25,335.4,301.9,369.0,moving_average
SKU-1000,WH-004,2024-09-26,335.4,301.9,369.0,moving_average
SKU-1000,WH-005,2024-06-29,320.8,288.7,352.8,moving_average
SKU-1000,WH-005,2024-06-30,320.8,288.7,352.8,moving_average
SKU-1000,WH-005,2024-07-01,320.8,288.7,352.8,moving_average
SKU-1000,WH-005,2024-07-02,320.8,288.7,352.8,moving_average
SKU-1000,WH-005,2024-07-03,320.8,288.7,352.8,moving_average
SKU-1000,WH-005,2024-07-04,320.8,288.7,352.8,moving_average
SKU-1000,WH-005,2024-07-05,320.8,288.7,352.8,moving_average
SKU-1000,WH-005,2024-07-06,320.8,288.7,352.8,moving_average
SKU-1000,WH-005,2024-07-07,320.8,288.7,352.8,moving_average
SKU-1000,WH-005,2024-07-08,320.8,288.7,352.8,moving_average
SKU-1000,WH-005,2024-07-09,320.8,288.7,352.8,moving_average
SKU-1000,WH-005,2024-07-10,320.8,288.7,352.8,moving_average
SKU-1000,WH-005,2024-07-11,320.8,288.7,352.8,moving_average
SKU-1000,WH-005,2024-07-12,320.8,288.7,352.8,moving_average
SKU-1000,WH-005,2024-07-13,320.8,288.7,352.8,moving_average
SKU-1000,WH-005,2024-07-14,320.8,288.7,352.8,moving_average
SKU-1000,WH-005,2024-07-15,320.8,288.7,352.8,moving_average
SKU-1000,WH-005,2024-07-16,320.8,288.7,352.8,moving_average
SKU-1000,WH-005,2024-07-17,320.8,288.7,352.8,moving_average
SKU-1000,WH-005,2024-07-18,320.8,288.7,352.8,moving_average
SKU-1000,WH-005,2024-07-19,320.8,288.7,352.8,moving_average
SKU-1000,WH-005,2024-07-20,320.8,288.7,352.8,moving_average
SKU-1000,WH-005,2024-07-21,320.8,288.7,352.8,moving_average
SKU-1000,WH-005,2024-07-22,320.8,288.7,352.8,moving_average
SKU-1000,WH-005,2024-07-23,320.8,288.7,352.8,moving_average
SKU-1000,WH-005,2024-07-24,320.8,288.7,352.8,moving_average
SKU-1000,WH-005,2024-07-25,320.8,288.7,352.8,moving_average
SKU-1000,WH-005,2024-07-26,320.8,288.7,352.8,moving_average
SKU-1000,WH-005,2024-07-27,320.8,288.7,352.8,moving_average
SKU-1000,WH-005,2024-07-28,320.8,288.7,352.8,moving_average
SKU-1000,WH-005,2024-07-29,320.8,288.7,352.8,moving_average
SKU-1000,WH-005,2024-07-30,320.8,288.7,352.8,moving_average
SKU-1000,WH-005,2024-07-31,320.8,288.7,352.8,moving_average
SKU-1000,WH-005,2024-08-01,320.8,288.7,352.8,moving_average
SKU-1000,WH-005,2024-08-02,320.8,288.7,352.8,moving_average
SKU-1000,WH-005,2024-08-03,320.8,288.7,352.8,moving_average
SKU-1000,WH-005,2024-08-04,320.8,288.7,352.8,moving_average
SKU-1000,WH-005,2024-08-05,320.8,288.7,352.8,moving_average
SKU-1000,WH-005,2024-08-06,320.8,288.7,352.8,moving_average
SKU-1000,WH-005,2024-08-07,320.8,288.7,352.8,moving_average
SKU-1000,WH-005,2024-08-08,320.8,288.7,352.8,moving_average
SKU-1000,WH-005,2024-08-09,320.8,288.7,352.8,moving_average
SKU-1000,WH-005,2024-08-10,320.8,288.7,352.8,moving_average
SKU-1000,WH-005,2024-08-11,320.8,288.7,352.8,moving_average
SKU-1000,WH-005,2024-08-12,320.8,288.7,352.8,moving_average
SKU-1000,WH-005,2024-08-13,320.8,288.7,352.8,moving_average
SKU-1000,WH-005,2024-08-14,320.8,288.7,352.8,moving_average
SKU-1000,WH-005,2024-08-15,320.8,288.7,352.8,moving_average
SKU-1000,WH-005,2024-08-16,320.8,288.7,352.8,moving_average
SKU-1000,WH-005,2024-08-17,320.8,288.7,352.8,moving_average
SKU-1000,WH-005,2024-08-18,320.8,288.7,352.8,moving_average
SKU-1000,WH-005,2024-08-19,320.8,288.7,352.8,moving_average
SKU-1000,WH-005,2024-08-20,320.8,288.7,352.8,moving_average
SKU-1000,WH-005,2024-08-21,320.8,288.7,352.8,moving_average
SKU-1000,WH-005,2024-08-22,320.8,288.7,352.8,moving_average
SKU-1000,WH-005,2024-08-23,320.8,288.7,352.8,moving_average
SKU-1000,WH-005,2024-08-24,320.8,288.7,352.8,moving_average
SKU-1000,WH-005,2024-08-25,320.8,288.7,352.8,moving_average
SKU-1000,WH-005,2024-08-26,320.8,288.7,352.8,moving_average
SKU-1000,WH-005,2024-08-27,320.8,288.7,352.8,moving_average
SKU-1000,WH-005,2024-08-28,320.8,288.7,352.8,moving_average
SKU-1000,WH-005,2024-08-29,320.8,288.7,352.8,moving_average
SKU-1000,WH-005,2024-08-30,320.8,288.7,352.8,moving_average
SKU-1000,WH-005,2024-08-31,320.8,288.7,352.8,moving_average
SKU-1000,WH-005,2024-09-01,320.8,288.7,352.8,moving_average
SKU-1000,WH-005,2024-09-02,320.8,288.7,352.8,moving_average
SKU-1000,WH-005,2024-09-03,320.8,288.7,352.8,moving_average
SKU-1000,WH-005,2024-09-04,320.8,288.7,352.8,moving_average
SKU-1000,WH-005,2024-09-05,320.8,288.7,352.8,moving_average
SKU-1000,WH-005,2024-09-06,320.8,288.7,352.8,moving_average
SKU-1000,WH-005,2024-09-07,320.8,288.7,352.8,moving_average
SKU-1000,WH-005,2024-09-08,320.8,288.7,352.8,moving_average
SKU-1000,WH-005,2024-09-09,320.8,288.7,352.8,moving_average
SKU-1000,WH-005,2024-09-10,320.8,288.7,352.8,moving_average
SKU-1000,WH-005,2024-09-11,320.8,288.7,352.8,moving_average
SKU-1000,WH-005,2024-09-12,320.8,288.7,352.8,moving_average
SKU-1000,WH-005,2024-09-13,320.8,288.7,352.8,moving_average
SKU-1000,WH-005,2024-09-14,320.8,288.7,352.8,moving_average
SKU-1000,WH-005,2024-09-15,320.8,288.7,352.8,moving_average
SKU-1000,WH-005,2024-09-16,320.8,288.7,352.8,moving_average
SKU-1000,WH-005,2024-09-17,320.8,288.7,352.8,moving_average
SKU-1000,WH-005,2024-09-18,320.8,288.7,352.8,moving_average
SKU-1000,WH-005,2024-09-19,320.8,288.7,352.8,moving_average
SKU-1000,WH-005,2024-09-20,320.8,288.7,352.8,moving_average
SKU-1000,WH-005,2024-09-21,320.8,288.7,352.8,moving_average
SKU-1000,WH-005,2024-09-22,320.8,288.7,352.8,moving_average
SKU-1000,WH-005,2024-09-23,320.8,288.7,352.8,moving_average
SKU-1000,WH-005,2024-09-24,320.8,288.7,352.8,moving_average
SKU-1000,WH-005,2024-09-25,320.8,288.7,352.8,moving_average
SKU-1000,WH-005,2024-09-26,320.8,288.7,352.8,moving_average
SKU-1000,WH-006,2024-06-29,318.1,286.3,350.0,moving_average
SKU-1000,WH-006,2024-06-30,318.1,286.3,350.0,moving_average
SKU-1000,WH-006,2024-07-01,318.1,286.3,350.0,moving_average
SKU-1000,WH-006,2024-07-02,318.1,286.3,350.0,moving_average
SKU-1000,WH-006,2024-07-03,318.1,286.3,350.0,moving_average
SKU-1000,WH-006,2024-07-04,318.1,286.3,350.0,moving_average
SKU-1000,WH-006,2024-07-05,318.1,286.3,350.0,moving_average
SKU-1000,WH-006,2024-07-06,318.1,286.3,350.0,moving_average
SKU-1000,WH-006,2024-07-07,318.1,286.3,350.0,moving_average
SKU-1000,WH-006,2024-07-08,318.1,286.3,350.0,moving_average
SKU-1000,WH-006,2024-07-09,318.1,286.3,350.0,moving_average
SKU-1000,WH-006,2024-07-10,318.1,286.3,350.0,moving_average
SKU-1000,WH-006,2024-07-11,318.1,286.3,350.0,moving_average
SKU-1000,WH-006,2024-07-12,318.1,286.3,350.0,moving_average
SKU-1000,WH-006,2024-07-13,318.1,286.3,350.0,moving_average
SKU-1000,WH-006,2024-07-14,318.1,286.3,350.0,moving_average
SKU-1000,WH-006,2024-07-15,318.1,286.3,350.0,moving_average
SKU-1000,WH-006,2024-07-16,318.1,286.3,350.0,moving_average
SKU-1000,WH-006,2024-07-17,318.1,286.3,350.0,moving_average
SKU-1000,WH-006,2024-07-18,318.1,286.3,350.0,moving_average
SKU-1000,WH-006,2024-07-19,318.1,286.3,350.0,moving_average
SKU-1000,WH-006,2024-07-20,318.1,286.3,350.0,moving_average
SKU-1000,WH-006,2024-07-21,318.1,286.3,350.0,moving_average
SKU-1000,WH-006,2024-07-22,318.1,286.3,350.0,moving_average
SKU-1000,WH-006,2024-07-23,318.1,286.3,350.0,moving_average
SKU-1000,WH-006,2024-07-24,318.1,286.3,350.0,moving_average
SKU-1000,WH-006,2024-07-25,318.1,286.3,350.0,moving_average
SKU-1000,WH-006,2024-07-26,318.1,286.3,350.0,moving_average
SKU-1000,WH-006,2024-07-27,318.1,286.3,350.0,moving_average
SKU-1000,WH-006,2024-07-28,318.1,286.3,350.0,moving_average
SKU-1000,WH-006,2024-07-29,318.1,286.3,350.0,moving_average
SKU-1000,WH-006,2024-07-30,318.1,286.3,350.0,moving_average
SKU-1000,WH-006,2024-07-31,318.1,286.3,350.0,moving_average
SKU-1000,WH-006,2024-08-01,318.1,286.3,350.0,moving_average
SKU-1000,WH-006,2024-08-02,318.1,286.3,350.0,moving_average
SKU-1000,WH-006,2024-08-03,318.1,286.3,350.0,moving_average
SKU-1000,WH-006,2024-08-04,318.1,286.3,350.0,moving_average
SKU-1000,WH-006,2024-08-05,318.1,286.3,350.0,moving_average
SKU-1000,WH-006,2024-08-06,318.1,286.3,350.0,moving_average
SKU-1000,WH-006,2024-08-07,318.1,286.3,350.0,moving_average
SKU-1000,WH-006,2024-08-08,318.1,286.3,350.0,moving_average
SKU-1000,WH-006,2024-08-09,318.1,286.3,350.0,moving_average
SKU-1000,WH-006,2024-08-10,318.1,286.3,350.0,moving_average
SKU-1000,WH-006,2024-08-11,318.1,286.3,350.0,moving_average
SKU-1000,WH-006,2024-08-12,318.1,286.3,350.0,moving_average
SKU-1000,WH-006,2024-08-13,318.1,286.3,350.0,moving_average
SKU-1000,WH-006,2024-08-14,318.1,286.3,350.0,moving_average
SKU-1000,WH-006,2024-08-15,318.1,286.3,350.0,moving_average
SKU-1000,WH-006,2024-08-16,318.1,286.3,350.0,moving_average
SKU-1000,WH-006,2024-08-17,318.1,286.3,350.0,moving_average
SKU-1000,WH-006,2024-08-18,318.1,286.3,350.0,moving_average
SKU-1000,WH-006,2024-08-19,318.1,286.3,350.0,moving_average
SKU-1000,WH-006,2024-08-20,318.1,286.3,350.0,moving_average
SKU-1000,WH-006,2024-08-21,318.1,286.3,350.0,moving_average
SKU-1000,WH-006,2024-08-22,318.1,286.3,350.0,moving_average
SKU-1000,WH-006,2024-08-23,318.1,286.3,350.0,moving_average
SKU-1000,WH-006,2024-08-24,318.1,286.3,350.0,moving_average
SKU-1000,WH-006,2024-08-25,318.1,286.3,350.0,moving_average
SKU-1000,WH-006,2024-08-26,318.1,286.3,350.0,moving_average
SKU-1000,WH-006,2024-08-27,318.1,286.3,350.0,moving_average
SKU-1000,WH-006,2024-08-28,318.1,286.3,350.0,moving_average
SKU-1000,WH-006,2024-08-29,318.1,286.3,350.0,moving_average
SKU-1000,WH-006,2024-08-30,318.1,286.3,350.0,moving_average
SKU-1000,WH-006,2024-08-31,318.1,286.3,350.0,moving_average
SKU-1000,WH-006,2024-09-01,318.1,286.3,350.0,moving_average
SKU-1000,WH-006,2024-09-02,318.1,286.3,350.0,moving_average
SKU-1000,WH-006,2024-09-03,318.1,286.3,350.0,moving_average
SKU-1000,WH-006,2024-09-04,318.1,286.3,350.0,moving_average
SKU-1000,WH-006,2024-09-05,318.1,286.3,350.0,moving_average
SKU-1000,WH-006,2024-09-06,318.1,286.3,350.0,moving_average
SKU-1000,WH-006,2024-09-07,318.1,286.3,350.0,moving_average
SKU-1000,WH-006,2024-09-08,318.1,286.3,350.0,moving_average
SKU-1000,WH-006,2024-09-09,318.1,286.3,350.0,moving_average
SKU-1000,WH-006,2024-09-10,318.1,286.3,350.0,moving_average
SKU-1000,WH-006,2024-09-11,318.1,286.3,350.0,moving_average
SKU-1000,WH-006,2024-09-12,318.1,286.3,350.0,moving_average
SKU-1000,WH-006,2024-09-13,318.1,286.3,350.0,moving_average
SKU-1000,WH-006,2024-09-14,318.1,286.3,350.0,moving_average
SKU-1000,WH-006,2024-09-15,318.1,286.3,350.0,moving_average
SKU-1000,WH-006,2024-09-16,318.1,286.3,350.0,moving_average
SKU-1000,WH-006,2024-09-17,318.1,286.3,350.0,moving_average
SKU-1000,WH-006,2024-09-18,318.1,286.3,350.0,moving_average
SKU-1000,WH-006,2024-09-19,318.1,286.3,350.0,moving_average
SKU-1000,WH-006,2024-09-20,318.1,286.3,350.0,moving_average
SKU-1000,WH-006,2024-09-21,318.1,286.3,350.0,moving_average
SKU-1000,WH-006,2024-09-22,318.1,286.3,350.0,moving_average
SKU-1000,WH-006,2024-09-23,318.1,286.3,350.0,moving_average
SKU-1000,WH-006,2024-09-24,318.1,286.3,350.0,moving_average
SKU-1000,WH-006,2024-09-25,318.1,286.3,350.0,moving_average
SKU-1000,WH-006,2024-09-26,318.1,286.3,350.0,moving_average
SKU-1000,WH-007,2024-06-29,315.4,283.9,347.0,moving_average
SKU-1000,WH-007,2024-06-30,315.4,283.9,347.0,moving_average
SKU-1000,WH-007,2024-07-01,315.4,283.9,347.0,moving_average
SKU-1000,WH-007,2024-07-02,315.4,283.9,347.0,moving_average
SKU-1000,WH-007,2024-07-03,315.4,283.9,347.0,moving_average
SKU-1000,WH-007,2024-07-04,315.4,283.9,347.0,moving_average
SKU-1000,WH-007,2024-07-05,315.4,283.9,347.0,moving_average
SKU-1000,WH-007,2024-07-06,315.4,283.9,347.0,moving_average
SKU-1000,WH-007,2024-07-07,315.4,283.9,347.0,moving_average
SKU-1000,WH-007,2024-07-08,315.4,283.9,347.0,moving_average
SKU-1000,WH-007,2024-07-09,315.4,283.9,347.0,moving_average
SKU-1000,WH-007,2024-07-10,315.4,283.9,347.0,moving_average
SKU-1000,WH-007,2024-07-11,315.4,283.9,347.0,moving_average
SKU-1000,WH-007,2024-07-12,315.4,283.9,347.0,moving_average
SKU-1000,WH-007,2024-07-13,315.4,283.9,347.0,moving_average
SKU-1000,WH-007,2024-07-14,315.4,283.9,347.0,moving_average
SKU-1000,WH-007,2024-07-15,315.4,283.9,347.0,moving_average
SKU-1000,WH-007,2024-07-16,315.4,283.9,347.0,moving_average
SKU-1000,WH-007,2024-07-17,315.4,283.9,347.0,moving_average
SKU-1000,WH-007,2024-07-18,315.4,283.9,347.0,moving_average
SKU-1000,WH-007,2024-07-19,315.4,283.9,347.0,moving_average
SKU-1000,WH-007,2024-07-20,315.4,283.9,347.0,moving_average
SKU-1000,WH-007,2024-07-21,315.4,283.9,347.0,moving_average
SKU-1000,WH-007,2024-07-22,315.4,283.9,347.0,moving_average
SKU-1000,WH-007,2024-07-23,315.4,283.9,347.0,moving_average
SKU-1000,WH-007,2024-07-24,315.4,283.9,347.0,moving_average
SKU-1000,WH-007,2024-07-25,315.4,283.9,347.0,moving_average
SKU-1000,WH-007,2024-07-26,315.4,283.9,347.0,moving_average
SKU-1000,WH-007,2024-07-27,315.4,283.9,347.0,moving_average
SKU-1000,WH-007,2024-07-28,315.4,283.9,347.0,moving_average
SKU-1000,WH-007,2024-07-29,315.4,283.9,347.0,moving_average
SKU-1000,WH-007,2024-07-30,315.4,283.9,347.0,moving_average
SKU-1000,WH-007,2024-07-31,315.4,283.9,347.0,moving_average
SKU-1000,WH-007,2024-08-01,315.4,283.9,347.0,moving_average
SKU-1000,WH-007,2024-08-02,315.4,283.9,347.0,moving_average
SKU-1000,WH-007,2024-08-03,315.4,283.9,347.0,moving_average
SKU-1000,WH-007,2024-08-04,315.4,283.9,347.0,moving_average
SKU-1000,WH-007,2024-08-05,315.4,283.9,347.0,moving_average
SKU-1000,WH-007,2024-08-06,315.4,283.9,347.0,moving_average
SKU-1000,WH-007,2024-08-07,315.4,283.9,347.0,moving_average
SKU-1000,WH-007,2024-08-08,315.4,283.9,347.0,moving_average
SKU-1000,WH-007,2024-08-09,315.4,283.9,347.0,moving_average
SKU-1000,WH-007,2024-08-10,315.4,283.9,347.0,moving_average
SKU-1000,WH-007,2024-08-11,315.4,283.9,347.0,moving_average
SKU-1000,WH-007,2024-08-12,315.4,283.9,347.0,moving_average
SKU-1000,WH-007,2024-08-13,315.4,283.9,347.0,moving_average
SKU-1000,WH-007,2024-08-14,315.4,283.9,347.0,moving_average
SKU-1000,WH-007,2024-08-15,315.4,283.9,347.0,moving_average
SKU-1000,WH-007,2024-08-16,315.4,283.9,347.0,moving_average
SKU-1000,WH-007,2024-08-17,315.4,283.9,347.0,moving_average
SKU-1000,WH-007,2024-08-18,315.4,283.9,347.0,moving_average
SKU-1000,WH-007,2024-08-19,315.4,283.9,347.0,moving_average
SKU-1000,WH-007,2024-08-20,315.4,283.9,347.0,moving_average
SKU-1000,WH-007,2024-08-21,315.4,283.9,347.0,moving_average
SKU-1000,WH-007,2024-08-22,315.4,283.9,347.0,moving_average
SKU-1000,WH-007,2024-08-23,315.4,283.9,347.0,moving_average
SKU-1000,WH-007,2024-08-24,315.4,283.9,347.0,moving_average
SKU-1000,WH-007,2024-08-25,315.4,283.9,347.0,moving_average
SKU-1000,WH-007,2024-08-26,315.4,283.9,347.0,moving_average
SKU-1000,WH-007,2024-08-27,315.4,283.9,347.0,moving_average
SKU-1000,WH-007,2024-08-28,315.4,283.9,347.0,moving_average
SKU-1000,WH-007,2024-08-29,315.4,283.9,347.0,moving_average
SKU-1000,WH-007,2024-08-30,315.4,283.9,347.0,moving_average
SKU-1000,WH-007,2024-08-31,315.4,283.9,347.0,moving_average
SKU-1000,WH-007,2024-09-01,315.4,283.9,347.0,moving_average
SKU-1000,WH-007,2024-09-02,315.4,283.9,347.0,moving_average
SKU-1000,WH-007,2024-09-03,315.4,283.9,347.0,moving_average
SKU-1000,WH-007,2024-09-04,315.4,283.9,347.0,moving_average
SKU-1000,WH-007,2024-09-05,315.4,283.9,347.0,moving_average
SKU-1000,WH-007,2024-09-06,315.4,283.9,347.0,moving_average
SKU-1000,WH-007,2024-09-07,315.4,283.9,347.0,moving_average
SKU-1000,WH-007,2024-09-08,315.4,283.9,347.0,moving_average
SKU-1000,WH-007,2024-09-09,315.4,283.9,347.0,moving_average
SKU-1000,WH-007,2024-09-10,315.4,283.9,347.0,moving_average
SKU-1000,WH-007,2024-09-11,315.4,283.9,347.0,moving_average
SKU-1000,WH-007,2024-09-12,315.4,283.9,347.0,moving_average
SKU-1000,WH-007,2024-09-13,315.4,283.9,347.0,moving_average
SKU-1000,WH-007,2024-09-14,315.4,283.9,347.0,moving_average
SKU-1000,WH-007,2024-09-15,315.4,283.9,347.0,moving_average
SKU-1000,WH-007,2024-09-16,315.4,283.9,347.0,moving_average
SKU-1000,WH-007,2024-09-17,315.4,283.9,347.0,moving_average
SKU-1000,WH-007,2024-09-18,315.4,283.9,347.0,moving_average
SKU-1000,WH-007,2024-09-19,315.4,283.9,347.0,moving_average
SKU-1000,WH-007,2024-09-20,315.4,283.9,347.0,moving_average
SKU-1000,WH-007,2024-09-21,315.4,283.9,347.0,moving_average
SKU-1000,WH-007,2024-09-22,315.4,283.9,347.0,moving_average
SKU-1000,WH-007,2024-09-23,315.4,283.9,347.0,moving_average
SKU-1000,WH-007,2024-09-24,315.4,283.9,347.0,moving_average
SKU-1000,WH-007,2024-09-25,315.4,283.9,347.0,moving_average
SKU-1000,WH-007,2024-09-26,315.4,283.9,347.0,moving_average
SKU-1001,WH-001,2024-06-29,304.5,243.6,365.4,xgboost
SKU-1001,WH-001,2024-06-30,350.1,280.1,420.2,xgboost
SKU-1001,WH-001,2024-07-01,377.1,301.7,452.5,xgboost
SKU-1001,WH-001,2024-07-02,398.2,318.6,477.9,xgboost
SKU-1001,WH-001,2024-07-03,352.6,282.1,423.1,xgboost
SKU-1001,WH-001,2024-07-04,405.9,324.7,487.1,xgboost
SKU-1001,WH-001,2024-07-05,407.2,325.8,488.7,xgboost
SKU-1001,WH-001,2024-07-06,342.8,274.2,411.3,xgboost
SKU-1001,WH-001,2024-07-07,295.6,236.5,354.7,xgboost
SKU-1001,WH-001,2024-07-08,307.2,245.8,368.7,xgboost
SKU-1001,WH-001,2024-07-09,382.4,305.9,458.8,xgboost
SKU-1001,WH-001,2024-07-10,349.5,279.6,419.4,xgboost
SKU-1001,WH-001,2024-07-11,412.9,330.3,495.5,xgboost
SKU-1001,WH-001,2024-07-12,360.8,288.7,433.0,xgboost
SKU-1001,WH-001,2024-07-13,512.9,410.3,615.5,xgboost
SKU-1001,WH-001,2024-07-14,405.2,324.1,486.2,xgboost
SKU-1001,WH-001,2024-07-15,453.7,363.0,544.5,xgboost
SKU-1001,WH-001,2024-07-16,511.0,408.8,613.2,xgboost
SKU-1001,WH-001,2024-07-17,416.1,332.9,499.3,xgboost
SKU-1001,WH-001,2024-07-18,456.4,365.1,547.7,xgboost
SKU-1001,WH-001,2024-07-19,476.8,381.4,572.2,xgboost
SKU-1001,WH-001,2024-07-20,478.0,382.4,573.6,xgboost
SKU-1001,WH-001,2024-07-21,448.9,359.1,538.7,xgboost
SKU-1001,WH-001,2024-07-22,425.8,340.7,511.0,xgboost
SKU-1001,WH-001,2024-07-23,380.6,304.5,456.7,xgboost
SKU-1001,WH-001,2024-07-24,440.9,352.7,529.1,xgboost
SKU-1001,WH-001,2024-07-25,424.0,339.2,508.8,xgboost
SKU-1001,WH-001,2024-07-26,382.6,306.1,459.2,xgboost
SKU-1001,WH-001,2024-07-27,444.0,355.2,532.8,xgboost
SKU-1001,WH-001,2024-07-28,422.0,337.6,506.4,xgboost
SKU-1001,WH-001,2024-07-29,433.5,346.8,520.2,xgboost
SKU-1001,WH-001,2024-07-30,480.5,384.4,576.6,xgboost
SKU-1001,WH-001,2024-07-31,490.9,392.8,589.1,xgboost
SKU-1001,WH-001,2024-08-01,484.2,387.4,581.1,xgboost
SKU-1001,WH-001,2024-08-02,375.0,300.0,450.0,xgboost
SKU-1001,WH-001,2024-08-03,355.5,284.4,426.6,xgboost
SKU-1001,WH-001,2024-08-04,370.4,296.4,444.5,xgboost
SKU-1001,WH-001,2024-08-05,302.7,242.1,363.2,xgboost
SKU-1001,WH-001,2024-08-06,359.0,287.2,430.8,xgboost
SKU-1001,WH-001,2024-08-07,496.2,397.0,595.4,xgboost
SKU-1001,WH-001,2024-08-08,393.4,314.7,472.1,xgboost
SKU-1001,WH-001,2024-08-09,345.5,276.4,414.6,xgboost
SKU-1001,WH-001,2024-08-10,346.1,276.9,415.4,xgboost
SKU-1001,WH-001,2024-08-11,229.7,183.8,275.7,xgboost
SKU-1001,WH-001,2024-08-12,296.5,237.2,355.8,xgboost
SKU-1001,WH-001,2024-08-13,397.6,318.1,477.2,xgboost
SKU-1001,WH-001,2024-08-14,244.7,195.7,293.6,xgboost
SKU-1001,WH-001,2024-08-15,412.5,330.0,495.0,xgboost
SKU-1001,WH-001,2024-08-16,256.2,205.0,307.5,xgboost
SKU-1001,WH-001,2024-08-17,247.4,197.9,296.8,xgboost
SKU-1001,WH-001,2024-08-18,261.8,209.4,314.2,xgboost
SKU-1001,WH-001,2024-08-19,390.5,312.4,468.6,xgboost
SKU-1001,WH-001,2024-08-20,569.1,455.3,683.0,xgboost
SKU-1001,WH-001,2024-08-21,476.5,381.2,571.8,xgboost
SKU-1001,WH-001,2024-08-22,394.7,315.7,473.6,xgboost
SKU-1001,WH-001,2024-08-23,380.6,304.5,456.7,xgboost
SKU-1001,WH-001,2024-08-24,580.5,464.4,696.6,xgboost
SKU-1001,WH-001,2024-08-25,421.7,337.3,506.0,xgboost
SKU-1001,WH-001,2024-08-26,454.8,363.8,545.7,xgboost
SKU-1001,WH-001,2024-08-27,354.4,283.5,425.3,xgboost
SKU-1001,WH-001,2024-08-28,398.9,319.1,478.7,xgboost
SKU-1001,WH-001,2024-08-29,497.4,397.9,596.9,xgboost
SKU-1001,WH-001,2024-08-30,472.5,378.0,567.0,xgboost
SKU-1001,WH-001,2024-08-31,538.1,430.5,645.8,xgboost
SKU-1001,WH-001,2024-09-01,474.3,379.4,569.1,xgboost
SKU-1001,WH-001,2024-09-02,381.3,305.1,457.6,xgboost
SKU-1001,WH-001,2024-09-03,320.1,256.1,384.1,xgboost
SKU-1001,WH-001,2024-09-04,483.5,386.8,580.3,xgboost
SKU-1001,WH-001,2024-09-05,338.3,270.6,405.9,xgboost
SKU-1001,WH-001,2024-09-06,443.2,354.6,531.9,xgboost
SKU-1001,WH-001,2024-09-07,506.3,405.0,607.5,xgboost
SKU-1001,WH-001,2024-09-08,429.3,343.5,515.2,xgboost
SKU-1001,WH-001,2024-09-09,435.5,348.4,522.6,xgboost
SKU-1001,WH-001,2024-09-10,347.2,277.7,416.6,xgboost
SKU-1001,WH-001,2024-09-11,471.9,377.5,566.2,xgboost
SKU-1001,WH-001,2024-09-12,499.1,399.3,598.9,xgboost
SKU-1001,WH-001,2024-09-13,376.0,300.8,451.2,xgboost
SKU-1001,WH-001,2024-09-14,328.0,262.4,393.6,xgboost
SKU-1001,WH-001,2024-09-15,410.0,328.0,492.0,xgboost
SKU-1001,WH-001,2024-09-16,376.0,300.8,451.2,xgboost
SKU-1001,WH-001,2024-09-17,423.9,339.1,508.6,xgboost
SKU-1001,WH-001,2024-09-18,317.7,254.2,381.3,xgboost
SKU-1001,WH-001,2024-09-19,335.6,268.5,402.7,xgboost
SKU-1001,WH-001,2024-09-20,400.1,320.0,480.1,xgboost
SKU-1001,WH-001,2024-09-21,337.3,269.9,404.8,xgboost
SKU-1001,WH-001,2024-09-22,262.3,209.8,314.8,xgboost
SKU-1001,WH-001,2024-09-23,295.0,236.0,354.0,xgboost
SKU-1001,WH-001,2024-09-24,296.7,237.3,356.0,xgboost
SKU-1001,WH-001,2024-09-25,386.8,309.4,464.2,xgboost
SKU-1001,WH-001,2024-09-26,392.2,313.7,470.6,xgboost
SKU-1001,WH-002,2024-06-29,414.7,373.2,456.1,moving_average
SKU-1001,WH-002,2024-06-30,414.7,373.2,456.1,moving_average
SKU-1001,WH-002,2024-07-01,414.7,373.2,456.1,moving_average
SKU-1001,WH-002,2024-07-02,414.7,373.2,456.1,moving_average
SKU-1001,WH-002,2024-07-03,414.7,373.2,456.1,moving_average
SKU-1001,WH-002,2024-07-04,414.7,373.2,456.1,moving_average
SKU-1001,WH-002,2024-07-05,414.7,373.2,456.1,moving_average
SKU-1001,WH-002,2024-07-06,414.7,373.2,456.1,moving_average
SKU-1001,WH-002,2024-07-07,414.7,373.2,456.1,moving_average
SKU-1001,WH-002,2024-07-08,414.7,373.2,456.1,moving_average
SKU-1001,WH-002,2024-07-09,414.7,373.2,456.1,moving_average
SKU-1001,WH-002,2024-07-10,414.7,373.2,456.1,moving_average
SKU-1001,WH-002,2024-07-11,414.7,373.2,456.1,moving_average
SKU-1001,WH-002,2024-07-12,414.7,373.2,456.1,moving_average
SKU-1001,WH-002,2024-07-13,414.7,373.2,456.1,moving_average
SKU-1001,WH-002,2024-07-14,414.7,373.2,456.1,moving_average
SKU-1001,WH-002,2024-07-15,414.7,373.2,456.1,moving_average
SKU-1001,WH-002,2024-07-16,414.7,373.2,456.1,moving_average
SKU-1001,WH-002,2024-07-17,414.7,373.2,456.1,moving_average
SKU-1001,WH-002,2024-07-18,414.7,373.2,456.1,moving_average
SKU-1001,WH-002,2024-07-19,414.7,373.2,456.1,moving_average
SKU-1001,WH-002,2024-07-20,414.7,373.2,456.1,moving_average
SKU-1001,WH-002,2024-07-21,414.7,373.2,456.1,moving_average
SKU-1001,WH-002,2024-07-22,414.7,373.2,456.1,moving_average
SKU-1001,WH-002,2024-07-23,414.7,373.2,456.1,moving_average
SKU-1001,WH-002,2024-07-24,414.7,373.2,456.1,moving_average
SKU-1001,WH-002,2024-07-25,414.7,373.2,456.1,moving_average
SKU-1001,WH-002,2024-07-26,414.7,373.2,456.1,moving_average
SKU-1001,WH-002,2024-07-27,414.7,373.2,456.1,moving_average
SKU-1001,WH-002,2024-07-28,414.7,373.2,456.1,moving_average
SKU-1001,WH-002,2024-07-29,414.7,373.2,456.1,moving_average
SKU-1001,WH-002,2024-07-30,414.7,373.2,456.1,moving_average
SKU-1001,WH-002,2024-07-31,414.7,373.2,456.1,moving_average
SKU-1001,WH-002,2024-08-01,414.7,373.2,456.1,moving_average
SKU-1001,WH-002,2024-08-02,414.7,373.2,456.1,moving_average
SKU-1001,WH-002,2024-08-03,414.7,373.2,456.1,moving_average
SKU-1001,WH-002,2024-08-04,414.7,373.2,456.1,moving_average
SKU-1001,WH-002,2024-08-05,414.7,373.2,456.1,moving_average
SKU-1001,WH-002,2024-08-06,414.7,373.2,456.1,moving_average
SKU-1001,WH-002,2024-08-07,414.7,373.2,456.1,moving_average
SKU-1001,WH-002,2024-08-08,414.7,373.2,456.1,moving_average
SKU-1001,WH-002,2024-08-09,414.7,373.2,456.1,moving_average
SKU-1001,WH-002,2024-08-10,414.7,373.2,456.1,moving_average
SKU-1001,WH-002,2024-08-11,414.7,373.2,456.1,moving_average
SKU-1001,WH-002,2024-08-12,414.7,373.2,456.1,moving_average
SKU-1001,WH-002,2024-08-13,414.7,373.2,456.1,moving_average
SKU-1001,WH-002,2024-08-14,414.7,373.2,456.1,moving_average
SKU-1001,WH-002,2024-08-15,414.7,373.2,456.1,moving_average
SKU-1001,WH-002,2024-08-16,414.7,373.2,456.1,moving_average
SKU-1001,WH-002,2024-08-17,414.7,373.2,456.1,moving_average
SKU-1001,WH-002,2024-08-18,414.7,373.2,456.1,moving_average
SKU-1001,WH-002,2024-08-19,414.7,373.2,456.1,moving_average
SKU-1001,WH-002,2024-08-20,414.7,373.2,456.1,moving_average
SKU-1001,WH-002,2024-08-21,414.7,373.2,456.1,moving_average
SKU-1001,WH-002,2024-08-22,414.7,373.2,456.1,moving_average
SKU-1001,WH-002,2024-08-23,414.7,373.2,456.1,moving_average
SKU-1001,WH-002,2024-08-24,414.7,373.2,456.1,moving_average
SKU-1001,WH-002,2024-08-25,414.7,373.2,456.1,moving_average
SKU-1001,WH-002,2024-08-26,414.7,373.2,456.1,moving_average
SKU-1001,WH-002,2024-08-27,414.7,373.2,456.1,moving_average
SKU-1001,WH-002,2024-08-28,414.7,373.2,456.1,moving_average
SKU-1001,WH-002,2024-08-29,414.7,373.2,456.1,moving_average
SKU-1001,WH-002,2024-08-30,414.7,373.2,456.1,moving_average
SKU-1001,WH-002,2024-08-31,414.7,373.2,456.1,moving_average
SKU-1001,WH-002,2024-09-01,414.7,373.2,456.1,moving_average
SKU-1001,WH-002,2024-09-02,414.7,373.2,456.1,moving_average
SKU-1001,WH-002,2024-09-03,414.7,373.2,456.1,moving_average
SKU-1001,WH-002,2024-09-04,414.7,373.2,456.1,moving_average
SKU-1001,WH-002,2024-09-05,414.7,373.2,456.1,moving_average
SKU-1001,WH-002,2024-09-06,414.7,373.2,456.1,moving_average
SKU-1001,WH-002,2024-09-07,414.7,373.2,456.1,moving_average
SKU-1001,WH-002,2024-09-08,414.7,373.2,456.1,moving_average
SKU-1001,WH-002,2024-09-09,414.7,373.2,456.1,moving_average
SKU-1001,WH-002,2024-09-10,414.7,373.2,456.1,moving_average
SKU-1001,WH-002,2024-09-11,414.7,373.2,456.1,moving_average
SKU-1001,WH-002,2024-09-12,414.7,373.2,456.1,moving_average
SKU-1001,WH-002,2024-09-13,414.7,373.2,456.1,moving_average
SKU-1001,WH-002,2024-09-14,414.7,373.2,456.1,moving_average
SKU-1001,WH-002,2024-09-15,414.7,373.2,456.1,moving_average
SKU-1001,WH-002,2024-09-16,414.7,373.2,456.1,moving_average
SKU-1001,WH-002,2024-09-17,414.7,373.2,456.1,moving_average
SKU-1001,WH-002,2024-09-18,414.7,373.2,456.1,moving_average
SKU-1001,WH-002,2024-09-19,414.7,373.2,456.1,moving_average
SKU-1001,WH-002,2024-09-20,414.7,373.2,456.1,moving_average
SKU-1001,WH-002,2024-09-21,414.7,373.2,456.1,moving_average
SKU-1001,WH-002,2024-09-22,414.7,373.2,456.1,moving_average
SKU-1001,WH-002,2024-09-23,414.7,373.2,456.1,moving_average
SKU-1001,WH-002,2024-09-24,414.7,373.2,456.1,moving_average
SKU-1001,WH-002,2024-09-25,414.7,373.2,456.1,moving_average
SKU-1001,WH-002,2024-09-26,414.7,373.2,456.1,moving_average
SKU-1001,WH-003,2024-06-29,430.8,387.7,473.9,moving_average
SKU-1001,WH-003,2024-06-30,430.8,387.7,473.9,moving_average
SKU-1001,WH-003,2024-07-01,430.8,387.7,473.9,moving_average
SKU-1001,WH-003,2024-07-02,430.8,387.7,473.9,moving_average
SKU-1001,WH-003,2024-07-03,430.8,387.7,473.9,moving_average
SKU-1001,WH-003,2024-07-04,430.8,387.7,473.9,moving_average
SKU-1001,WH-003,2024-07-05,430.8,387.7,473.9,moving_average
SKU-1001,WH-003,2024-07-06,430.8,387.7,473.9,moving_average
SKU-1001,WH-003,2024-07-07,430.8,387.7,473.9,moving_average
SKU-1001,WH-003,2024-07-08,430.8,387.7,473.9,moving_average
SKU-1001,WH-003,2024-07-09,430.8,387.7,473.9,moving_average
SKU-1001,WH-003,2024-07-10,430.8,387.7,473.9,moving_average
SKU-1001,WH-003,2024-07-11,430.8,387.7,473.9,moving_average
SKU-1001,WH-003,2024-07-12,430.8,387.7,473.9,moving_average
SKU-1001,WH-003,2024-07-13,430.8,387.7,473.9,moving_average
SKU-1001,WH-003,2024-07-14,430.8,387.7,473.9,moving_average
SKU-1001,WH-003,2024-07-15,430.8,387.7,473.9,moving_average
SKU-1001,WH-003,2024-07-16,430.8,387.7,473.9,moving_average
SKU-1001,WH-003,2024-07-17,430.8,387.7,473.9,moving_average
SKU-1001,WH-003,2024-07-18,430.8,387.7,473.9,moving_average
SKU-1001,WH-003,2024-07-19,430.8,387.7,473.9,moving_average
SKU-1001,WH-003,2024-07-20,430.8,387.7,473.9,moving_average
SKU-1001,WH-003,2024-07-21,430.8,387.7,473.9,moving_average
SKU-1001,WH-003,2024-07-22,430.8,387.7,473.9,moving_average
SKU-1001,WH-003,2024-07-23,430.8,387.7,473.9,moving_average
SKU-1001,WH-003,2024-07-24,430.8,387.7,473.9,moving_average
SKU-1001,WH-003,2024-07-25,430.8,387.7,473.9,moving_average
SKU-1001,WH-003,2024-07-26,430.8,387.7,473.9,moving_average
SKU-1001,WH-003,2024-07-27,430.8,387.7,473.9,moving_average
SKU-1001,WH-003,2024-07-28,430.8,387.7,473.9,moving_average
SKU-1001,WH-003,2024-07-29,430.8,387.7,473.9,moving_average
SKU-1001,WH-003,2024-07-30,430.8,387.7,473.9,moving_average
SKU-1001,WH-003,2024-07-31,430.8,387.7,473.9,moving_average
SKU-1001,WH-003,2024-08-01,430.8,387.7,473.9,moving_average
SKU-1001,WH-003,2024-08-02,430.8,387.7,473.9,moving_average
SKU-1001,WH-003,2024-08-03,430.8,387.7,473.9,moving_average
SKU-1001,WH-003,2024-08-04,430.8,387.7,473.9,moving_average
SKU-1001,WH-003,2024-08-05,430.8,387.7,473.9,moving_average
SKU-1001,WH-003,2024-08-06,430.8,387.7,473.9,moving_average
SKU-1001,WH-003,2024-08-07,430.8,387.7,473.9,moving_average
SKU-1001,WH-003,2024-08-08,430.8,387.7,473.9,moving_average
SKU-1001,WH-003,2024-08-09,430.8,387.7,473.9,moving_average
SKU-1001,WH-003,2024-08-10,430.8,387.7,473.9,moving_average
SKU-1001,WH-003,2024-08-11,430.8,387.7,473.9,moving_average
SKU-1001,WH-003,2024-08-12,430.8,387.7,473.9,moving_average
SKU-1001,WH-003,2024-08-13,430.8,387.7,473.9,moving_average
SKU-1001,WH-003,2024-08-14,430.8,387.7,473.9,moving_average
SKU-1001,WH-003,2024-08-15,430.8,387.7,473.9,moving_average
SKU-1001,WH-003,2024-08-16,430.8,387.7,473.9,moving_average
SKU-1001,WH-003,2024-08-17,430.8,387.7,473.9,moving_average
SKU-1001,WH-003,2024-08-18,430.8,387.7,473.9,moving_average
SKU-1001,WH-003,2024-08-19,430.8,387.7,473.9,moving_average
SKU-1001,WH-003,2024-08-20,430.8,387.7,473.9,moving_average
SKU-1001,WH-003,2024-08-21,430.8,387.7,473.9,moving_average
SKU-1001,WH-003,2024-08-22,430.8,387.7,473.9,moving_average
SKU-1001,WH-003,2024-08-23,430.8,387.7,473.9,moving_average
SKU-1001,WH-003,2024-08-24,430.8,387.7,473.9,moving_average
SKU-1001,WH-003,2024-08-25,430.8,387.7,473.9,moving_average
SKU-1001,WH-003,2024-08-26,430.8,387.7,473.9,moving_average
SKU-1001,WH-003,2024-08-27,430.8,387.7,473.9,moving_average
SKU-1001,WH-003,2024-08-28,430.8,387.7,473.9,moving_average
SKU-1001,WH-003,2024-08-29,430.8,387.7,473.9,moving_average
SKU-1001,WH-003,2024-08-30,430.8,387.7,473.9,moving_average
SKU-1001,WH-003,2024-08-31,430.8,387.7,473.9,moving_average
SKU-1001,WH-003,2024-09-01,430.8,387.7,473.9,moving_average
SKU-1001,WH-003,2024-09-02,430.8,387.7,473.9,moving_average
SKU-1001,WH-003,2024-09-03,430.8,387.7,473.9,moving_average
SKU-1001,WH-003,2024-09-04,430.8,387.7,473.9,moving_average
SKU-1001,WH-003,2024-09-05,430.8,387.7,473.9,moving_average
SKU-1001,WH-003,2024-09-06,430.8,387.7,473.9,moving_average
SKU-1001,WH-003,2024-09-07,430.8,387.7,473.9,moving_average
SKU-1001,WH-003,2024-09-08,430.8,387.7,473.9,moving_average
SKU-1001,WH-003,2024-09-09,430.8,387.7,473.9,moving_average
SKU-1001,WH-003,2024-09-10,430.8,387.7,473.9,moving_average
SKU-1001,WH-003,2024-09-11,430.8,387.7,473.9,moving_average
SKU-1001,WH-003,2024-09-12,430.8,387.7,473.9,moving_average
SKU-1001,WH-003,2024-09-13,430.8,387.7,473.9,moving_average
SKU-1001,WH-003,2024-09-14,430.8,387.7,473.9,moving_average
SKU-1001,WH-003,2024-09-15,430.8,387.7,473.9,moving_average
SKU-1001,WH-003,2024-09-16,430.8,387.7,473.9,moving_average
SKU-1001,WH-003,2024-09-17,430.8,387.7,473.9,moving_average
SKU-1001,WH-003,2024-09-18,430.8,387.7,473.9,moving_average
SKU-1001,WH-003,2024-09-19,430.8,387.7,473.9,moving_average
SKU-1001,WH-003,2024-09-20,430.8,387.7,473.9,moving_average
SKU-1001,WH-003,2024-09-21,430.8,387.7,473.9,moving_average
SKU-1001,WH-003,2024-09-22,430.8,387.7,473.9,moving_average
SKU-1001,WH-003,2024-09-23,430.8,387.7,473.9,moving_average
SKU-1001,WH-003,2024-09-24,430.8,387.7,473.9,moving_average
SKU-1001,WH-003,2024-09-25,430.8,387.7,473.9,moving_average
SKU-1001,WH-003,2024-09-26,430.8,387.7,473.9,moving_average
SKU-1001,WH-004,2024-06-29,478.2,430.4,526.0,moving_average
SKU-1001,WH-004,2024-06-30,478.2,430.4,526.0,moving_average
SKU-1001,WH-004,2024-07-01,478.2,430.4,526.0,moving_average
SKU-1001,WH-004,2024-07-02,478.2,430.4,526.0,moving_average
SKU-1001,WH-004,2024-07-03,478.2,430.4,526.0,moving_average
SKU-1001,WH-004,2024-07-04,478.2,430.4,526.0,moving_average
SKU-1001,WH-004,2024-07-05,478.2,430.4,526.0,moving_average
SKU-1001,WH-004,2024-07-06,478.2,430.4,526.0,moving_average
SKU-1001,WH-004,2024-07-07,478.2,430.4,526.0,moving_average
SKU-1001,WH-004,2024-07-08,478.2,430.4,526.0,moving_average
SKU-1001,WH-004,2024-07-09,478.2,430.4,526.0,moving_average
SKU-1001,WH-004,2024-07-10,478.2,430.4,526.0,moving_average
SKU-1001,WH-004,2024-07-11,478.2,430.4,526.0,moving_average
SKU-1001,WH-004,2024-07-12,478.2,430.4,526.0,moving_average
SKU-1001,WH-004,2024-07-13,478.2,430.4,526.0,moving_average
SKU-1001,WH-004,2024-07-14,478.2,430.4,526.0,moving_average
SKU-1001,WH-004,2024-07-15,478.2,430.4,526.0,moving_average
SKU-1001,WH-004,2024-07-16,478.2,430.4,526.0,moving_average
SKU-1001,WH-004,2024-07-17,478.2,430.4,526.0,moving_average
SKU-1001,WH-004,2024-07-18,478.2,430.4,526.0,moving_average
SKU-1001,WH-004,2024-07-19,478.2,430.4,526.0,moving_average
SKU-1001,WH-004,2024-07-20,478.2,430.4,526.0,moving_average
SKU-1001,WH-004,2024-07-21,478.2,430.4,526.0,moving_average
SKU-1001,WH-004,2024-07-22,478.2,430.4,526.0,moving_average
SKU-1001,WH-004,2024-07-23,478.2,430.4,526.0,moving_average
SKU-1001,WH-004,2024-07-24,478.2,430.4,526.0,moving_average
SKU-1001,WH-004,2024-07-25,478.2,430.4,526.0,moving_average
SKU-1001,WH-004,2024-07-26,478.2,430.4,526.0,moving_average
SKU-1001,WH-004,2024-07-27,478.2,430.4,526.0,moving_average
SKU-1001,WH-004,2024-07-28,478.2,430.4,526.0,moving_average
SKU-1001,WH-004,2024-07-29,478.2,430.4,526.0,moving_average
SKU-1001,WH-004,2024-07-30,478.2,430.4,526.0,moving_average
SKU-1001,WH-004,2024-07-31,478.2,430.4,526.0,moving_average
SKU-1001,WH-004,2024-08-01,478.2,430.4,526.0,moving_average
SKU-1001,WH-004,2024-08-02,478.2,430.4,526.0,moving_average
SKU-1001,WH-004,2024-08-03,478.2,430.4,526.0,moving_average
SKU-1001,WH-004,2024-08-04,478.2,430.4,526.0,moving_average
SKU-1001,WH-004,2024-08-05,478.2,430.4,526.0,moving_average
SKU-1001,WH-004,2024-08-06,478.2,430.4,526.0,moving_average
SKU-1001,WH-004,2024-08-07,478.2,430.4,526.0,moving_average
SKU-1001,WH-004,2024-08-08,478.2,430.4,526.0,moving_average
SKU-1001,WH-004,2024-08-09,478.2,430.4,526.0,moving_average
SKU-1001,WH-004,2024-08-10,478.2,430.4,526.0,moving_average
SKU-1001,WH-004,2024-08-11,478.2,430.4,526.0,moving_average
SKU-1001,WH-004,2024-08-12,478.2,430.4,526.0,moving_average
SKU-1001,WH-004,2024-08-13,478.2,430.4,526.0,moving_average
SKU-1001,WH-004,2024-08-14,478.2,430.4,526.0,moving_average
SKU-1001,WH-004,2024-08-15,478.2,430.4,526.0,moving_average
SKU-1001,WH-004,2024-08-16,478.2,430.4,526.0,moving_average
SKU-1001,WH-004,2024-08-17,478.2,430.4,526.0,moving_average
SKU-1001,WH-004,2024-08-18,478.2,430.4,526.0,moving_average
SKU-1001,WH-004,2024-08-19,478.2,430.4,526.0,moving_average
SKU-1001,WH-004,2024-08-20,478.2,430.4,526.0,moving_average
SKU-1001,WH-004,2024-08-21,478.2,430.4,526.0,moving_average
SKU-1001,WH-004,2024-08-22,478.2,430.4,526.0,moving_average
SKU-1001,WH-004,2024-08-23,478.2,430.4,526.0,moving_average
SKU-1001,WH-004,2024-08-24,478.2,430.4,526.0,moving_average
SKU-1001,WH-004,2024-08-25,478.2,430.4,526.0,moving_average
SKU-1001,WH-004,2024-08-26,478.2,430.4,526.0,moving_average
SKU-1001,WH-004,2024-08-27,478.2,430.4,526.0,moving_average
SKU-1001,WH-004,2024-08-28,478.2,430.4,526.0,moving_average
SKU-1001,WH-004,2024-08-29,478.2,430.4,526.0,moving_average
SKU-1001,WH-004,2024-08-30,478.2,430.4,526.0,moving_average
SKU-1001,WH-004,2024-08-31,478.2,430.4,526.0,moving_average
SKU-1001,WH-004,2024-09-01,478.2,430.4,526.0,moving_average
SKU-1001,WH-004,2024-09-02,478.2,430.4,526.0,moving_average
SKU-1001,WH-004,2024-09-03,478.2,430.4,526.0,moving_average
SKU-1001,WH-004,2024-09-04,478.2,430.4,526.0,moving_average
SKU-1001,WH-004,2024-09-05,478.2,430.4,526.0,moving_average
SKU-1001,WH-004,2024-09-06,478.2,430.4,526.0,moving_average
SKU-1001,WH-004,2024-09-07,478.2,430.4,526.0,moving_average
SKU-1001,WH-004,2024-09-08,478.2,430.4,526.0,moving_average
SKU-1001,WH-004,2024-09-09,478.2,430.4,526.0,moving_average
SKU-1001,WH-004,2024-09-10,478.2,430.4,526.0,moving_average
SKU-1001,WH-004,2024-09-11,478.2,430.4,526.0,moving_average
SKU-1001,WH-004,2024-09-12,478.2,430.4,526.0,moving_average
SKU-1001,WH-004,2024-09-13,478.2,430.4,526.0,moving_average
SKU-1001,WH-004,2024-09-14,478.2,430.4,526.0,moving_average
SKU-1001,WH-004,2024-09-15,478.2,430.4,526.0,moving_average
SKU-1001,WH-004,2024-09-16,478.2,430.4,526.0,moving_average
SKU-1001,WH-004,2024-09-17,478.2,430.4,526.0,moving_average
SKU-1001,WH-004,2024-09-18,478.2,430.4,526.0,moving_average
SKU-1001,WH-004,2024-09-19,478.2,430.4,526.0,moving_average
SKU-1001,WH-004,2024-09-20,478.2,430.4,526.0,moving_average
SKU-1001,WH-004,2024-09-21,478.2,430.4,526.0,moving_average
SKU-1001,WH-004,2024-09-22,478.2,430.4,526.0,moving_average
SKU-1001,WH-004,2024-09-23,478.2,430.4,526.0,moving_average
SKU-1001,WH-004,2024-09-24,478.2,430.4,526.0,moving_average
SKU-1001,WH-004,2024-09-25,478.2,430.4,526.0,moving_average
SKU-1001,WH-004,2024-09-26,478.2,430.4,526.0,moving_average
SKU-1001,WH-005,2024-06-29,298.0,238.4,357.6,xgboost
SKU-1001,WH-005,2024-06-30,364.2,291.4,437.1,xgboost
SKU-1001,WH-005,2024-07-01,315.0,252.0,377.9,xgboost
SKU-1001,WH-005,2024-07-02,358.0,286.4,429.6,xgboost
SKU-1001,WH-005,2024-07-03,462.0,369.6,554.4,xgboost
SKU-1001,WH-005,2024-07-04,446.1,356.8,535.3,xgboost
SKU-1001,WH-005,2024-07-05,410.7,328.6,492.9,xgboost
SKU-1001,WH-005,2024-07-06,498.7,399.0,598.5,xgboost
SKU-1001,WH-005,2024-07-07,498.4,398.7,598.1,xgboost
SKU-1001,WH-005,2024-07-08,466.0,372.8,559.2,xgboost
SKU-1001,WH-005,2024-07-09,382.6,306.1,459.2,xgboost
SKU-1001,WH-005,2024-07-10,518.0,414.4,621.6,xgboost
SKU-1001,WH-005,2024-07-11,417.7,334.2,501.3,xgboost
SKU-1001,WH-005,2024-07-12,555.5,444.4,666.6,xgboost
SKU-1001,WH-005,2024-07-13,539.0,431.2,646.7,xgboost
SKU-1001,WH-005,2024-07-14,463.9,371.1,556.6,xgboost
SKU-1001,WH-005,2024-07-15,419.8,335.9,503.8,xgboost
SKU-1001,WH-005,2024-07-16,413.3,330.6,496.0,xgboost
SKU-1001,WH-005,2024-07-17,464.0,371.2,556.8,xgboost
SKU-1001,WH-005,2024-07-18,393.2,314.5,471.8,xgboost
SKU-1001,WH-005,2024-07-19,397.7,318.2,477.3,xgboost
SKU-1001,WH-005,2024-07-20,391.7,313.4,470.0,xgboost
SKU-1001,WH-005,2024-07-21,425.0,340.0,510.0,xgboost
SKU-1001,WH-005,2024-07-22,413.5,330.8,496.2,xgboost
SKU-1001,WH-005,2024-07-23,474.7,379.8,569.6,xgboost
SKU-1001,WH-005,2024-07-24,483.5,386.8,580.2,xgboost
SKU-1001,WH-005,2024-07-25,392.2,313.7,470.6,xgboost
SKU-1001,WH-005,2024-07-26,514.1,411.3,616.9,xgboost
SKU-1001,WH-005,2024-07-27,529.3,423.4,635.1,xgboost
SKU-1001,WH-005,2024-07-28,396.1,316.9,475.3,xgboost
SKU-1001,WH-005,2024-07-29,449.3,359.4,539.1,xgboost
SKU-1001,WH-005,2024-07-30,423.0,338.4,507.6,xgboost
SKU-1001,WH-005,2024-07-31,351.3,281.0,421.6,xgboost
SKU-1001,WH-005,2024-08-01,358.4,286.7,430.1,xgboost
SKU-1001,WH-005,2024-08-02,451.8,361.5,542.2,xgboost
SKU-1001,WH-005,2024-08-03,392.9,314.3,471.5,xgboost
SKU-1001,WH-005,2024-08-04,393.7,314.9,472.4,xgboost
SKU-1001,WH-005,2024-08-05,423.2,338.5,507.8,xgboost
SKU-1001,WH-005,2024-08-06,424.2,339.3,509.0,xgboost
SKU-1001,WH-005,2024-08-07,435.8,348.7,523.0,xgboost
SKU-1001,WH-005,2024-08-08,407.9,326.3,489.5,xgboost
SKU-1001,WH-005,2024-08-09,459.1,367.2,550.9,xgboost
SKU-1001,WH-005,2024-08-10,395.4,316.3,474.4,xgboost
SKU-1001,WH-005,2024-08-11,431.3,345.0,517.5,xgboost
SKU-1001,WH-005,2024-08-12,512.0,409.6,614.4,xgboost
SKU-1001,WH-005,2024-08-13,475.5,380.4,570.6,xgboost
SKU-1001,WH-005,2024-08-14,454.9,363.9,545.9,xgboost
SKU-1001,WH-005,2024-08-15,481.9,385.5,578.3,xgboost
SKU-1001,WH-005,2024-08-16,462.8,370.2,555.4,xgboost
SKU-1001,WH-005,2024-08-17,445.6,356.5,534.8,xgboost
SKU-1001,WH-005,2024-08-18,460.7,368.5,552.8,xgboost
SKU-1001,WH-005,2024-08-19,476.2,381.0,571.5,xgboost
SKU-1001,WH-005,2024-08-20,359.3,287.5,431.2,xgboost
SKU-1001,WH-005,2024-08-21,391.0,312.8,469.1,xgboost
SKU-1001,WH-005,2024-08-22,400.5,320.4,480.6,xgboost
SKU-1001,WH-005,2024-08-23,392.2,313.7,470.6,xgboost
SKU-1001,WH-005,2024-08-24,366.6,293.3,440.0,xgboost
SKU-1001,WH-005,2024-08-25,486.6,389.3,583.9,xgboost
SKU-1001,WH-005,2024-08-26,493.7,395.0,592.5,xgboost
SKU-1001,WH-005,2024-08-27,421.4,337.1,505.6,xgboost
SKU-1001,WH-005,2024-08-28,480.6,384.5,576.7,xgboost
SKU-1001,WH-005,2024-08-29,443.0,354.4,531.6,xgboost
SKU-1001,WH-005,2024-08-30,385.2,308.1,462.2,xgboost
SKU-1001,WH-005,2024-08-31,417.5,334.0,501.0,xgboost
SKU-1001,WH-005,2024-09-01,403.4,322.7,484.1,xgboost
SKU-1001,WH-005,2024-09-02,526.8,421.4,632.2,xgboost
SKU-1001,WH-005,2024-09-03,493.0,394.4,591.6,xgboost
SKU-1001,WH-005,2024-09-04,576.9,461.5,692.3,xgboost
SKU-1001,WH-005,2024-09-05,533.1,426.5,639.7,xgboost
SKU-1001,WH-005,2024-09-06,606.6,485.3,727.9,xgboost
SKU-1001,WH-005,2024-09-07,679.6,543.7,815.5,xgboost
SKU-1001,WH-005,2024-09-08,658.2,526.6,789.8,xgboost
SKU-1001,WH-005,2024-09-09,598.4,478.7,718.1,xgboost
SKU-1001,WH-005,2024-09-10,520.0,416.0,624.0,xgboost
SKU-1001,WH-005,2024-09-11,624.1,499.3,748.9,xgboost
SKU-1001,WH-005,2024-09-12,613.2,490.5,735.8,xgboost
SKU-1001,WH-005,2024-09-13,633.6,506.9,760.3,xgboost
SKU-1001,WH-005,2024-09-14,705.1,564.0,846.1,xgboost
SKU-1001,WH-005,2024-09-15,496.6,397.3,596.0,xgboost
SKU-1001,WH-005,2024-09-16,453.0,362.4,543.6,xgboost
SKU-1001,WH-005,2024-09-17,447.1,357.6,536.5,xgboost
SKU-1001,WH-005,2024-09-18,477.7,382.2,573.3,xgboost
SKU-1001,WH-005,2024-09-19,453.3,362.6,543.9,xgboost
SKU-1001,WH-005,2024-09-20,427.0,341.6,512.4,xgboost
SKU-1001,WH-005,2024-09-21,383.4,306.7,460.1,xgboost
SKU-1001,WH-005,2024-09-22,384.5,307.6,461.4,xgboost
SKU-1001,WH-005,2024-09-23,359.7,287.8,431.7,xgboost
SKU-1001,WH-005,2024-09-24,402.4,321.9,482.8,xgboost
SKU-1001,WH-005,2024-09-25,477.9,382.3,573.5,xgboost
SKU-1001,WH-005,2024-09-26,383.0,306.4,459.6,xgboost
SKU-1001,WH-006,2024-06-29,453.1,407.8,498.5,moving_average
SKU-1001,WH-006,2024-06-30,453.1,407.8,498.5,moving_average
SKU-1001,WH-006,2024-07-01,453.1,407.8,498.5,moving_average
SKU-1001,WH-006,2024-07-02,453.1,407.8,498.5,moving_average
SKU-1001,WH-006,2024-07-03,453.1,407.8,498.5,moving_average
SKU-1001,WH-006,2024-07-04,453.1,407.8,498.5,moving_average
SKU-1001,WH-006,2024-07-05,453.1,407.8,498.5,moving_average
SKU-1001,WH-006,2024-07-06,453.1,407.8,498.5,moving_average
SKU-1001,WH-006,2024-07-07,453.1,407.8,498.5,moving_average
SKU-1001,WH-006,2024-07-08,453.1,407.8,498.5,moving_average
SKU-1001,WH-006,2024-07-09,453.1,407.8,498.5,moving_average
SKU-1001,WH-006,2024-07-10,453.1,407.8,498.5,moving_average
SKU-1001,WH-006,2024-07-11,453.1,407.8,498.5,moving_average
SKU-1001,WH-006,2024-07-12,453.1,407.8,498.5,moving_average
SKU-1001,WH-006,2024-07-13,453.1,407.8,498.5,moving_average
SKU-1001,WH-006,2024-07-14,453.1,407.8,498.5,moving_average
SKU-1001,WH-006,2024-07-15,453.1,407.8,498.5,moving_average
SKU-1001,WH-006,2024-07-16,453.1,407.8,498.5,moving_average
SKU-1001,WH-006,2024-07-17,453.1,407.8,498.5,moving_average
SKU-1001,WH-006,2024-07-18,453.1,407.8,498.5,moving_average
SKU-1001,WH-006,2024-07-19,453.1,407.8,498.5,moving_average
SKU-1001,WH-006,2024-07-20,453.1,407.8,498.5,moving_average
SKU-1001,WH-006,2024-07-21,453.1,407.8,498.5,moving_average
SKU-1001,WH-006,2024-07-22,453.1,407.8,498.5,moving_average
SKU-1001,WH-006,2024-07-23,453.1,407.8,498.5,moving_average
SKU-1001,WH-006,2024-07-24,453.1,407.8,498.5,moving_average
SKU-1001,WH-006,2024-07-25,453.1,407.8,498.5,moving_average
SKU-1001,WH-006,2024-07-26,453.1,407.8,498.5,moving_average
SKU-1001,WH-006,2024-07-27,453.1,407.8,498.5,moving_average
SKU-1001,WH-006,2024-07-28,453.1,407.8,498.5,moving_average
SKU-1001,WH-006,2024-07-29,453.1,407.8,498.5,moving_average
SKU-1001,WH-006,2024-07-30,453.1,407.8,498.5,moving_average
SKU-1001,WH-006,2024-07-31,453.1,407.8,498.5,moving_average
SKU-1001,WH-006,2024-08-01,453.1,407.8,498.5,moving_average
SKU-1001,WH-006,2024-08-02,453.1,407.8,498.5,moving_average
SKU-1001,WH-006,2024-08-03,453.1,407.8,498.5,moving_average
SKU-1001,WH-006,2024-08-04,453.1,407.8,498.5,moving_average
SKU-1001,WH-006,2024-08-05,453.1,407.8,498.5,moving_average
SKU-1001,WH-006,2024-08-06,453.1,407.8,498.5,moving_average
SKU-1001,WH-006,2024-08-07,453.1,407.8,498.5,moving_average
SKU-1001,WH-006,2024-08-08,453.1,407.8,498.5,moving_average
SKU-1001,WH-006,2024-08-09,453.1,407.8,498.5,moving_average
SKU-1001,WH-006,2024-08-10,453.1,407.8,498.5,moving_average
SKU-1001,WH-006,2024-08-11,453.1,407.8,498.5,moving_average
SKU-1001,WH-006,2024-08-12,453.1,407.8,498.5,moving_average
SKU-1001,WH-006,2024-08-13,453.1,407.8,498.5,moving_average
SKU-1001,WH-006,2024-08-14,453.1,407.8,498.5,moving_average
SKU-1001,WH-006,2024-08-15,453.1,407.8,498.5,moving_average
SKU-1001,WH-006,2024-08-16,453.1,407.8,498.5,moving_average
SKU-1001,WH-006,2024-08-17,453.1,407.8,498.5,moving_average
SKU-1001,WH-006,2024-08-18,453.1,407.8,498.5,moving_average
SKU-1001,WH-006,2024-08-19,453.1,407.8,498.5,moving_average
SKU-1001,WH-006,2024-08-20,453.1,407.8,498.5,moving_average
SKU-1001,WH-006,2024-08-21,453.1,407.8,498.5,moving_average
SKU-1001,WH-006,2024-08-22,453.1,407.8,498.5,moving_average
SKU-1001,WH-006,2024-08-23,453.1,407.8,498.5,moving_average
SKU-1001,WH-006,2024-08-24,453.1,407.8,498.5,moving_average
SKU-1001,WH-006,2024-08-25,453.1,407.8,498.5,moving_average
SKU-1001,WH-006,2024-08-26,453.1,407.8,498.5,moving_average
SKU-1001,WH-006,2024-08-27,453.1,407.8,498.5,moving_average
SKU-1001,WH-006,2024-08-28,453.1,407.8,498.5,moving_average
SKU-1001,WH-006,2024-08-29,453.1,407.8,498.5,moving_average
SKU-1001,WH-006,2024-08-30,453.1,407.8,498.5,moving_average
SKU-1001,WH-006,2024-08-31,453.1,407.8,498.5,moving_average
SKU-1001,WH-006,2024-09-01,453.1,407.8,498.5,moving_average
SKU-1001,WH-006,2024-09-02,453.1,407.8,498.5,moving_average
SKU-1001,WH-006,2024-09-03,453.1,407.8,498.5,moving_average
SKU-1001,WH-006,2024-09-04,453.1,407.8,498.5,moving_average
SKU-1001,WH-006,2024-09-05,453.1,407.8,498.5,moving_average
SKU-1001,WH-006,2024-09-06,453.1,407.8,498.5,moving_average
SKU-1001,WH-006,2024-09-07,453.1,407.8,498.5,moving_average
SKU-1001,WH-006,2024-09-08,453.1,407.8,498.5,moving_average
SKU-1001,WH-006,2024-09-09,453.1,407.8,498.5,moving_average
SKU-1001,WH-006,2024-09-10,453.1,407.8,498.5,moving_average
SKU-1001,WH-006,2024-09-11,453.1,407.8,498.5,moving_average
SKU-1001,WH-006,2024-09-12,453.1,407.8,498.5,moving_average
SKU-1001,WH-006,2024-09-13,453.1,407.8,498.5,moving_average
SKU-1001,WH-006,2024-09-14,453.1,407.8,498.5,moving_average
SKU-1001,WH-006,2024-09-15,453.1,407.8,498.5,moving_average
SKU-1001,WH-006,2024-09-16,453.1,407.8,498.5,moving_average
SKU-1001,WH-006,2024-09-17,453.1,407.8,498.5,moving_average
SKU-1001,WH-006,2024-09-18,453.1,407.8,498.5,moving_average
SKU-1001,WH-006,2024-09-19,453.1,407.8,498.5,moving_average
SKU-1001,WH-006,2024-09-20,453.1,407.8,498.5,moving_average
SKU-1001,WH-006,2024-09-21,453.1,407.8,498.5,moving_average
SKU-1001,WH-006,2024-09-22,453.1,407.8,498.5,moving_average
SKU-1001,WH-006,2024-09-23,453.1,407.8,498.5,moving_average
SKU-1001,WH-006,2024-09-24,453.1,407.8,498.5,moving_average
SKU-1001,WH-006,2024-09-25,453.1,407.8,498.5,moving_average
SKU-1001,WH-006,2024-09-26,453.1,407.8,498.5,moving_average
SKU-1001,WH-007,2024-06-29,431.7,388.5,474.8,moving_average
SKU-1001,WH-007,2024-06-30,431.7,388.5,474.8,moving_average
SKU-1001,WH-007,2024-07-01,431.7,388.5,474.8,moving_average
SKU-1001,WH-007,2024-07-02,431.7,388.5,474.8,moving_average
SKU-1001,WH-007,2024-07-03,431.7,388.5,474.8,moving_average
SKU-1001,WH-007,2024-07-04,431.7,388.5,474.8,moving_average
SKU-1001,WH-007,2024-07-05,431.7,388.5,474.8,moving_average
SKU-1001,WH-007,2024-07-06,431.7,388.5,474.8,moving_average
SKU-1001,WH-007,2024-07-07,431.7,388.5,474.8,moving_average
SKU-1001,WH-007,2024-07-08,431.7,388.5,474.8,moving_average
SKU-1001,WH-007,2024-07-09,431.7,388.5,474.8,moving_average
SKU-1001,WH-007,2024-07-10,431.7,388.5,474.8,moving_average
SKU-1001,WH-007,2024-07-11,431.7,388.5,474.8,moving_average
SKU-1001,WH-007,2024-07-12,431.7,388.5,474.8,moving_average
SKU-1001,WH-007,2024-07-13,431.7,388.5,474.8,moving_average
SKU-1001,WH-007,2024-07-14,431.7,388.5,474.8,moving_average
SKU-1001,WH-007,2024-07-15,431.7,388.5,474.8,moving_average
SKU-1001,WH-007,2024-07-16,431.7,388.5,474.8,moving_average
SKU-1001,WH-007,2024-07-17,431.7,388.5,474.8,moving_average
SKU-1001,WH-007,2024-07-18,431.7,388.5,474.8,moving_average
SKU-1001,WH-007,2024-07-19,431.7,388.5,474.8,moving_average
SKU-1001,WH-007,2024-07-20,431.7,388.5,474.8,moving_average
SKU-1001,WH-007,2024-07-21,431.7,388.5,474.8,moving_average
SKU-1001,WH-007,2024-07-22,431.7,388.5,474.8,moving_average
SKU-1001,WH-007,2024-07-23,431.7,388.5,474.8,moving_average
SKU-1001,WH-007,2024-07-24,431.7,388.5,474.8,moving_average
SKU-1001,WH-007,2024-07-25,431.7,388.5,474.8,moving_average
SKU-1001,WH-007,2024-07-26,431.7,388.5,474.8,moving_average
SKU-1001,WH-007,2024-07-27,431.7,388.5,474.8,moving_average
SKU-1001,WH-007,2024-07-28,431.7,388.5,474.8,moving_average
SKU-1001,WH-007,2024-07-29,431.7,388.5,474.8,moving_average
SKU-1001,WH-007,2024-07-30,431.7,388.5,474.8,moving_average
SKU-1001,WH-007,2024-07-31,431.7,388.5,474.8,moving_average
SKU-1001,WH-007,2024-08-01,431.7,388.5,474.8,moving_average
SKU-1001,WH-007,2024-08-02,431.7,388.5,474.8,moving_average
SKU-1001,WH-007,2024-08-03,431.7,388.5,474.8,moving_average
SKU-1001,WH-007,2024-08-04,431.7,388.5,474.8,moving_average
SKU-1001,WH-007,2024-08-05,431.7,388.5,474.8,moving_average
SKU-1001,WH-007,2024-08-06,431.7,388.5,474.8,moving_average
SKU-1001,WH-007,2024-08-07,431.7,388.5,474.8,moving_average
SKU-1001,WH-007,2024-08-08,431.7,388.5,474.8,moving_average
SKU-1001,WH-007,2024-08-09,431.7,388.5,474.8,moving_average
SKU-1001,WH-007,2024-08-10,431.7,388.5,474.8,moving_average
SKU-1001,WH-007,2024-08-11,431.7,388.5,474.8,moving_average
SKU-1001,WH-007,2024-08-12,431.7,388.5,474.8,moving_average
SKU-1001,WH-007,2024-08-13,431.7,388.5,474.8,moving_average
SKU-1001,WH-007,2024-08-14,431.7,388.5,474.8,moving_average
SKU-1001,WH-007,2024-08-15,431.7,388.5,474.8,moving_average
SKU-1001,WH-007,2024-08-16,431.7,388.5,474.8,moving_average
SKU-1001,WH-007,2024-08-17,431.7,388.5,474.8,moving_average
SKU-1001,WH-007,2024-08-18,431.7,388.5,474.8,moving_average
SKU-1001,WH-007,2024-08-19,431.7,388.5,474.8,moving_average
SKU-1001,WH-007,2024-08-20,431.7,388.5,474.8,moving_average
SKU-1001,WH-007,2024-08-21,431.7,388.5,474.8,moving_average
SKU-1001,WH-007,2024-08-22,431.7,388.5,474.8,moving_average
SKU-1001,WH-007,2024-08-23,431.7,388.5,474.8,moving_average
SKU-1001,WH-007,2024-08-24,431.7,388.5,474.8,moving_average
SKU-1001,WH-007,2024-08-25,431.7,388.5,474.8,moving_average
SKU-1001,WH-007,2024-08-26,431.7,388.5,474.8,moving_average
SKU-1001,WH-007,2024-08-27,431.7,388.5,474.8,moving_average
SKU-1001,WH-007,2024-08-28,431.7,388.5,474.8,moving_average
SKU-1001,WH-007,2024-08-29,431.7,388.5,474.8,moving_average
SKU-1001,WH-007,2024-08-30,431.7,388.5,474.8,moving_average
SKU-1001,WH-007,2024-08-31,431.7,388.5,474.8,moving_average
SKU-1001,WH-007,2024-09-01,431.7,388.5,474.8,moving_average
SKU-1001,WH-007,2024-09-02,431.7,388.5,474.8,moving_average
SKU-1001,WH-007,2024-09-03,431.7,388.5,474.8,moving_average
SKU-1001,WH-007,2024-09-04,431.7,388.5,474.8,moving_average
SKU-1001,WH-007,2024-09-05,431.7,388.5,474.8,moving_average
SKU-1001,WH-007,2024-09-06,431.7,388.5,474.8,moving_average
SKU-1001,WH-007,2024-09-07,431.7,388.5,474.8,moving_average
SKU-1001,WH-007,2024-09-08,431.7,388.5,474.8,moving_average
SKU-1001,WH-007,2024-09-09,431.7,388.5,474.8,moving_average
SKU-1001,WH-007,2024-09-10,431.7,388.5,474.8,moving_average
SKU-1001,WH-007,2024-09-11,431.7,388.5,474.8,moving_average
SKU-1001,WH-007,2024-09-12,431.7,388.5,474.8,moving_average
SKU-1001,WH-007,2024-09-13,431.7,388.5,474.8,moving_average
SKU-1001,WH-007,2024-09-14,431.7,388.5,474.8,moving_average
SKU-1001,WH-007,2024-09-15,431.7,388.5,474.8,moving_average
SKU-1001,WH-007,2024-09-16,431.7,388.5,474.8,moving_average
SKU-1001,WH-007,2024-09-17,431.7,388.5,474.8,moving_average
SKU-1001,WH-007,2024-09-18,431.7,388.5,474.8,moving_average
SKU-1001,WH-007,2024-09-19,431.7,388.5,474.8,moving_average
SKU-1001,WH-007,2024-09-20,431.7,388.5,474.8,moving_average
SKU-1001,WH-007,2024-09-21,431.7,388.5,474.8,moving_average
SKU-1001,WH-007,2024-09-22,431.7,388.5,474.8,moving_average
SKU-1001,WH-007,2024-09-23,431.7,388.5,474.8,moving_average
SKU-1001,WH-007,2024-09-24,431.7,388.5,474.8,moving_average
SKU-1001,WH-007,2024-09-25,431.7,388.5,474.8,moving_average
SKU-1001,WH-007,2024-09-26,431.7,388.5,474.8,moving_average
SKU-1002,WH-001,2024-06-29,385.8,347.2,424.4,moving_average
SKU-1002,WH-001,2024-06-30,385.8,347.2,424.4,moving_average
SKU-1002,WH-001,2024-07-01,385.8,347.2,424.4,moving_average
SKU-1002,WH-001,2024-07-02,385.8,347.2,424.4,moving_average
SKU-1002,WH-001,2024-07-03,385.8,347.2,424.4,moving_average
SKU-1002,WH-001,2024-07-04,385.8,347.2,424.4,moving_average
SKU-1002,WH-001,2024-07-05,385.8,347.2,424.4,moving_average
SKU-1002,WH-001,2024-07-06,385.8,347.2,424.4,moving_average
SKU-1002,WH-001,2024-07-07,385.8,347.2,424.4,moving_average
SKU-1002,WH-001,2024-07-08,385.8,347.2,424.4,moving_average
SKU-1002,WH-001,2024-07-09,385.8,347.2,424.4,moving_average
SKU-1002,WH-001,2024-07-10,385.8,347.2,424.4,moving_average
SKU-1002,WH-001,2024-07-11,385.8,347.2,424.4,moving_average
SKU-1002,WH-001,2024-07-12,385.8,347.2,424.4,moving_average
SKU-1002,WH-001,2024-07-13,385.8,347.2,424.4,moving_average
SKU-1002,WH-001,2024-07-14,385.8,347.2,424.4,moving_average
SKU-1002,WH-001,2024-07-15,385.8,347.2,424.4,moving_average
SKU-1002,WH-001,2024-07-16,385.8,347.2,424.4,moving_average
SKU-1002,WH-001,2024-07-17,385.8,347.2,424.4,moving_average
SKU-1002,WH-001,2024-07-18,385.8,347.2,424.4,moving_average
SKU-1002,WH-001,2024-07-19,385.8,347.2,424.4,moving_average
SKU-1002,WH-001,2024-07-20,385.8,347.2,424.4,moving_average
SKU-1002,WH-001,2024-07-21,385.8,347.2,424.4,moving_average
SKU-1002,WH-001,2024-07-22,385.8,347.2,424.4,moving_average
SKU-1002,WH-001,2024-07-23,385.8,347.2,424.4,moving_average
SKU-1002,WH-001,2024-07-24,385.8,347.2,424.4,moving_average
SKU-1002,WH-001,2024-07-25,385.8,347.2,424.4,moving_average
SKU-1002,WH-001,2024-07-26,385.8,347.2,424.4,moving_average
SKU-1002,WH-001,2024-07-27,385.8,347.2,424.4,moving_average
SKU-1002,WH-001,2024-07-28,385.8,347.2,424.4,moving_average
SKU-1002,WH-001,2024-07-29,385.8,347.2,424.4,moving_average
SKU-1002,WH-001,2024-07-30,385.8,347.2,424.4,moving_average
SKU-1002,WH-001,2024-07-31,385.8,347.2,424.4,moving_average
SKU-1002,WH-001,2024-08-01,385.8,347.2,424.4,moving_average
SKU-1002,WH-001,2024-08-02,385.8,347.2,424.4,moving_average
SKU-1002,WH-001,2024-08-03,385.8,347.2,424.4,moving_average
SKU-1002,WH-001,2024-08-04,385.8,347.2,424.4,moving_average
SKU-1002,WH-001,2024-08-05,385.8,347.2,424.4,moving_average
SKU-1002,WH-001,2024-08-06,385.8,347.2,424.4,moving_average
SKU-1002,WH-001,2024-08-07,385.8,347.2,424.4,moving_average
SKU-1002,WH-001,2024-08-08,385.8,347.2,424.4,moving_average
SKU-1002,WH-001,2024-08-09,385.8,347.2,424.4,moving_average
SKU-1002,WH-001,2024-08-10,385.8,347.2,424.4,moving_average
SKU-1002,WH-001,2024-08-11,385.8,347.2,424.4,moving_average
SKU-1002,WH-001,2024-08-12,385.8,347.2,424.4,moving_average
SKU-1002,WH-001,2024-08-13,385.8,347.2,424.4,moving_average
SKU-1002,WH-001,2024-08-14,385.8,347.2,424.4,moving_average
SKU-1002,WH-001,2024-08-15,385.8,347.2,424.4,moving_average
SKU-1002,WH-001,2024-08-16,385.8,347.2,424.4,moving_average
SKU-1002,WH-001,2024-08-17,385.8,347.2,424.4,moving_average
SKU-1002,WH-001,2024-08-18,385.8,347.2,424.4,moving_average
SKU-1002,WH-001,2024-08-19,385.8,347.2,424.4,moving_average
SKU-1002,WH-001,2024-08-20,385.8,347.2,424.4,moving_average
SKU-1002,WH-001,2024-08-21,385.8,347.2,424.4,moving_average
SKU-1002,WH-001,2024-08-22,385.8,347.2,424.4,moving_average
SKU-1002,WH-001,2024-08-23,385.8,347.2,424.4,moving_average
SKU-1002,WH-001,2024-08-24,385.8,347.2,424.4,moving_average
SKU-1002,WH-001,2024-08-25,385.8,347.2,424.4,moving_average
SKU-1002,WH-001,2024-08-26,385.8,347.2,424.4,moving_average
SKU-1002,WH-001,2024-08-27,385.8,347.2,424.4,moving_average
SKU-1002,WH-001,2024-08-28,385.8,347.2,424.4,moving_average
SKU-1002,WH-001,2024-08-29,385.8,347.2,424.4,moving_average
SKU-1002,WH-001,2024-08-30,385.8,347.2,424.4,moving_average
SKU-1002,WH-001,2024-08-31,385.8,347.2,424.4,moving_average
SKU-1002,WH-001,2024-09-01,385.8,347.2,424.4,moving_average
SKU-1002,WH-001,2024-09-02,385.8,347.2,424.4,moving_average
SKU-1002,WH-001,2024-09-03,385.8,347.2,424.4,moving_average
SKU-1002,WH-001,2024-09-04,385.8,347.2,424.4,moving_average
SKU-1002,WH-001,2024-09-05,385.8,347.2,424.4,moving_average
SKU-1002,WH-001,2024-09-06,385.8,347.2,424.4,moving_average
SKU-1002,WH-001,2024-09-07,385.8,347.2,424.4,moving_average
SKU-1002,WH-001,2024-09-08,385.8,347.2,424.4,moving_average
SKU-1002,WH-001,2024-09-09,385.8,347.2,424.4,moving_average
SKU-1002,WH-001,2024-09-10,385.8,347.2,424.4,moving_average
SKU-1002,WH-001,2024-09-11,385.8,347.2,424.4,moving_average
SKU-1002,WH-001,2024-09-12,385.8,347.2,424.4,moving_average
SKU-1002,WH-001,2024-09-13,385.8,347.2,424.4,moving_average
SKU-1002,WH-001,2024-09-14,385.8,347.2,424.4,moving_average
SKU-1002,WH-001,2024-09-15,385.8,347.2,424.4,moving_average
SKU-1002,WH-001,2024-09-16,385.8,347.2,424.4,moving_average
SKU-1002,WH-001,2024-09-17,385.8,347.2,424.4,moving_average
SKU-1002,WH-001,2024-09-18,385.8,347.2,424.4,moving_average
SKU-1002,WH-001,2024-09-19,385.8,347.2,424.4,moving_average
SKU-1002,WH-001,2024-09-20,385.8,347.2,424.4,moving_average
SKU-1002,WH-001,2024-09-21,385.8,347.2,424.4,moving_average
SKU-1002,WH-001,2024-09-22,385.8,347.2,424.4,moving_average
SKU-1002,WH-001,2024-09-23,385.8,347.2,424.4,moving_average
SKU-1002,WH-001,2024-09-24,385.8,347.2,424.4,moving_average
SKU-1002,WH-001,2024-09-25,385.8,347.2,424.4,moving_average
SKU-1002,WH-001,2024-09-26,385.8,347.2,424.4,moving_average
SKU-1002,WH-002,2024-06-29,400.5,360.5,440.6,moving_average
SKU-1002,WH-002,2024-06-30,400.5,360.5,440.6,moving_average
SKU-1002,WH-002,2024-07-01,400.5,360.5,440.6,moving_average
SKU-1002,WH-002,2024-07-02,400.5,360.5,440.6,moving_average
SKU-1002,WH-002,2024-07-03,400.5,360.5,440.6,moving_average
SKU-1002,WH-002,2024-07-04,400.5,360.5,440.6,moving_average
SKU-1002,WH-002,2024-07-05,400.5,360.5,440.6,moving_average
SKU-1002,WH-002,2024-07-06,400.5,360.5,440.6,moving_average
SKU-1002,WH-002,2024-07-07,400.5,360.5,440.6,moving_average
SKU-1002,WH-002,2024-07-08,400.5,360.5,440.6,moving_average
SKU-1002,WH-002,2024-07-09,400.5,360.5,440.6,moving_average
SKU-1002,WH-002,2024-07-10,400.5,360.5,440.6,moving_average
SKU-1002,WH-002,2024-07-11,400.5,360.5,440.6,moving_average
SKU-1002,WH-002,2024-07-12,400.5,360.5,440.6,moving_average
SKU-1002,WH-002,2024-07-13,400.5,360.5,440.6,moving_average
SKU-1002,WH-002,2024-07-14,400.5,360.5,440.6,moving_average
SKU-1002,WH-002,2024-07-15,400.5,360.5,440.6,moving_average
SKU-1002,WH-002,2024-07-16,400.5,360.5,440.6,moving_average
SKU-1002,WH-002,2024-07-17,400.5,360.5,440.6,moving_average
SKU-1002,WH-002,2024-07-18,400.5,360.5,440.6,moving_average
SKU-1002,WH-002,2024-07-19,400.5,360.5,440.6,moving_average
SKU-1002,WH-002,2024-07-20,400.5,360.5,440.6,moving_average
SKU-1002,WH-002,2024-07-21,400.5,360.5,440.6,moving_average
SKU-1002,WH-002,2024-07-22,400.5,360.5,440.6,moving_average
SKU-1002,WH-002,2024-07-23,400.5,360.5,440.6,moving_average
SKU-1002,WH-002,2024-07-24,400.5,360.5,440.6,moving_average
SKU-1002,WH-002,2024-07-25,400.5,360.5,440.6,moving_average
SKU-1002,WH-002,2024-07-26,400.5,360.5,440.6,moving_average
SKU-1002,WH-002,2024-07-27,400.5,360.5,440.6,moving_average
SKU-1002,WH-002,2024-07-28,400.5,360.5,440.6,moving_average
SKU-1002,WH-002,2024-07-29,400.5,360.5,440.6,moving_average
SKU-1002,WH-002,2024-07-30,400.5,360.5,440.6,moving_average
SKU-1002,WH-002,2024-07-31,400.5,360.5,440.6,moving_average
SKU-1002,WH-002,2024-08-01,400.5,360.5,440.6,moving_average
SKU-1002,WH-002,2024-08-02,400.5,360.5,440.6,moving_average
SKU-1002,WH-002,2024-08-03,400.5,360.5,440.6,moving_average
SKU-1002,WH-002,2024-08-04,400.5,360.5,440.6,moving_average
SKU-1002,WH-002,2024-08-05,400.5,360.5,440.6,moving_average
SKU-1002,WH-002,2024-08-06,400.5,360.5,440.6,moving_average
SKU-1002,WH-002,2024-08-07,400.5,360.5,440.6,moving_average
SKU-1002,WH-002,2024-08-08,400.5,360.5,440.6,moving_average
SKU-1002,WH-002,2024-08-09,400.5,360.5,440.6,moving_average
SKU-1002,WH-002,2024-08-10,400.5,360.5,440.6,moving_average
SKU-1002,WH-002,2024-08-11,400.5,360.5,440.6,moving_average
SKU-1002,WH-002,2024-08-12,400.5,360.5,440.6,moving_average
SKU-1002,WH-002,2024-08-13,400.5,360.5,440.6,moving_average
SKU-1002,WH-002,2024-08-14,400.5,360.5,440.6,moving_average
SKU-1002,WH-002,2024-08-15,400.5,360.5,440.6,moving_average
SKU-1002,WH-002,2024-08-16,400.5,360.5,440.6,moving_average
SKU-1002,WH-002,2024-08-17,400.5,360.5,440.6,moving_average
SKU-1002,WH-002,2024-08-18,400.5,360.5,440.6,moving_average
SKU-1002,WH-002,2024-08-19,400.5,360.5,440.6,moving_average
SKU-1002,WH-002,2024-08-20,400.5,360.5,440.6,moving_average
SKU-1002,WH-002,2024-08-21,400.5,360.5,440.6,moving_average
SKU-1002,WH-002,2024-08-22,400.5,360.5,440.6,moving_average
SKU-1002,WH-002,2024-08-23,400.5,360.5,440.6,moving_average
SKU-1002,WH-002,2024-08-24,400.5,360.5,440.6,moving_average
SKU-1002,WH-002,2024-08-25,400.5,360.5,440.6,moving_average
SKU-1002,WH-002,2024-08-26,400.5,360.5,440.6,moving_average
SKU-1002,WH-002,2024-08-27,400.5,360.5,440.6,moving_average
SKU-1002,WH-002,2024-08-28,400.5,360.5,440.6,moving_average
SKU-1002,WH-002,2024-08-29,400.5,360.5,440.6,moving_average
SKU-1002,WH-002,2024-08-30,400.5,360.5,440.6,moving_average
SKU-1002,WH-002,2024-08-31,400.5,360.5,440.6,moving_average
SKU-1002,WH-002,2024-09-01,400.5,360.5,440.6,moving_average
SKU-1002,WH-002,2024-09-02,400.5,360.5,440.6,moving_average
SKU-1002,WH-002,2024-09-03,400.5,360.5,440.6,moving_average
SKU-1002,WH-002,2024-09-04,400.5,360.5,440.6,moving_average
SKU-1002,WH-002,2024-09-05,400.5,360.5,440.6,moving_average
SKU-1002,WH-002,2024-09-06,400.5,360.5,440.6,moving_average
SKU-1002,WH-002,2024-09-07,400.5,360.5,440.6,moving_average
SKU-1002,WH-002,2024-09-08,400.5,360.5,440.6,moving_average
SKU-1002,WH-002,2024-09-09,400.5,360.5,440.6,moving_average
SKU-1002,WH-002,2024-09-10,400.5,360.5,440.6,moving_average
SKU-1002,WH-002,2024-09-11,400.5,360.5,440.6,moving_average
SKU-1002,WH-002,2024-09-12,400.5,360.5,440.6,moving_average
SKU-1002,WH-002,2024-09-13,400.5,360.5,440.6,moving_average
SKU-1002,WH-002,2024-09-14,400.5,360.5,440.6,moving_average
SKU-1002,WH-002,2024-09-15,400.5,360.5,440.6,moving_average
SKU-1002,WH-002,2024-09-16,400.5,360.5,440.6,moving_average
SKU-1002,WH-002,2024-09-17,400.5,360.5,440.6,moving_average
SKU-1002,WH-002,2024-09-18,400.5,360.5,440.6,moving_average
SKU-1002,WH-002,2024-09-19,400.5,360.5,440.6,moving_average
SKU-1002,WH-002,2024-09-20,400.5,360.5,440.6,moving_average
SKU-1002,WH-002,2024-09-21,400.5,360.5,440.6,moving_average
SKU-1002,WH-002,2024-09-22,400.5,360.5,440.6,moving_average
SKU-1002,WH-002,2024-09-23,400.5,360.5,440.6,moving_average
SKU-1002,WH-002,2024-09-24,400.5,360.5,440.6,moving_average
SKU-1002,WH-002,2024-09-25,400.5,360.5,440.6,moving_average
SKU-1002,WH-002,2024-09-26,400.5,360.5,440.6,moving_average
SKU-1002,WH-003,2024-06-29,483.7,387.0,580.5,xgboost
SKU-1002,WH-003,2024-06-30,369.3,295.4,443.1,xgboost
SKU-1002,WH-003,2024-07-01,346.8,277.5,416.2,xgboost
SKU-1002,WH-003,2024-07-02,375.2,300.1,450.2,xgboost
SKU-1002,WH-003,2024-07-03,439.7,351.8,527.6,xgboost
SKU-1002,WH-003,2024-07-04,454.6,363.7,545.5,xgboost
SKU-1002,WH-003,2024-07-05,502.5,402.0,603.0,xgboost
SKU-1002,WH-003,2024-07-06,510.4,408.3,612.5,xgboost
SKU-1002,WH-003,2024-07-07,529.6,423.7,635.5,xgboost
SKU-1002,WH-003,2024-07-08,540.8,432.7,649.0,xgboost
SKU-1002,WH-003,2024-07-09,438.5,350.8,526.3,xgboost
SKU-1002,WH-003,2024-07-10,542.9,434.3,651.4,xgboost
SKU-1002,WH-003,2024-07-11,439.7,351.7,527.6,xgboost
SKU-1002,WH-003,2024-07-12,496.7,397.3,596.0,xgboost
SKU-1002,WH-003,2024-07-13,505.5,404.4,606.6,xgboost
SKU-1002,WH-003,2024-07-14,423.7,339.0,508.5,xgboost
SKU-1002,WH-003,2024-07-15,414.0,331.2,496.8,xgboost
SKU-1002,WH-003,2024-07-16,419.3,335.4,503.1,xgboost
SKU-1002,WH-003,2024-07-17,423.0,338.4,507.6,xgboost
SKU-1002,WH-003,2024-07-18,407.6,326.1,489.2,xgboost
SKU-1002,WH-003,2024-07-19,364.3,291.4,437.1,xgboost
SKU-1002,WH-003,2024-07-20,346.9,277.5,416.3,xgboost
SKU-1002,WH-003,2024-07-21,291.6,233.3,349.9,xgboost
SKU-1002,WH-003,2024-07-22,304.4,243.5,365.2,xgboost
SKU-1002,WH-003,2024-07-23,314.1,251.3,376.9,xgboost
SKU-1002,WH-003,2024-07-24,330.8,264.6,396.9,xgboost
SKU-1002,WH-003,2024-07-25,347.4,277.9,416.9,xgboost
SKU-1002,WH-003,2024-07-26,344.7,275.8,413.7,xgboost
SKU-1002,WH-003,2024-07-27,326.4,261.1,391.7,xgboost
SKU-1002,WH-003,2024-07-28,286.8,229.5,344.2,xgboost
SKU-1002,WH-003,2024-07-29,345.6,276.5,414.7,xgboost
SKU-1002,WH-003,2024-07-30,364.4,291.6,437.3,xgboost
SKU-1002,WH-003,2024-07-31,414.4,331.5,497.3,xgboost
SKU-1002,WH-003,2024-08-01,406.6,325.3,488.0,xgboost
SKU-1002,WH-003,2024-08-02,365.9,292.7,439.1,xgboost
SKU-1002,WH-003,2024-08-03,349.6,279.7,419.5,xgboost
SKU-1002,WH-003,2024-08-04,345.1,276.1,414.1,xgboost
SKU-1002,WH-003,2024-08-05,428.0,342.4,513.6,xgboost
SKU-1002,WH-003,2024-08-06,434.8,347.8,521.7,xgboost
SKU-1002,WH-003,2024-08-07,461.5,369.2,553.8,xgboost
SKU-1002,WH-003,2024-08-08,372.1,297.7,446.5,xgboost
SKU-1002,WH-003,2024-08-09,386.1,308.9,463.3,xgboost
SKU-1002,WH-003,2024-08-10,389.7,311.8,467.7,xgboost
SKU-1002,WH-003,2024-08-11,345.9,276.7,415.1,xgboost
SKU-1002,WH-003,2024-08-12,494.9,395.9,593.9,xgboost
SKU-1002,WH-003,2024-08-13,514.3,411.5,617.2,xgboost
SKU-1002,WH-003,2024-08-14,478.7,383.0,574.5,xgboost
SKU-1002,WH-003,2024-08-15,487.7,390.2,585.2,xgboost
SKU-1002,WH-003,2024-08-16,526.5,421.2,631.8,xgboost
SKU-1002,WH-003,2024-08-17,362.6,290.1,435.1,xgboost
SKU-1002,WH-003,2024-08-18,331.0,264.8,397.2,xgboost
SKU-1002,WH-003,2024-08-19,285.0,228.0,342.0,xgboost
SKU-1002,WH-003,2024-08-20,534.7,427.8,641.6,xgboost
SKU-1002,WH-003,2024-08-21,530.3,424.2,636.4,xgboost
SKU-1002,WH-003,2024-08-22,487.6,390.1,585.2,xgboost
SKU-1002,WH-003,2024-08-23,411.0,328.8,493.2,xgboost
SKU-1002,WH-003,2024-08-24,335.4,268.4,402.5,xgboost
SKU-1002,WH-003,2024-08-25,292.8,234.2,351.4,xgboost
SKU-1002,WH-003,2024-08-26,266.3,213.0,319.5,xgboost
SKU-1002,WH-003,2024-08-27,339.2,271.4,407.0,xgboost
SKU-1002,WH-003,2024-08-28,300.1,240.1,360.1,xgboost
SKU-1002,WH-003,2024-08-29,338.2,270.6,405.9,xgboost
SKU-1002,WH-003,2024-08-30,375.1,300.1,450.1,xgboost
SKU-1002,WH-003,2024-08-31,423.8,339.1,508.6,xgboost
SKU-1002,WH-003,2024-09-01,374.1,299.3,448.9,xgboost
SKU-1002,WH-003,2024-09-02,296.6,237.3,356.0,xgboost
SKU-1002,WH-003,2024-09-03,405.5,324.4,486.6,xgboost
SKU-1002,WH-003,2024-09-04,449.8,359.9,539.8,xgboost
SKU-1002,WH-003,2024-09-05,389.5,311.6,467.4,xgboost
SKU-1002,WH-003,2024-09-06,417.2,333.7,500.6,xgboost
SKU-1002,WH-003,2024-09-07,464.6,371.7,557.5,xgboost
SKU-1002,WH-003,2024-09-08,399.7,319.8,479.7,xgboost
SKU-1002,WH-003,2024-09-09,456.6,365.3,548.0,xgboost
SKU-1002,WH-003,2024-09-10,447.5,358.0,537.0,xgboost
SKU-1002,WH-003,2024-09-11,419.5,335.6,503.4,xgboost
SKU-1002,WH-003,2024-09-12,482.0,385.6,578.4,xgboost
SKU-1002,WH-003,2024-09-13,394.4,315.6,473.3,xgboost
SKU-1002,WH-003,2024-09-14,426.0,340.8,511.2,xgboost
SKU-1002,WH-003,2024-09-15,489.8,391.9,587.8,xgboost
SKU-1002,WH-003,2024-09-16,393.8,315.0,472.5,xgboost
SKU-1002,WH-003,2024-09-17,455.8,364.6,547.0,xgboost
SKU-1002,WH-003,2024-09-18,435.9,348.8,523.1,xgboost
SKU-1002,WH-003,2024-09-19,418.0,334.4,501.6,xgboost
SKU-1002,WH-003,2024-09-20,448.9,359.1,538.6,xgboost
SKU-1002,WH-003,2024-09-21,491.6,393.3,589.9,xgboost
SKU-1002,WH-003,2024-09-22,426.7,341.3,512.0,xgboost
SKU-1002,WH-003,2024-09-23,374.7,299.8,449.7,xgboost
SKU-1002,WH-003,2024-09-24,352.8,282.3,423.4,xgboost
SKU-1002,WH-003,2024-09-25,359.7,287.8,431.6,xgboost
SKU-1002,WH-003,2024-09-26,399.0,319.2,478.8,xgboost
SKU-1002,WH-004,2024-06-29,458.5,366.8,550.2,xgboost
SKU-1002,WH-004,2024-06-30,363.9,291.1,436.7,xgboost
SKU-1002,WH-004,2024-07-01,448.1,358.5,537.8,xgboost
SKU-1002,WH-004,2024-07-02,614.1,491.2,736.9,xgboost
SKU-1002,WH-004,2024-07-03,460.6,368.4,552.7,xgboost
SKU-1002,WH-004,2024-07-04,365.9,292.7,439.0,xgboost
SKU-1002,WH-004,2024-07-05,440.4,352.3,528.5,xgboost
SKU-1002,WH-004,2024-07-06,389.8,311.8,467.7,xgboost
SKU-1002,WH-004,2024-07-07,460.7,368.6,552.9,xgboost
SKU-1002,WH-004,2024-07-08,455.9,364.7,547.0,xgboost
SKU-1002,WH-004,2024-07-09,517.8,414.2,621.3,xgboost
SKU-1002,WH-004,2024-07-10,508.7,407.0,610.5,xgboost
SKU-1002,WH-004,2024-07-11,420.6,336.5,504.7,xgboost
SKU-1002,WH-004,2024-07-12,496.4,397.1,595.7,xgboost
SKU-1002,WH-004,2024-07-13,470.6,376.5,564.7,xgboost
SKU-1002,WH-004,2024-07-14,469.5,375.6,563.4,xgboost
SKU-1002,WH-004,2024-07-15,478.9,383.1,574.6,xgboost
SKU-1002,WH-004,2024-07-16,467.5,374.0,561.0,xgboost
SKU-1002,WH-004,2024-07-17,439.5,351.6,527.4,xgboost
SKU-1002,WH-004,2024-07-18,454.9,363.9,545.9,xgboost
SKU-1002,WH-004,2024-07-19,431.6,345.3,518.0,xgboost
SKU-1002,WH-004,2024-07-20,458.4,366.7,550.1,xgboost
SKU-1002,WH-004,2024-07-21,410.5,328.4,492.5,xgboost
SKU-1002,WH-004,2024-07-22,435.4,348.3,522.5,xgboost
SKU-1002,WH-004,2024-07-23,365.4,292.3,438.5,xgboost
SKU-1002,WH-004,2024-07-24,421.4,337.1,505.7,xgboost
SKU-1002,WH-004,2024-07-25,361.8,289.5,434.2,xgboost
SKU-1002,WH-004,2024-07-26,391.8,313.4,470.1,xgboost
SKU-1002,WH-004,2024-07-27,393.1,314.5,471.7,xgboost
SKU-1002,WH-004,2024-07-28,389.7,311.8,467.7,xgboost
SKU-1002,WH-004,2024-07-29,408.9,327.1,490.6,xgboost
SKU-1002,WH-004,2024-07-30,449.5,359.6,539.4,xgboost
SKU-1002,WH-004,2024-07-31,426.1,340.9,511.4,xgboost
SKU-1002,WH-004,2024-08-01,441.9,353.5,530.3,xgboost
SKU-1002,WH-004,2024-08-02,475.1,380.0,570.1,xgboost
SKU-1002,WH-004,2024-08-03,463.6,370.9,556.3,xgboost
SKU-1002,WH-004,2024-08-04,461.9,369.6,554.3,xgboost
SKU-1002,WH-004,2024-08-05,448.0,358.4,537.6,xgboost
SKU-1002,WH-004,2024-08-06,452.5,362.0,543.0,xgboost
SKU-1002,WH-004,2024-08-07,456.1,364.9,547.3,xgboost
SKU-1002,WH-004,2024-08-08,440.1,352.1,528.1,xgboost
SKU-1002,WH-004,2024-08-09,499.3,399.5,599.2,xgboost
SKU-1002,WH-004,2024-08-10,443.2,354.6,531.9,xgboost
SKU-1002,WH-004,2024-08-11,452.2,361.8,542.6,xgboost
SKU-1002,WH-004,2024-08-12,439.7,351.8,527.7,xgboost
SKU-1002,WH-004,2024-08-13,457.4,365.9,548.8,xgboost
SKU-1002,WH-004,2024-08-14,454.3,363.4,545.1,xgboost
SKU-1002,WH-004,2024-08-15,455.6,364.4,546.7,xgboost
SKU-1002,WH-004,2024-08-16,474.3,379.4,569.1,xgboost
SKU-1002,WH-004,2024-08-17,473.9,379.1,568.6,xgboost
SKU-1002,WH-004,2024-08-18,458.0,366.4,549.6,xgboost
SKU-1002,WH-004,2024-08-19,434.2,347.4,521.0,xgboost
SKU-1002,WH-004,2024-08-20,453.6,362.9,544.3,xgboost
SKU-1002,WH-004,2024-08-21,429.6,343.7,515.5,xgboost
SKU-1002,WH-004,2024-08-22,426.6,341.3,511.9,xgboost
SKU-1002,WH-004,2024-08-23,410.7,328.6,492.9,xgboost
SKU-1002,WH-004,2024-08-24,419.0,335.2,502.8,xgboost
SKU-1002,WH-004,2024-08-25,371.9,297.5,446.3,xgboost
SKU-1002,WH-004,2024-08-26,370.8,296.6,444.9,xgboost
SKU-1002,WH-004,2024-08-27,361.3,289.0,433.6,xgboost
SKU-1002,WH-004,2024-08-28,392.5,314.0,471.0,xgboost
SKU-1002,WH-004,2024-08-29,414.0,331.2,496.8,xgboost
SKU-1002,WH-004,2024-08-30,437.8,350.2,525.4,xgboost
SKU-1002,WH-004,2024-08-31,440.3,352.2,528.4,xgboost
SKU-1002,WH-004,2024-09-01,428.5,342.8,514.3,xgboost
SKU-1002,WH-004,2024-09-02,477.5,382.0,573.0,xgboost
SKU-1002,WH-004,2024-09-03,474.0,379.2,568.8,xgboost
SKU-1002,WH-004,2024-09-04,450.5,360.4,540.6,xgboost
SKU-1002,WH-004,2024-09-05,446.4,357.1,535.6,xgboost
SKU-1002,WH-004,2024-09-06,452.7,362.2,543.3,xgboost
SKU-1002,WH-004,2024-09-07,450.3,360.3,540.4,xgboost
SKU-1002,WH-004,2024-09-08,460.6,368.5,552.7,xgboost
SKU-1002,WH-004,2024-09-09,500.8,400.7,601.0,xgboost
SKU-1002,WH-004,2024-09-10,485.8,388.6,582.9,xgboost
SKU-1002,WH-004,2024-09-11,467.3,373.8,560.7,xgboost
SKU-1002,WH-004,2024-09-12,435.3,348.2,522.3,xgboost
SKU-1002,WH-004,2024-09-13,463.2,370.5,555.8,xgboost
SKU-1002,WH-004,2024-09-14,460.3,368.3,552.4,xgboost
SKU-1002,WH-004,2024-09-15,457.9,366.3,549.4,xgboost
SKU-1002,WH-004,2024-09-16,454.8,363.9,545.8,xgboost
SKU-1002,WH-004,2024-09-17,465.0,372.0,557.9,xgboost
SKU-1002,WH-004,2024-09-18,459.4,367.5,551.2,xgboost
SKU-1002,WH-004,2024-09-19,442.2,353.8,530.7,xgboost
SKU-1002,WH-004,2024-09-20,455.9,364.7,547.0,xgboost
SKU-1002,WH-004,2024-09-21,438.2,350.6,525.9,xgboost
SKU-1002,WH-004,2024-09-22,426.7,341.3,512.0,xgboost
SKU-1002,WH-004,2024-09-23,400.7,320.6,480.8,xgboost
SKU-1002,WH-004,2024-09-24,413.4,330.7,496.1,xgboost
SKU-1002,WH-004,2024-09-25,404.3,323.4,485.1,xgboost
SKU-1002,WH-004,2024-09-26,384.9,307.9,461.9,xgboost
SKU-1002,WH-005,2024-06-29,247.5,198.0,297.0,xgboost
SKU-1002,WH-005,2024-06-30,388.4,310.7,466.1,xgboost
SKU-1002,WH-005,2024-07-01,409.1,327.2,490.9,xgboost
SKU-1002,WH-005,2024-07-02,422.8,338.2,507.3,xgboost
SKU-1002,WH-005,2024-07-03,478.0,382.4,573.5,xgboost
SKU-1002,WH-005,2024-07-04,553.5,442.8,664.2,xgboost
SKU-1002,WH-005,2024-07-05,447.1,357.7,536.6,xgboost
SKU-1002,WH-005,2024-07-06,455.1,364.1,546.1,xgboost
SKU-1002,WH-005,2024-07-07,398.7,318.9,478.4,xgboost
SKU-1002,WH-005,2024-07-08,505.7,404.6,606.9,xgboost
SKU-1002,WH-005,2024-07-09,538.6,430.9,646.3,xgboost
SKU-1002,WH-005,2024-07-10,508.1,406.5,609.7,xgboost
SKU-1002,WH-005,2024-07-11,512.5,410.0,615.0,xgboost
SKU-1002,WH-005,2024-07-12,559.9,448.0,671.9,xgboost
SKU-1002,WH-005,2024-07-13,516.2,412.9,619.4,xgboost
SKU-1002,WH-005,2024-07-14,501.4,401.1,601.7,xgboost
SKU-1002,WH-005,2024-07-15,462.5,370.0,555.0,xgboost
SKU-1002,WH-005,2024-07-16,489.1,391.3,586.9,xgboost
SKU-1002,WH-005,2024-07-17,434.0,347.2,520.8,xgboost
SKU-1002,WH-005,2024-07-18,473.1,378.4,567.7,xgboost
SKU-1002,WH-005,2024-07-19,419.9,335.9,503.9,xgboost
SKU-1002,WH-005,2024-07-20,412.0,329.6,494.4,xgboost
SKU-1002,WH-005,2024-07-21,350.4,280.3,420.5,xgboost
SKU-1002,WH-005,2024-07-22,284.2,227.4,341.0,xgboost
SKU-1002,WH-005,2024-07-23,331.4,265.1,397.6,xgboost
SKU-1002,WH-005,2024-07-24,350.2,280.1,420.2,xgboost
SKU-1002,WH-005,2024-07-25,372.8,298.2,447.3,xgboost
SKU-1002,WH-005,2024-07-26,377.7,302.1,453.2,xgboost
SKU-1002,WH-005,2024-07-27,344.9,276.0,413.9,xgboost
SKU-1002,WH-005,2024-07-28,385.4,308.3,462.5,xgboost
SKU-1002,WH-005,2024-07-29,393.1,314.5,471.7,xgboost
SKU-1002,WH-005,2024-07-30,346.3,277.0,415.6,xgboost
SKU-1002,WH-005,2024-07-31,350.5,280.4,420.6,xgboost
SKU-1002,WH-005,2024-08-01,383.7,307.0,460.4,xgboost
SKU-1002,WH-005,2024-08-02,466.8,373.4,560.1,xgboost
SKU-1002,WH-005,2024-08-03,478.5,382.8,574.2,xgboost
SKU-1002,WH-005,2024-08-04,473.5,378.8,568.2,xgboost
SKU-1002,WH-005,2024-08-05,422.6,338.1,507.1,xgboost
SKU-1002,WH-005,2024-08-06,411.9,329.5,494.3,xgboost
SKU-1002,WH-005,2024-08-07,353.5,282.8,424.2,xgboost
SKU-1002,WH-005,2024-08-08,388.9,311.1,466.7,xgboost
SKU-1002,WH-005,2024-08-09,419.7,335.7,503.6,xgboost
SKU-1002,WH-005,2024-08-10,390.0,312.0,468.0,xgboost
SKU-1002,WH-005,2024-08-11,308.8,247.1,370.6,xgboost
SKU-1002,WH-005,2024-08-12,398.4,318.7,478.1,xgboost
SKU-1002,WH-005,2024-08-13,458.7,367.0,550.5,xgboost
SKU-1002,WH-005,2024-08-14,473.0,378.4,567.6,xgboost
SKU-1002,WH-005,2024-08-15,465.5,372.4,558.6,xgboost
SKU-1002,WH-005,2024-08-16,423.2,338.6,507.9,xgboost
SKU-1002,WH-005,2024-08-17,481.7,385.3,578.0,xgboost
SKU-1002,WH-005,2024-08-18,391.4,313.1,469.6,xgboost
SKU-1002,WH-005,2024-08-19,447.8,358.2,537.3,xgboost
SKU-1002,WH-005,2024-08-20,367.2,293.7,440.6,xgboost
SKU-1002,WH-005,2024-08-21,375.0,300.0,449.9,xgboost
SKU-1002,WH-005,2024-08-22,334.2,267.3,401.0,xgboost
SKU-1002,WH-005,2024-08-23,302.4,241.9,362.9,xgboost
SKU-1002,WH-005,2024-08-24,319.7,255.7,383.6,xgboost
SKU-1002,WH-005,2024-08-25,317.9,254.3,381.4,xgboost
SKU-1002,WH-005,2024-08-26,366.9,293.5,440.3,xgboost
SKU-1002,WH-005,2024-08-27,348.2,278.5,417.8,xgboost
SKU-1002,WH-005,2024-08-28,414.2,331.4,497.1,xgboost
SKU-1002,WH-005,2024-08-29,403.7,322.9,484.4,xgboost
SKU-1002,WH-005,2024-08-30,452.6,362.1,543.1,xgboost
SKU-1002,WH-005,2024-08-31,426.7,341.4,512.0,xgboost
SKU-1002,WH-005,2024-09-01,451.4,361.1,541.7,xgboost
SKU-1002,WH-005,2024-09-02,484.7,387.8,581.7,xgboost
SKU-1002,WH-005,2024-09-03,501.7,401.4,602.1,xgboost
SKU-1002,WH-005,2024-09-04,485.4,388.3,582.5,xgboost
SKU-1002,WH-005,2024-09-05,504.6,403.7,605.6,xgboost
SKU-1002,WH-005,2024-09-06,470.8,376.6,564.9,xgboost
SKU-1002,WH-005,2024-09-07,517.2,413.8,620.6,xgboost
SKU-1002,WH-005,2024-09-08,430.5,344.4,516.5,xgboost
SKU-1002,WH-005,2024-09-09,555.0,444.0,666.0,xgboost
SKU-1002,WH-005,2024-09-10,465.0,372.0,558.0,xgboost
SKU-1002,WH-005,2024-09-11,447.4,357.9,536.9,xgboost
SKU-1002,WH-005,2024-09-12,444.1,355.3,533.0,xgboost
SKU-1002,WH-005,2024-09-13,440.0,352.0,528.0,xgboost
SKU-1002,WH-005,2024-09-14,389.2,311.3,467.0,xgboost
SKU-1002,WH-005,2024-09-15,356.9,285.5,428.3,xgboost
SKU-1002,WH-005,2024-09-16,396.2,316.9,475.4,xgboost
SKU-1002,WH-005,2024-09-17,398.8,319.1,478.6,xgboost
SKU-1002,WH-005,2024-09-18,352.4,281.9,422.9,xgboost
SKU-1002,WH-005,2024-09-19,340.5,272.4,408.6,xgboost
SKU-1002,WH-005,2024-09-20,347.0,277.6,416.4,xgboost
SKU-1002,WH-005,2024-09-21,354.6,283.7,425.5,xgboost
SKU-1002,WH-005,2024-09-22,375.8,300.6,450.9,xgboost
SKU-1002,WH-005,2024-09-23,359.9,287.9,431.9,xgboost
SKU-1002,WH-005,2024-09-24,306.8,245.4,368.2,xgboost
SKU-1002,WH-005,2024-09-25,359.5,287.6,431.4,xgboost
SKU-1002,WH-005,2024-09-26,406.4,325.1,487.7,xgboost
SKU-1002,WH-006,2024-06-29,339.7,288.7,390.6,exponential_smoothing
SKU-1002,WH-006,2024-06-30,364.5,309.8,419.2,exponential_smoothing
SKU-1002,WH-006,2024-07-01,399.6,339.6,459.5,exponential_smoothing
SKU-1002,WH-006,2024-07-02,386.3,328.4,444.3,exponential_smoothing
SKU-1002,WH-006,2024-07-03,430.0,365.5,494.5,exponential_smoothing
SKU-1002,WH-006,2024-07-04,455.1,386.9,523.4,exponential_smoothing
SKU-1002,WH-006,2024-07-05,378.3,321.5,435.0,exponential_smoothing
SKU-1002,WH-006,2024-07-06,338.8,288.0,389.6,exponential_smoothing
SKU-1002,WH-006,2024-07-07,363.6,309.1,418.2,exponential_smoothing
SKU-1002,WH-006,2024-07-08,398.7,338.9,458.5,exponential_smoothing
SKU-1002,WH-006,2024-07-09,385.4,327.6,443.3,exponential_smoothing
SKU-1002,WH-006,2024-07-10,429.1,364.8,493.5,exponential_smoothing
SKU-1002,WH-006,2024-07-11,454.3,386.1,522.4,exponential_smoothing
SKU-1002,WH-006,2024-07-12,377.4,320.8,434.0,exponential_smoothing
SKU-1002,WH-006,2024-07-13,338.0,287.3,388.6,exponential_smoothing
SKU-1002,WH-006,2024-07-14,362.8,308.4,417.2,exponential_smoothing
SKU-1002,WH-006,2024-07-15,397.8,338.2,457.5,exponential_smoothing
SKU-1002,WH-006,2024-07-16,384.6,326.9,442.3,exponential_smoothing
SKU-1002,WH-006,2024-07-17,428.3,364.0,492.5,exponential_smoothing
SKU-1002,WH-006,2024-07-18,453.4,385.4,521.4,exponential_smoothing
SKU-1002,WH-006,2024-07-19,376.6,320.1,433.0,exponential_smoothing
SKU-1002,WH-006,2024-07-20,337.1,286.5,387.6,exponential_smoothing
SKU-1002,WH-006,2024-07-21,361.9,307.6,416.2,exponential_smoothing
SKU-1002,WH-006,2024-07-22,397.0,337.4,456.5,exponential_smoothing
SKU-1002,WH-006,2024-07-23,383.7,326.2,441.3,exponential_smoothing
SKU-1002,WH-006,2024-07-24,427.4,363.3,491.5,exponential_smoothing
SKU-1002,WH-006,2024-07-25,452.5,384.7,520.4,exponential_smoothing
SKU-1002,WH-006,2024-07-26,375.7,319.3,432.0,exponential_smoothing
SKU-1002,WH-006,2024-07-27,336.2,285.8,386.7,exponential_smoothing
SKU-1002,WH-006,2024-07-28,361.0,306.9,415.2,exponential_smoothing
SKU-1002,WH-006,2024-07-29,396.1,336.7,455.5,exponential_smoothing
SKU-1002,WH-006,2024-07-30,382.8,325.4,440.3,exponential_smoothing
SKU-1002,WH-006,2024-07-31,426.5,362.6,490.5,exponential_smoothing
SKU-1002,WH-006,2024-08-01,451.7,383.9,519.4,exponential_smoothing
SKU-1002,WH-006,2024-08-02,374.8,318.6,431.0,exponential_smoothing
SKU-1002,WH-006,2024-08-03,335.4,285.1,385.7,exponential_smoothing
SKU-1002,WH-006,2024-08-04,360.2,306.2,414.2,exponential_smoothing
SKU-1002,WH-006,2024-08-05,395.2,336.0,454.5,exponential_smoothing
SKU-1002,WH-006,2024-08-06,382.0,324.7,439.3,exponential_smoothing
SKU-1002,WH-006,2024-08-07,425.7,361.8,489.5,exponential_smoothing
SKU-1002,WH-006,2024-08-08,450.8,383.2,518.4,exponential_smoothing
SKU-1002,WH-006,2024-08-09,374.0,317.9,430.0,exponential_smoothing
SKU-1002,WH-006,2024-08-10,334.5,284.3,384.7,exponential_smoothing
SKU-1002,WH-006,2024-08-11,359.3,305.4,413.2,exponential_smoothing
SKU-1002,WH-006,2024-08-12,394.4,335.2,453.5,exponential_smoothing
SKU-1002,WH-006,2024-08-13,381.1,323.9,438.3,exponential_smoothing
SKU-1002,WH-006,2024-08-14,424.8,361.1,488.5,exponential_smoothing
SKU-1002,WH-006,2024-08-15,449.9,382.5,517.4,exponential_smoothing
SKU-1002,WH-006,2024-08-16,373.1,317.1,429.1,exponential_smoothing
SKU-1002,WH-006,2024-08-17,333.6,283.6,383.7,exponential_smoothing
SKU-1002,WH-006,2024-08-18,358.4,304.7,412.2,exponential_smoothing
SKU-1002,WH-006,2024-08-19,393.5,334.5,452.5,exponential_smoothing
SKU-1002,WH-006,2024-08-20,380.3,323.2,437.3,exponential_smoothing
SKU-1002,WH-006,2024-08-21,423.9,360.4,487.5,exponential_smoothing
SKU-1002,WH-006,2024-08-22,449.1,381.7,516.4,exponential_smoothing
SKU-1002,WH-006,2024-08-23,372.2,316.4,428.1,exponential_smoothing
SKU-1002,WH-006,2024-08-24,332.8,282.8,382.7,exponential_smoothing
SKU-1002,WH-006,2024-08-25,357.6,303.9,411.2,exponential_smoothing
SKU-1002,WH-006,2024-08-26,392.6,333.7,451.5,exponential_smoothing
SKU-1002,WH-006,2024-08-27,379.4,322.5,436.3,exponential_smoothing
SKU-1002,WH-006,2024-08-28,423.1,359.6,486.5,exponential_smoothing
SKU-1002,WH-006,2024-08-29,448.2,381.0,515.4,exponential_smoothing
SKU-1002,WH-006,2024-08-30,371.4,315.7,427.1,exponential_smoothing
SKU-1002,WH-006,2024-08-31,331.9,282.1,381.7,exponential_smoothing
SKU-1002,WH-006,2024-09-01,356.7,303.2,410.2,exponential_smoothing
SKU-1002,WH-006,2024-09-02,391.8,333.0,450.5,exponential_smoothing
SKU-1002,WH-006,2024-09-03,378.5,321.7,435.3,exponential_smoothing
SKU-1002,WH-006,2024-09-04,422.2,358.9,485.6,exponential_smoothing
SKU-1002,WH-006,2024-09-05,447.3,380.2,514.5,exponential_smoothing
SKU-1002,WH-006,2024-09-06,370.5,314.9,426.1,exponential_smoothing
SKU-1002,WH-006,2024-09-07,331.0,281.4,380.7,exponential_smoothing
SKU-1002,WH-006,2024-09-08,355.8,302.5,409.2,exponential_smoothing
SKU-1002,WH-006,2024-09-09,390.9,332.3,449.6,exponential_smoothing
SKU-1002,WH-006,2024-09-10,377.7,321.0,434.3,exponential_smoothing
SKU-1002,WH-006,2024-09-11,421.4,358.1,484.6,exponential_smoothing
SKU-1002,WH-006,2024-09-12,446.5,379.5,513.5,exponential_smoothing
SKU-1002,WH-006,2024-09-13,369.6,314.2,425.1,exponential_smoothing
SKU-1002,WH-006,2024-09-14,330.2,280.6,379.7,exponential_smoothing
SKU-1002,WH-006,2024-09-15,355.0,301.7,408.2,exponential_smoothing
SKU-1002,WH-006,2024-09-16,390.0,331.5,448.6,exponential_smoothing
SKU-1002,WH-006,2024-09-17,376.8,320.3,433.3,exponential_smoothing
SKU-1002,WH-006,2024-09-18,420.5,357.4,483.6,exponential_smoothing
SKU-1002,WH-006,2024-09-19,445.6,378.8,512.5,exponential_smoothing
SKU-1002,WH-006,2024-09-20,368.8,313.4,424.1,exponential_smoothing
SKU-1002,WH-006,2024-09-21,329.3,279.9,378.7,exponential_smoothing
SKU-1002,WH-006,2024-09-22,354.1,301.0,407.2,exponential_smoothing
SKU-1002,WH-006,2024-09-23,389.2,330.8,447.6,exponential_smoothing
SKU-1002,WH-006,2024-09-24,375.9,319.5,432.3,exponential_smoothing
SKU-1002,WH-006,2024-09-25,419.6,356.7,482.6,exponential_smoothing
SKU-1002,WH-006,2024-09-26,444.8,378.0,511.5,exponential_smoothing
SKU-1002,WH-007,2024-06-29,393.1,353.8,432.5,moving_average
SKU-1002,WH-007,2024-06-30,393.1,353.8,432.5,moving_average
SKU-1002,WH-007,2024-07-01,393.1,353.8,432.5,moving_average
SKU-1002,WH-007,2024-07-02,393.1,353.8,432.5,moving_average
SKU-1002,WH-007,2024-07-03,393.1,353.8,432.5,moving_average
SKU-1002,WH-007,2024-07-04,393.1,353.8,432.5,moving_average
SKU-1002,WH-007,2024-07-05,393.1,353.8,432.5,moving_average
SKU-1002,WH-007,2024-07-06,393.1,353.8,432.5,moving_average
SKU-1002,WH-007,2024-07-07,393.1,353.8,432.5,moving_average
SKU-1002,WH-007,2024-07-08,393.1,353.8,432.5,moving_average
SKU-1002,WH-007,2024-07-09,393.1,353.8,432.5,moving_average
SKU-1002,WH-007,2024-07-10,393.1,353.8,432.5,moving_average
SKU-1002,WH-007,2024-07-11,393.1,353.8,432.5,moving_average
SKU-1002,WH-007,2024-07-12,393.1,353.8,432.5,moving_average
SKU-1002,WH-007,2024-07-13,393.1,353.8,432.5,moving_average
SKU-1002,WH-007,2024-07-14,393.1,353.8,432.5,moving_average
SKU-1002,WH-007,2024-07-15,393.1,353.8,432.5,moving_average
SKU-1002,WH-007,2024-07-16,393.1,353.8,432.5,moving_average
SKU-1002,WH-007,2024-07-17,393.1,353.8,432.5,moving_average
SKU-1002,WH-007,2024-07-18,393.1,353.8,432.5,moving_average
SKU-1002,WH-007,2024-07-19,393.1,353.8,432.5,moving_average
SKU-1002,WH-007,2024-07-20,393.1,353.8,432.5,moving_average
SKU-1002,WH-007,2024-07-21,393.1,353.8,432.5,moving_average
SKU-1002,WH-007,2024-07-22,393.1,353.8,432.5,moving_average
SKU-1002,WH-007,2024-07-23,393.1,353.8,432.5,moving_average
SKU-1002,WH-007,2024-07-24,393.1,353.8,432.5,moving_average
SKU-1002,WH-007,2024-07-25,393.1,353.8,432.5,moving_average
SKU-1002,WH-007,2024-07-26,393.1,353.8,432.5,moving_average
SKU-1002,WH-007,2024-07-27,393.1,353.8,432.5,moving_average
SKU-1002,WH-007,2024-07-28,393.1,353.8,432.5,moving_average
SKU-1002,WH-007,2024-07-29,393.1,353.8,432.5,moving_average
SKU-1002,WH-007,2024-07-30,393.1,353.8,432.5,moving_average
SKU-1002,WH-007,2024-07-31,393.1,353.8,432.5,moving_average
SKU-1002,WH-007,2024-08-01,393.1,353.8,432.5,moving_average
SKU-1002,WH-007,2024-08-02,393.1,353.8,432.5,moving_average
SKU-1002,WH-007,2024-08-03,393.1,353.8,432.5,moving_average
SKU-1002,WH-007,2024-08-04,393.1,353.8,432.5,moving_average
SKU-1002,WH-007,2024-08-05,393.1,353.8,432.5,moving_average
SKU-1002,WH-007,2024-08-06,393.1,353.8,432.5,moving_average
SKU-1002,WH-007,2024-08-07,393.1,353.8,432.5,moving_average
SKU-1002,WH-007,2024-08-08,393.1,353.8,432.5,moving_average
SKU-1002,WH-007,2024-08-09,393.1,353.8,432.5,moving_average
SKU-1002,WH-007,2024-08-10,393.1,353.8,432.5,moving_average
SKU-1002,WH-007,2024-08-11,393.1,353.8,432.5,moving_average
SKU-1002,WH-007,2024-08-12,393.1,353.8,432.5,moving_average
SKU-1002,WH-007,2024-08-13,393.1,353.8,432.5,moving_average
SKU-1002,WH-007,2024-08-14,393.1,353.8,432.5,moving_average
SKU-1002,WH-007,2024-08-15,393.1,353.8,432.5,moving_average
SKU-1002,WH-007,2024-08-16,393.1,353.8,432.5,moving_average
SKU-1002,WH-007,2024-08-17,393.1,353.8,432.5,moving_average
SKU-1002,WH-007,2024-08-18,393.1,353.8,432.5,moving_average
SKU-1002,WH-007,2024-08-19,393.1,353.8,432.5,moving_average
SKU-1002,WH-007,2024-08-20,393.1,353.8,432.5,moving_average
SKU-1002,WH-007,2024-08-21,393.1,353.8,432.5,moving_average
SKU-1002,WH-007,2024-08-22,393.1,353.8,432.5,moving_average
SKU-1002,WH-007,2024-08-23,393.1,353.8,432.5,moving_average
SKU-1002,WH-007,2024-08-24,393.1,353.8,432.5,moving_average
SKU-1002,WH-007,2024-08-25,393.1,353.8,432.5,moving_average
SKU-1002,WH-007,2024-08-26,393.1,353.8,432.5,moving_average
SKU-1002,WH-007,2024-08-27,393.1,353.8,432.5,moving_average
SKU-1002,WH-007,2024-08-28,393.1,353.8,432.5,moving_average
SKU-1002,WH-007,2024-08-29,393.1,353.8,432.5,moving_average
SKU-1002,WH-007,2024-08-30,393.1,353.8,432.5,moving_average
SKU-1002,WH-007,2024-08-31,393.1,353.8,432.5,moving_average
SKU-1002,WH-007,2024-09-01,393.1,353.8,432.5,moving_average
SKU-1002,WH-007,2024-09-02,393.1,353.8,432.5,moving_average
SKU-1002,WH-007,2024-09-03,393.1,353.8,432.5,moving_average
SKU-1002,WH-007,2024-09-04,393.1,353.8,432.5,moving_average
SKU-1002,WH-007,2024-09-05,393.1,353.8,432.5,moving_average
SKU-1002,WH-007,2024-09-06,393.1,353.8,432.5,moving_average
SKU-1002,WH-007,2024-09-07,393.1,353.8,432.5,moving_average
SKU-1002,WH-007,2024-09-08,393.1,353.8,432.5,moving_average
SKU-1002,WH-007,2024-09-09,393.1,353.8,432.5,moving_average
SKU-1002,WH-007,2024-09-10,393.1,353.8,432.5,moving_average
SKU-1002,WH-007,2024-09-11,393.1,353.8,432.5,moving_average
SKU-1002,WH-007,2024-09-12,393.1,353.8,432.5,moving_average
SKU-1002,WH-007,2024-09-13,393.1,353.8,432.5,moving_average
SKU-1002,WH-007,2024-09-14,393.1,353.8,432.5,moving_average
SKU-1002,WH-007,2024-09-15,393.1,353.8,432.5,moving_average
SKU-1002,WH-007,2024-09-16,393.1,353.8,432.5,moving_average
SKU-1002,WH-007,2024-09-17,393.1,353.8,432.5,moving_average
SKU-1002,WH-007,2024-09-18,393.1,353.8,432.5,moving_average
SKU-1002,WH-007,2024-09-19,393.1,353.8,432.5,moving_average
SKU-1002,WH-007,2024-09-20,393.1,353.8,432.5,moving_average
SKU-1002,WH-007,2024-09-21,393.1,353.8,432.5,moving_average
SKU-1002,WH-007,2024-09-22,393.1,353.8,432.5,moving_average
SKU-1002,WH-007,2024-09-23,393.1,353.8,432.5,moving_average
SKU-1002,WH-007,2024-09-24,393.1,353.8,432.5,moving_average
SKU-1002,WH-007,2024-09-25,393.1,353.8,432.5,moving_average
SKU-1002,WH-007,2024-09-26,393.1,353.8,432.5,moving_average
SKU-1003,WH-001,2024-06-29,358.7,322.8,394.6,moving_average
SKU-1003,WH-001,2024-06-30,358.7,322.8,394.6,moving_average
SKU-1003,WH-001,2024-07-01,358.7,322.8,394.6,moving_average
SKU-1003,WH-001,2024-07-02,358.7,322.8,394.6,moving_average
SKU-1003,WH-001,2024-07-03,358.7,322.8,394.6,moving_average
SKU-1003,WH-001,2024-07-04,358.7,322.8,394.6,moving_average
SKU-1003,WH-001,2024-07-05,358.7,322.8,394.6,moving_average
SKU-1003,WH-001,2024-07-06,358.7,322.8,394.6,moving_average
SKU-1003,WH-001,2024-07-07,358.7,322.8,394.6,moving_average
SKU-1003,WH-001,2024-07-08,358.7,322.8,394.6,moving_average
SKU-1003,WH-001,2024-07-09,358.7,322.8,394.6,moving_average
SKU-1003,WH-001,2024-07-10,358.7,322.8,394.6,moving_average
SKU-1003,WH-001,2024-07-11,358.7,322.8,394.6,moving_average
SKU-1003,WH-001,2024-07-12,358.7,322.8,394.6,moving_average
SKU-1003,WH-001,2024-07-13,358.7,322.8,394.6,moving_average
SKU-1003,WH-001,2024-07-14,358.7,322.8,394.6,moving_average
SKU-1003,WH-001,2024-07-15,358.7,322.8,394.6,moving_average
SKU-1003,WH-001,2024-07-16,358.7,322.8,394.6,moving_average
SKU-1003,WH-001,2024-07-17,358.7,322.8,394.6,moving_average
SKU-1003,WH-001,2024-07-18,358.7,322.8,394.6,moving_average
SKU-1003,WH-001,2024-07-19,358.7,322.8,394.6,moving_average
SKU-1003,WH-001,2024-07-20,358.7,322.8,394.6,moving_average
SKU-1003,WH-001,2024-07-21,358.7,322.8,394.6,moving_average
SKU-1003,WH-001,2024-07-22,358.7,322.8,394.6,moving_average
SKU-1003,WH-001,2024-07-23,358.7,322.8,394.6,moving_average
SKU-1003,WH-001,2024-07-24,358.7,322.8,394.6,moving_average
SKU-1003,WH-001,2024-07-25,358.7,322.8,394.6,moving_average
SKU-1003,WH-001,2024-07-26,358.7,322.8,394.6,moving_average
SKU-1003,WH-001,2024-07-27,358.7,322.8,394.6,moving_average
SKU-1003,WH-001,2024-07-28,358.7,322.8,394.6,moving_average
SKU-1003,WH-001,2024-07-29,358.7,322.8,394.6,moving_average
SKU-1003,WH-001,2024-07-30,358.7,322.8,394.6,moving_average
SKU-1003,WH-001,2024-07-31,358.7,322.8,394.6,moving_average
SKU-1003,WH-001,2024-08-01,358.7,322.8,394.6,moving_average
SKU-1003,WH-001,2024-08-02,358.7,322.8,394.6,moving_average
SKU-1003,WH-001,2024-08-03,358.7,322.8,394.6,moving_average
SKU-1003,WH-001,2024-08-04,358.7,322.8,394.6,moving_average
SKU-1003,WH-001,2024-08-05,358.7,322.8,394.6,moving_average
SKU-1003,WH-001,2024-08-06,358.7,322.8,394.6,moving_average
SKU-1003,WH-001,2024-08-07,358.7,322.8,394.6,moving_average
SKU-1003,WH-001,2024-08-08,358.7,322.8,394.6,moving_average
SKU-1003,WH-001,2024-08-09,358.7,322.8,394.6,moving_average
SKU-1003,WH-001,2024-08-10,358.7,322.8,394.6,moving_average
SKU-1003,WH-001,2024-08-11,358.7,322.8,394.6,moving_average
SKU-1003,WH-001,2024-08-12,358.7,322.8,394.6,moving_average
SKU-1003,WH-001,2024-08-13,358.7,322.8,394.6,moving_average
SKU-1003,WH-001,2024-08-14,358.7,322.8,394.6,moving_average
SKU-1003,WH-001,2024-08-15,358.7,322.8,394.6,moving_average
SKU-1003,WH-001,2024-08-16,358.7,322.8,394.6,moving_average
SKU-1003,WH-001,2024-08-17,358.7,322.8,394.6,moving_average
SKU-1003,WH-001,2024-08-18,358.7,322.8,394.6,moving_average
SKU-1003,WH-001,2024-08-19,358.7,322.8,394.6,moving_average
SKU-1003,WH-001,2024-08-20,358.7,322.8,394.6,moving_average
SKU-1003,WH-001,2024-08-21,358.7,322.8,394.6,moving_average
SKU-1003,WH-001,2024-08-22,358.7,322.8,394.6,moving_average
SKU-1003,WH-001,2024-08-23,358.7,322.8,394.6,moving_average
SKU-1003,WH-001,2024-08-24,358.7,322.8,394.6,moving_average
SKU-1003,WH-001,2024-08-25,358.7,322.8,394.6,moving_average
SKU-1003,WH-001,2024-08-26,358.7,322.8,394.6,moving_average
SKU-1003,WH-001,2024-08-27,358.7,322.8,394.6,moving_average
SKU-1003,WH-001,2024-08-28,358.7,322.8,394.6,moving_average
SKU-1003,WH-001,2024-08-29,358.7,322.8,394.6,moving_average
SKU-1003,WH-001,2024-08-30,358.7,322.8,394.6,moving_average
SKU-1003,WH-001,2024-08-31,358.7,322.8,394.6,moving_average
SKU-1003,WH-001,2024-09-01,358.7,322.8,394.6,moving_average
SKU-1003,WH-001,2024-09-02,358.7,322.8,394.6,moving_average
SKU-1003,WH-001,2024-09-03,358.7,322.8,394.6,moving_average
SKU-1003,WH-001,2024-09-04,358.7,322.8,394.6,moving_average
SKU-1003,WH-001,2024-09-05,358.7,322.8,394.6,moving_average
SKU-1003,WH-001,2024-09-06,358.7,322.8,394.6,moving_average
SKU-1003,WH-001,2024-09-07,358.7,322.8,394.6,moving_average
SKU-1003,WH-001,2024-09-08,358.7,322.8,394.6,moving_average
SKU-1003,WH-001,2024-09-09,358.7,322.8,394.6,moving_average
SKU-1003,WH-001,2024-09-10,358.7,322.8,394.6,moving_average
SKU-1003,WH-001,2024-09-11,358.7,322.8,394.6,moving_average
SKU-1003,WH-001,2024-09-12,358.7,322.8,394.6,moving_average
SKU-1003,WH-001,2024-09-13,358.7,322.8,394.6,moving_average
SKU-1003,WH-001,2024-09-14,358.7,322.8,394.6,moving_average
SKU-1003,WH-001,2024-09-15,358.7,322.8,394.6,moving_average
SKU-1003,WH-001,2024-09-16,358.7,322.8,394.6,moving_average
SKU-1003,WH-001,2024-09-17,358.7,322.8,394.6,moving_average
SKU-1003,WH-001,2024-09-18,358.7,322.8,394.6,moving_average
SKU-1003,WH-001,2024-09-19,358.7,322.8,394.6,moving_average
SKU-1003,WH-001,2024-09-20,358.7,322.8,394.6,moving_average
SKU-1003,WH-001,2024-09-21,358.7,322.8,394.6,moving_average
SKU-1003,WH-001,2024-09-22,358.7,322.8,394.6,moving_average
SKU-1003,WH-001,2024-09-23,358.7,322.8,394.6,moving_average
SKU-1003,WH-001,2024-09-24,358.7,322.8,394.6,moving_average
SKU-1003,WH-001,2024-09-25,358.7,322.8,394.6,moving_average
SKU-1003,WH-001,2024-09-26,358.7,322.8,394.6,moving_average
SKU-1003,WH-002,2024-06-29,372.3,335.1,409.6,moving_average
SKU-1003,WH-002,2024-06-30,372.3,335.1,409.6,moving_average
SKU-1003,WH-002,2024-07-01,372.3,335.1,409.6,moving_average
SKU-1003,WH-002,2024-07-02,372.3,335.1,409.6,moving_average
SKU-1003,WH-002,2024-07-03,372.3,335.1,409.6,moving_average
SKU-1003,WH-002,2024-07-04,372.3,335.1,409.6,moving_average
SKU-1003,WH-002,2024-07-05,372.3,335.1,409.6,moving_average
SKU-1003,WH-002,2024-07-06,372.3,335.1,409.6,moving_average
SKU-1003,WH-002,2024-07-07,372.3,335.1,409.6,moving_average
SKU-1003,WH-002,2024-07-08,372.3,335.1,409.6,moving_average
SKU-1003,WH-002,2024-07-09,372.3,335.1,409.6,moving_average
SKU-1003,WH-002,2024-07-10,372.3,335.1,409.6,moving_average
SKU-1003,WH-002,2024-07-11,372.3,335.1,409.6,moving_average
SKU-1003,WH-002,2024-07-12,372.3,335.1,409.6,moving_average
SKU-1003,WH-002,2024-07-13,372.3,335.1,409.6,moving_average
SKU-1003,WH-002,2024-07-14,372.3,335.1,409.6,moving_average
SKU-1003,WH-002,2024-07-15,372.3,335.1,409.6,moving_average
SKU-1003,WH-002,2024-07-16,372.3,335.1,409.6,moving_average
SKU-1003,WH-002,2024-07-17,372.3,335.1,409.6,moving_average
SKU-1003,WH-002,2024-07-18,372.3,335.1,409.6,moving_average
SKU-1003,WH-002,2024-07-19,372.3,335.1,409.6,moving_average
SKU-1003,WH-002,2024-07-20,372.3,335.1,409.6,moving_average
SKU-1003,WH-002,2024-07-21,372.3,335.1,409.6,moving_average
SKU-1003,WH-002,2024-07-22,372.3,335.1,409.6,moving_average
SKU-1003,WH-002,2024-07-23,372.3,335.1,409.6,moving_average
SKU-1003,WH-002,2024-07-24,372.3,335.1,409.6,moving_average
SKU-1003,WH-002,2024-07-25,372.3,335.1,409.6,moving_average
SKU-1003,WH-002,2024-07-26,372.3,335.1,409.6,moving_average
SKU-1003,WH-002,2024-07-27,372.3,335.1,409.6,moving_average
SKU-1003,WH-002,2024-07-28,372.3,335.1,409.6,moving_average
SKU-1003,WH-002,2024-07-29,372.3,335.1,409.6,moving_average
SKU-1003,WH-002,2024-07-30,372.3,335.1,409.6,moving_average
SKU-1003,WH-002,2024-07-31,372.3,335.1,409.6,moving_average
SKU-1003,WH-002,2024-08-01,372.3,335.1,409.6,moving_average
SKU-1003,WH-002,2024-08-02,372.3,335.1,409.6,moving_average
SKU-1003,WH-002,2024-08-03,372.3,335.1,409.6,moving_average
SKU-1003,WH-002,2024-08-04,372.3,335.1,409.6,moving_average
SKU-1003,WH-002,2024-08-05,372.3,335.1,409.6,moving_average
SKU-1003,WH-002,2024-08-06,372.3,335.1,409.6,moving_average
SKU-1003,WH-002,2024-08-07,372.3,335.1,409.6,moving_average
SKU-1003,WH-002,2024-08-08,372.3,335.1,409.6,moving_average
SKU-1003,WH-002,2024-08-09,372.3,335.1,409.6,moving_average
SKU-1003,WH-002,2024-08-10,372.3,335.1,409.6,moving_average
SKU-1003,WH-002,2024-08-11,372.3,335.1,409.6,moving_average
SKU-1003,WH-002,2024-08-12,372.3,335.1,409.6,moving_average
SKU-1003,WH-002,2024-08-13,372.3,335.1,409.6,moving_average
SKU-1003,WH-002,2024-08-14,372.3,335.1,409.6,moving_average
SKU-1003,WH-002,2024-08-15,372.3,335.1,409.6,moving_average
SKU-1003,WH-002,2024-08-16,372.3,335.1,409.6,moving_average
SKU-1003,WH-002,2024-08-17,372.3,335.1,409.6,moving_average
SKU-1003,WH-002,2024-08-18,372.3,335.1,409.6,moving_average
SKU-1003,WH-002,2024-08-19,372.3,335.1,409.6,moving_average
SKU-1003,WH-002,2024-08-20,372.3,335.1,409.6,moving_average
SKU-1003,WH-002,2024-08-21,372.3,335.1,409.6,moving_average
SKU-1003,WH-002,2024-08-22,372.3,335.1,409.6,moving_average
SKU-1003,WH-002,2024-08-23,372.3,335.1,409.6,moving_average
SKU-1003,WH-002,2024-08-24,372.3,335.1,409.6,moving_average
SKU-1003,WH-002,2024-08-25,372.3,335.1,409.6,moving_average
SKU-1003,WH-002,2024-08-26,372.3,335.1,409.6,moving_average
SKU-1003,WH-002,2024-08-27,372.3,335.1,409.6,moving_average
SKU-1003,WH-002,2024-08-28,372.3,335.1,409.6,moving_average
SKU-1003,WH-002,2024-08-29,372.3,335.1,409.6,moving_average
SKU-1003,WH-002,2024-08-30,372.3,335.1,409.6,moving_average
SKU-1003,WH-002,2024-08-31,372.3,335.1,409.6,moving_average
SKU-1003,WH-002,2024-09-01,372.3,335.1,409.6,moving_average
SKU-1003,WH-002,2024-09-02,372.3,335.1,409.6,moving_average
SKU-1003,WH-002,2024-09-03,372.3,335.1,409.6,moving_average
SKU-1003,WH-002,2024-09-04,372.3,335.1,409.6,moving_average
SKU-1003,WH-002,2024-09-05,372.3,335.1,409.6,moving_average
SKU-1003,WH-002,2024-09-06,372.3,335.1,409.6,moving_average
SKU-1003,WH-002,2024-09-07,372.3,335.1,409.6,moving_average
SKU-1003,WH-002,2024-09-08,372.3,335.1,409.6,moving_average
SKU-1003,WH-002,2024-09-09,372.3,335.1,409.6,moving_average
SKU-1003,WH-002,2024-09-10,372.3,335.1,409.6,moving_average
SKU-1003,WH-002,2024-09-11,372.3,335.1,409.6,moving_average
SKU-1003,WH-002,2024-09-12,372.3,335.1,409.6,moving_average
SKU-1003,WH-002,2024-09-13,372.3,335.1,409.6,moving_average
SKU-1003,WH-002,2024-09-14,372.3,335.1,409.6,moving_average
SKU-1003,WH-002,2024-09-15,372.3,335.1,409.6,moving_average
SKU-1003,WH-002,2024-09-16,372.3,335.1,409.6,moving_average
SKU-1003,WH-002,2024-09-17,372.3,335.1,409.6,moving_average
SKU-1003,WH-002,2024-09-18,372.3,335.1,409.6,moving_average
SKU-1003,WH-002,2024-09-19,372.3,335.1,409.6,moving_average
SKU-1003,WH-002,2024-09-20,372.3,335.1,409.6,moving_average
SKU-1003,WH-002,2024-09-21,372.3,335.1,409.6,moving_average
SKU-1003,WH-002,2024-09-22,372.3,335.1,409.6,moving_average
SKU-1003,WH-002,2024-09-23,372.3,335.1,409.6,moving_average
SKU-1003,WH-002,2024-09-24,372.3,335.1,409.6,moving_average
SKU-1003,WH-002,2024-09-25,372.3,335.1,409.6,moving_average
SKU-1003,WH-002,2024-09-26,372.3,335.1,409.6,moving_average
SKU-1003,WH-003,2024-06-29,357.3,303.7,410.9,exponential_smoothing
SKU-1003,WH-003,2024-06-30,344.8,293.1,396.5,exponential_smoothing
SKU-1003,WH-003,2024-07-01,425.9,362.0,489.8,exponential_smoothing
SKU-1003,WH-003,2024-07-02,386.2,328.2,444.1,exponential_smoothing
SKU-1003,WH-003,2024-07-03,403.3,342.8,463.8,exponential_smoothing
SKU-1003,WH-003,2024-07-04,390.2,331.6,448.7,exponential_smoothing
SKU-1003,WH-003,2024-07-05,380.4,323.4,437.5,exponential_smoothing
SKU-1003,WH-003,2024-07-06,358.5,304.8,412.3,exponential_smoothing
SKU-1003,WH-003,2024-07-07,346.0,294.1,397.9,exponential_smoothing
SKU-1003,WH-003,2024-07-08,427.1,363.0,491.2,exponential_smoothing
SKU-1003,WH-003,2024-07-09,387.4,329.3,445.5,exponential_smoothing
SKU-1003,WH-003,2024-07-10,404.5,343.8,465.1,exponential_smoothing
SKU-1003,WH-003,2024-07-11,391.4,332.7,450.1,exponential_smoothing
SKU-1003,WH-003,2024-07-12,381.6,324.4,438.9,exponential_smoothing
SKU-1003,WH-003,2024-07-13,359.7,305.8,413.7,exponential_smoothing
SKU-1003,WH-003,2024-07-14,347.2,295.1,399.3,exponential_smoothing
SKU-1003,WH-003,2024-07-15,428.3,364.1,492.5,exponential_smoothing
SKU-1003,WH-003,2024-07-16,388.6,330.3,446.9,exponential_smoothing
SKU-1003,WH-003,2024-07-17,405.7,344.8,466.5,exponential_smoothing
SKU-1003,WH-003,2024-07-18,392.6,333.7,451.5,exponential_smoothing
SKU-1003,WH-003,2024-07-19,382.8,325.4,440.3,exponential_smoothing
SKU-1003,WH-003,2024-07-20,360.9,306.8,415.1,exponential_smoothing
SKU-1003,WH-003,2024-07-21,348.4,296.1,400.6,exponential_smoothing
SKU-1003,WH-003,2024-07-22,429.5,365.1,493.9,exponential_smoothing
SKU-1003,WH-003,2024-07-23,389.8,331.3,448.2,exponential_smoothing
SKU-1003,WH-003,2024-07-24,406.9,345.8,467.9,exponential_smoothing
SKU-1003,WH-003,2024-07-25,393.8,334.7,452.8,exponential_smoothing
SKU-1003,WH-003,2024-07-26,384.1,326.4,441.7,exponential_smoothing
SKU-1003,WH-003,2024-07-27,362.1,307.8,416.5,exponential_smoothing
SKU-1003,WH-003,2024-07-28,349.6,297.2,402.0,exponential_smoothing
SKU-1003,WH-003,2024-07-29,430.7,366.1,495.3,exponential_smoothing
SKU-1003,WH-003,2024-07-30,391.0,332.3,449.6,exponential_smoothing
SKU-1003,WH-003,2024-07-31,408.1,346.9,469.3,exponential_smoothing
SKU-1003,WH-003,2024-08-01,395.0,335.7,454.2,exponential_smoothing
SKU-1003,WH-003,2024-08-02,385.3,327.5,443.0,exponential_smoothing
SKU-1003,WH-003,2024-08-03,363.3,308.8,417.8,exponential_smoothing
SKU-1003,WH-003,2024-08-04,350.8,298.2,403.4,exponential_smoothing
SKU-1003,WH-003,2024-08-05,431.9,367.1,496.7,exponential_smoothing
SKU-1003,WH-003,2024-08-06,392.2,333.4,451.0,exponential_smoothing
SKU-1003,WH-003,2024-08-07,409.3,347.9,470.7,exponential_smoothing
SKU-1003,WH-003,2024-08-08,396.2,336.7,455.6,exponential_smoothing
SKU-1003,WH-003,2024-08-09,386.5,328.5,444.4,exponential_smoothing
SKU-1003,WH-003,2024-08-10,364.5,309.9,419.2,exponential_smoothing
SKU-1003,WH-003,2024-08-11,352.0,299.2,404.8,exponential_smoothing
SKU-1003,WH-003,2024-08-12,433.1,368.1,498.1,exponential_smoothing
SKU-1003,WH-003,2024-08-13,393.4,334.4,452.4,exponential_smoothing
SKU-1003,WH-003,2024-08-14,410.5,348.9,472.1,exponential_smoothing
SKU-1003,WH-003,2024-08-15,397.4,337.8,457.0,exponential_smoothing
SKU-1003,WH-003,2024-08-16,387.7,329.5,445.8,exponential_smoothing
SKU-1003,WH-003,2024-08-17,365.8,310.9,420.6,exponential_smoothing
SKU-1003,WH-003,2024-08-18,353.2,300.2,406.2,exponential_smoothing
SKU-1003,WH-003,2024-08-19,434.3,369.2,499.5,exponential_smoothing
SKU-1003,WH-003,2024-08-20,394.6,335.4,453.8,exponential_smoothing
SKU-1003,WH-003,2024-08-21,411.7,349.9,473.4,exponential_smoothing
SKU-1003,WH-003,2024-08-22,398.6,338.8,458.4,exponential_smoothing
SKU-1003,WH-003,2024-08-23,388.9,330.5,447.2,exponential_smoothing
SKU-1003,WH-003,2024-08-24,367.0,311.9,422.0,exponential_smoothing
SKU-1003,WH-003,2024-08-25,354.4,301.2,407.6,exponential_smoothing
SKU-1003,WH-003,2024-08-26,435.5,370.2,500.8,exponential_smoothing
SKU-1003,WH-003,2024-08-27,395.8,336.4,455.2,exponential_smoothing
SKU-1003,WH-003,2024-08-28,412.9,351.0,474.8,exponential_smoothing
SKU-1003,WH-003,2024-08-29,399.8,339.8,459.8,exponential_smoothing
SKU-1003,WH-003,2024-08-30,390.1,331.6,448.6,exponential_smoothing
SKU-1003,WH-003,2024-08-31,368.2,312.9,423.4,exponential_smoothing
SKU-1003,WH-003,2024-09-01,355.6,302.3,408.9,exponential_smoothing
SKU-1003,WH-003,2024-09-02,436.7,371.2,502.2,exponential_smoothing
SKU-1003,WH-003,2024-09-03,397.0,337.4,456.5,exponential_smoothing
SKU-1003,WH-003,2024-09-04,414.1,352.0,476.2,exponential_smoothing
SKU-1003,WH-003,2024-09-05,401.0,340.8,461.1,exponential_smoothing
SKU-1003,WH-003,2024-09-06,391.3,332.6,450.0,exponential_smoothing
SKU-1003,WH-003,2024-09-07,369.4,314.0,424.8,exponential_smoothing
SKU-1003,WH-003,2024-09-08,356.8,303.3,410.3,exponential_smoothing
SKU-1003,WH-003,2024-09-09,437.9,372.2,503.6,exponential_smoothing
SKU-1003,WH-003,2024-09-10,398.2,338.5,457.9,exponential_smoothing
SKU-1003,WH-003,2024-09-11,415.3,353.0,477.6,exponential_smoothing
SKU-1003,WH-003,2024-09-12,402.2,341.9,462.5,exponential_smoothing
SKU-1003,WH-003,2024-09-13,392.5,333.6,451.3,exponential_smoothing
SKU-1003,WH-003,2024-09-14,370.6,315.0,426.1,exponential_smoothing
SKU-1003,WH-003,2024-09-15,515.2,437.9,592.5,exponential_smoothing
SKU-1003,WH-003,2024-09-16,631.9,537.1,726.7,exponential_smoothing
SKU-1003,WH-003,2024-09-17,574.7,488.5,661.0,exponential_smoothing
SKU-1003,WH-003,2024-09-18,599.3,509.4,689.2,exponential_smoothing
SKU-1003,WH-003,2024-09-19,580.5,493.4,667.6,exponential_smoothing
SKU-1003,WH-003,2024-09-20,566.5,481.5,651.5,exponential_smoothing
SKU-1003,WH-003,2024-09-21,535.0,454.7,615.2,exponential_smoothing
SKU-1003,WH-003,2024-09-22,516.9,439.4,594.4,exponential_smoothing
SKU-1003,WH-003,2024-09-23,633.6,538.6,728.7,exponential_smoothing
SKU-1003,WH-003,2024-09-24,400.6,340.5,460.7,exponential_smoothing
SKU-1003,WH-003,2024-09-25,417.7,355.0,480.4,exponential_smoothing
SKU-1003,WH-003,2024-09-26,404.6,343.9,465.3,exponential_smoothing
SKU-1003,WH-004,2024-06-29,432.1,388.9,475.4,moving_average
SKU-1003,WH-004,2024-06-30,432.1,388.9,475.4,moving_average
SKU-1003,WH-004,2024-07-01,432.1,388.9,475.4,moving_average
SKU-1003,WH-004,2024-07-02,432.1,388.9,475.4,moving_average
SKU-1003,WH-004,2024-07-03,432.1,388.9,475.4,moving_average
SKU-1003,WH-004,2024-07-04,432.1,388.9,475.4,moving_average
SKU-1003,WH-004,2024-07-05,432.1,388.9,475.4,moving_average
SKU-1003,WH-004,2024-07-06,432.1,388.9,475.4,moving_average
SKU-1003,WH-004,2024-07-07,432.1,388.9,475.4,moving_average
SKU-1003,WH-004,2024-07-08,432.1,388.9,475.4,moving_average
SKU-1003,WH-004,2024-07-09,432.1,388.9,475.4,moving_average
SKU-1003,WH-004,2024-07-10,432.1,388.9,475.4,moving_average
SKU-1003,WH-004,2024-07-11,432.1,388.9,475.4,moving_average
SKU-1003,WH-004,2024-07-12,432.1,388.9,475.4,moving_average
SKU-1003,WH-004,2024-07-13,432.1,388.9,475.4,moving_average
SKU-1003,WH-004,2024-07-14,432.1,388.9,475.4,moving_average
SKU-1003,WH-004,2024-07-15,432.1,388.9,475.4,moving_average
SKU-1003,WH-004,2024-07-16,432.1,388.9,475.4,moving_average
SKU-1003,WH-004,2024-07-17,432.1,388.9,475.4,moving_average
SKU-1003,WH-004,2024-07-18,432.1,388.9,475.4,moving_average
SKU-1003,WH-004,2024-07-19,432.1,388.9,475.4,moving_average
SKU-1003,WH-004,2024-07-20,432.1,388.9,475.4,moving_average
SKU-1003,WH-004,2024-07-21,432.1,388.9,475.4,moving_average
SKU-1003,WH-004,2024-07-22,432.1,388.9,475.4,moving_average
SKU-1003,WH-004,2024-07-23,432.1,388.9,475.4,moving_average
SKU-1003,WH-004,2024-07-24,432.1,388.9,475.4,moving_average
SKU-1003,WH-004,2024-07-25,432.1,388.9,475.4,moving_average
SKU-1003,WH-004,2024-07-26,432.1,388.9,475.4,moving_average
SKU-1003,WH-004,2024-07-27,432.1,388.9,475.4,moving_average
SKU-1003,WH-004,2024-07-28,432.1,388.9,475.4,moving_average
SKU-1003,WH-004,2024-07-29,432.1,388.9,475.4,moving_average
SKU-1003,WH-004,2024-07-30,432.1,388.9,475.4,moving_average
SKU-1003,WH-004,2024-07-31,432.1,388.9,475.4,moving_average
SKU-1003,WH-004,2024-08-01,432.1,388.9,475.4,moving_average
SKU-1003,WH-004,2024-08-02,432.1,388.9,475.4,moving_average
SKU-1003,WH-004,2024-08-03,432.1,388.9,475.4,moving_average
SKU-1003,WH-004,2024-08-04,432.1,388.9,475.4,moving_average
SKU-1003,WH-004,2024-08-05,432.1,388.9,475.4,moving_average
SKU-1003,WH-004,2024-08-06,432.1,388.9,475.4,moving_average
SKU-1003,WH-004,2024-08-07,432.1,388.9,475.4,moving_average
SKU-1003,WH-004,2024-08-08,432.1,388.9,475.4,moving_average
SKU-1003,WH-004,2024-08-09,432.1,388.9,475.4,moving_average
SKU-1003,WH-004,2024-08-10,432.1,388.9,475.4,moving_average
SKU-1003,WH-004,2024-08-11,432.1,388.9,475.4,moving_average
SKU-1003,WH-004,2024-08-12,432.1,388.9,475.4,moving_average
SKU-1003,WH-004,2024-08-13,432.1,388.9,475.4,moving_average
SKU-1003,WH-004,2024-08-14,432.1,388.9,475.4,moving_average
SKU-1003,WH-004,2024-08-15,432.1,388.9,475.4,moving_average
SKU-1003,WH-004,2024-08-16,432.1,388.9,475.4,moving_average
SKU-1003,WH-004,2024-08-17,432.1,388.9,475.4,moving_average
SKU-1003,WH-004,2024-08-18,432.1,388.9,475.4,moving_average
SKU-1003,WH-004,2024-08-19,432.1,388.9,475.4,moving_average
SKU-1003,WH-004,2024-08-20,432.1,388.9,475.4,moving_average
SKU-1003,WH-004,2024-08-21,432.1,388.9,475.4,moving_average
SKU-1003,WH-004,2024-08-22,432.1,388.9,475.4,moving_average
SKU-1003,WH-004,2024-08-23,432.1,388.9,475.4,moving_average
SKU-1003,WH-004,2024-08-24,432.1,388.9,475.4,moving_average
SKU-1003,WH-004,2024-08-25,432.1,388.9,475.4,moving_average
SKU-1003,WH-004,2024-08-26,432.1,388.9,475.4,moving_average
SKU-1003,WH-004,2024-08-27,432.1,388.9,475.4,moving_average
SKU-1003,WH-004,2024-08-28,432.1,388.9,475.4,moving_average
SKU-1003,WH-004,2024-08-29,432.1,388.9,475.4,moving_average
SKU-1003,WH-004,2024-08-30,432.1,388.9,475.4,moving_average
SKU-1003,WH-004,2024-08-31,432.1,388.9,475.4,moving_average
SKU-1003,WH-004,2024-09-01,432.1,388.9,475.4,moving_average
SKU-1003,WH-004,2024-09-02,432.1,388.9,475.4,moving_average
SKU-1003,WH-004,2024-09-03,432.1,388.9,475.4,moving_average
SKU-1003,WH-004,2024-09-04,432.1,388.9,475.4,moving_average
SKU-1003,WH-004,2024-09-05,432.1,388.9,475.4,moving_average
SKU-1003,WH-004,2024-09-06,432.1,388.9,475.4,moving_average
SKU-1003,WH-004,2024-09-07,432.1,388.9,475.4,moving_average
SKU-1003,WH-004,2024-09-08,432.1,388.9,475.4,moving_average
SKU-1003,WH-004,2024-09-09,432.1,388.9,475.4,moving_average
SKU-1003,WH-004,2024-09-10,432.1,388.9,475.4,moving_average
SKU-1003,WH-004,2024-09-11,432.1,388.9,475.4,moving_average
SKU-1003,WH-004,2024-09-12,432.1,388.9,475.4,moving_average
SKU-1003,WH-004,2024-09-13,432.1,388.9,475.4,moving_average
SKU-1003,WH-004,2024-09-14,432.1,388.9,475.4,moving_average
SKU-1003,WH-004,2024-09-15,432.1,388.9,475.4,moving_average
SKU-1003,WH-004,2024-09-16,432.1,388.9,475.4,moving_average
SKU-1003,WH-004,2024-09-17,432.1,388.9,475.4,moving_average
SKU-1003,WH-004,2024-09-18,432.1,388.9,475.4,moving_average
SKU-1003,WH-004,2024-09-19,432.1,388.9,475.4,moving_average
SKU-1003,WH-004,2024-09-20,432.1,388.9,475.4,moving_average
SKU-1003,WH-004,2024-09-21,432.1,388.9,475.4,moving_average
SKU-1003,WH-004,2024-09-22,432.1,388.9,475.4,moving_average
SKU-1003,WH-004,2024-09-23,432.1,388.9,475.4,moving_average
SKU-1003,WH-004,2024-09-24,432.1,388.9,475.4,moving_average
SKU-1003,WH-004,2024-09-25,432.1,388.9,475.4,moving_average
SKU-1003,WH-004,2024-09-26,432.1,388.9,475.4,moving_average
SKU-1003,WH-005,2024-06-29,230.1,184.0,276.1,xgboost
SKU-1003,WH-005,2024-06-30,264.0,211.2,316.8,xgboost
SKU-1003,WH-005,2024-07-01,238.5,190.8,286.2,xgboost
SKU-1003,WH-005,2024-07-02,390.1,312.1,468.1,xgboost
SKU-1003,WH-005,2024-07-03,322.4,257.9,386.9,xgboost
SKU-1003,WH-005,2024-07-04,401.6,321.3,482.0,xgboost
SKU-1003,WH-005,2024-07-05,481.6,385.2,577.9,xgboost
SKU-1003,WH-005,2024-07-06,513.5,410.8,616.1,xgboost
SKU-1003,WH-005,2024-07-07,436.5,349.2,523.8,xgboost
SKU-1003,WH-005,2024-07-08,390.0,312.0,468.0,xgboost
SKU-1003,WH-005,2024-07-09,416.0,332.8,499.2,xgboost
SKU-1003,WH-005,2024-07-10,496.8,397.4,596.1,xgboost
SKU-1003,WH-005,2024-07-11,380.8,304.6,456.9,xgboost
SKU-1003,WH-005,2024-07-12,433.7,346.9,520.4,xgboost
SKU-1003,WH-005,2024-07-13,471.7,377.3,566.0,xgboost
SKU-1003,WH-005,2024-07-14,390.0,312.0,468.0,xgboost
SKU-1003,WH-005,2024-07-15,447.1,357.7,536.6,xgboost
SKU-1003,WH-005,2024-07-16,487.7,390.2,585.3,xgboost
SKU-1003,WH-005,2024-07-17,333.2,266.6,399.8,xgboost
SKU-1003,WH-005,2024-07-18,384.1,307.3,461.0,xgboost
SKU-1003,WH-005,2024-07-19,290.9,232.8,349.1,xgboost
SKU-1003,WH-005,2024-07-20,403.1,322.5,483.7,xgboost
SKU-1003,WH-005,2024-07-21,328.5,262.8,394.2,xgboost
SKU-1003,WH-005,2024-07-22,431.0,344.8,517.1,xgboost
SKU-1003,WH-005,2024-07-23,371.6,297.2,445.9,xgboost
SKU-1003,WH-005,2024-07-24,250.3,200.2,300.3,xgboost
SKU-1003,WH-005,2024-07-25,362.0,289.6,434.4,xgboost
SKU-1003,WH-005,2024-07-26,252.8,202.3,303.4,xgboost
SKU-1003,WH-005,2024-07-27,324.8,259.9,389.8,xgboost
SKU-1003,WH-005,2024-07-28,289.1,231.3,346.9,xgboost
SKU-1003,WH-005,2024-07-29,291.8,233.4,350.1,xgboost
SKU-1003,WH-005,2024-07-30,274.5,219.6,329.4,xgboost
SKU-1003,WH-005,2024-07-31,317.0,253.6,380.4,xgboost
SKU-1003,WH-005,2024-08-01,334.9,267.9,401.9,xgboost
SKU-1003,WH-005,2024-08-02,416.6,333.3,499.9,xgboost
SKU-1003,WH-005,2024-08-03,422.7,338.1,507.2,xgboost
SKU-1003,WH-005,2024-08-04,397.8,318.2,477.3,xgboost
SKU-1003,WH-005,2024-08-05,451.0,360.8,541.2,xgboost
SKU-1003,WH-005,2024-08-06,513.7,411.0,616.4,xgboost
SKU-1003,WH-005,2024-08-07,373.7,299.0,448.4,xgboost
SKU-1003,WH-005,2024-08-08,334.9,267.9,401.9,xgboost
SKU-1003,WH-005,2024-08-09,547.0,437.6,656.4,xgboost
SKU-1003,WH-005,2024-08-10,499.5,399.6,599.4,xgboost
SKU-1003,WH-005,2024-08-11,339.9,271.9,407.9,xgboost
SKU-1003,WH-005,2024-08-12,422.9,338.4,507.5,xgboost
SKU-1003,WH-005,2024-08-13,433.2,346.6,519.9,xgboost
SKU-1003,WH-005,2024-08-14,338.4,270.8,406.1,xgboost
SKU-1003,WH-005,2024-08-15,338.7,271.0,406.4,xgboost
SKU-1003,WH-005,2024-08-16,450.0,360.0,540.0,xgboost
SKU-1003,WH-005,2024-08-17,390.0,312.0,467.9,xgboost
SKU-1003,WH-005,2024-08-18,280.5,224.4,336.6,xgboost
SKU-1003,WH-005,2024-08-19,397.2,317.8,476.7,xgboost
SKU-1003,WH-005,2024-08-20,298.8,239.1,358.6,xgboost
SKU-1003,WH-005,2024-08-21,363.0,290.4,435.6,xgboost
SKU-1003,WH-005,2024-08-22,276.1,220.8,331.3,xgboost
SKU-1003,WH-005,2024-08-23,407.2,325.7,488.6,xgboost
SKU-1003,WH-005,2024-08-24,280.3,224.3,336.4,xgboost
SKU-1003,WH-005,2024-08-25,380.6,304.5,456.7,xgboost
SKU-1003,WH-005,2024-08-26,375.3,300.2,450.4,xgboost
SKU-1003,WH-005,2024-08-27,364.6,291.7,437.6,xgboost
SKU-1003,WH-005,2024-08-28,333.2,266.5,399.8,xgboost
SKU-1003,WH-005,2024-08-29,321.9,257.6,386.3,xgboost
SKU-1003,WH-005,2024-08-30,348.5,278.8,418.2,xgboost
SKU-1003,WH-005,2024-08-31,355.4,284.3,426.4,xgboost
SKU-1003,WH-005,2024-09-01,360.6,288.4,432.7,xgboost
SKU-1003,WH-005,2024-09-02,437.8,350.2,525.3,xgboost
SKU-1003,WH-005,2024-09-03,490.9,392.7,589.0,xgboost
SKU-1003,WH-005,2024-09-04,301.8,241.5,362.2,xgboost
SKU-1003,WH-005,2024-09-05,382.8,306.2,459.3,xgboost
SKU-1003,WH-005,2024-09-06,463.8,371.1,556.6,xgboost
SKU-1003,WH-005,2024-09-07,499.0,399.2,598.7,xgboost
SKU-1003,WH-005,2024-09-08,389.4,311.5,467.3,xgboost
SKU-1003,WH-005,2024-09-09,430.8,344.6,517.0,xgboost
SKU-1003,WH-005,2024-09-10,463.9,371.1,556.6,xgboost
SKU-1003,WH-005,2024-09-11,320.2,256.2,384.2,xgboost
SKU-1003,WH-005,2024-09-12,404.1,323.3,484.9,xgboost
SKU-1003,WH-005,2024-09-13,448.7,358.9,538.4,xgboost
SKU-1003,WH-005,2024-09-14,460.7,368.5,552.8,xgboost
SKU-1003,WH-005,2024-09-15,354.7,283.7,425.6,xgboost
SKU-1003,WH-005,2024-09-16,435.4,348.3,522.5,xgboost
SKU-1003,WH-005,2024-09-17,342.8,274.3,411.4,xgboost
SKU-1003,WH-005,2024-09-18,263.0,210.4,315.6,xgboost
SKU-1003,WH-005,2024-09-19,297.3,237.9,356.8,xgboost
SKU-1003,WH-005,2024-09-20,226.0,180.8,271.2,xgboost
SKU-1003,WH-005,2024-09-21,318.2,254.5,381.8,xgboost
SKU-1003,WH-005,2024-09-22,309.1,247.3,370.9,xgboost
SKU-1003,WH-005,2024-09-23,373.2,298.5,447.8,xgboost
SKU-1003,WH-005,2024-09-24,342.6,274.1,411.1,xgboost
SKU-1003,WH-005,2024-09-25,400.5,320.4,480.6,xgboost
SKU-1003,WH-005,2024-09-26,341.0,272.8,409.2,xgboost
SKU-1003,WH-006,2024-06-29,334.6,284.4,384.8,exponential_smoothing
SKU-1003,WH-006,2024-06-30,348.6,296.3,400.9,exponential_smoothing
SKU-1003,WH-006,2024-07-01,379.1,322.3,436.0,exponential_smoothing
SKU-1003,WH-006,2024-07-02,393.5,334.5,452.5,exponential_smoothing
SKU-1003,WH-006,2024-07-03,419.0,356.1,481.8,exponential_smoothing
SKU-1003,WH-006,2024-07-04,392.6,333.7,451.5,exponential_smoothing
SKU-1003,WH-006,2024-07-05,366.0,311.1,420.9,exponential_smoothing
SKU-1003,WH-006,2024-07-06,334.9,284.6,385.1,exponential_smoothing
SKU-1003,WH-006,2024-07-07,348.8,296.5,401.2,exponential_smoothing
SKU-1003,WH-006,2024-07-08,379.4,322.5,436.3,exponential_smoothing
SKU-1003,WH-006,2024-07-09,393.8,334.7,452.8,exponential_smoothing
SKU-1003,WH-006,2024-07-10,419.2,356.4,482.1,exponential_smoothing
SKU-1003,WH-006,2024-07-11,392.9,334.0,451.8,exponential_smoothing
SKU-1003,WH-006,2024-07-12,366.3,311.3,421.2,exponential_smoothing
SKU-1003,WH-006,2024-07-13,335.1,284.9,385.4,exponential_smoothing
SKU-1003,WH-006,2024-07-14,349.1,296.7,401.5,exponential_smoothing
SKU-1003,WH-006,2024-07-15,379.7,322.7,436.6,exponential_smoothing
SKU-1003,WH-006,2024-07-16,394.0,334.9,453.1,exponential_smoothing
SKU-1003,WH-006,2024-07-17,419.5,356.6,482.4,exponential_smoothing
SKU-1003,WH-006,2024-07-18,393.2,334.2,452.1,exponential_smoothing
SKU-1003,WH-006,2024-07-19,366.6,311.6,421.5,exponential_smoothing
SKU-1003,WH-006,2024-07-20,335.4,285.1,385.7,exponential_smoothing
SKU-1003,WH-006,2024-07-21,349.3,296.9,401.8,exponential_smoothing
SKU-1003,WH-006,2024-07-22,379.9,322.9,436.9,exponential_smoothing
SKU-1003,WH-006,2024-07-23,394.3,335.2,453.4,exponential_smoothing
SKU-1003,WH-006,2024-07-24,419.8,356.8,482.7,exponential_smoothing
SKU-1003,WH-006,2024-07-25,393.4,334.4,452.4,exponential_smoothing
SKU-1003,WH-006,2024-07-26,366.8,311.8,421.8,exponential_smoothing
SKU-1003,WH-006,2024-07-27,335.6,285.3,386.0,exponential_smoothing
SKU-1003,WH-006,2024-07-28,349.6,297.2,402.1,exponential_smoothing
SKU-1003,WH-006,2024-07-29,380.2,323.2,437.2,exponential_smoothing
SKU-1003,WH-006,2024-07-30,394.6,335.4,453.7,exponential_smoothing
SKU-1003,WH-006,2024-07-31,420.0,357.0,483.0,exponential_smoothing
SKU-1003,WH-006,2024-08-01,393.7,334.6,452.7,exponential_smoothing
SKU-1003,WH-006,2024-08-02,367.1,312.0,422.1,exponential_smoothing
SKU-1003,WH-006,2024-08-03,335.9,285.5,386.3,exponential_smoothing
SKU-1003,WH-006,2024-08-04,349.9,297.4,402.4,exponential_smoothing
SKU-1003,WH-006,2024-08-05,380.5,323.4,437.5,exponential_smoothing
SKU-1003,WH-006,2024-08-06,394.8,335.6,454.0,exponential_smoothing
SKU-1003,WH-006,2024-08-07,420.3,357.2,483.3,exponential_smoothing
SKU-1003,WH-006,2024-08-08,393.9,334.9,453.0,exponential_smoothing
SKU-1003,WH-006,2024-08-09,367.3,312.2,422.4,exponential_smoothing
SKU-1003,WH-006,2024-08-10,336.2,285.7,386.6,exponential_smoothing
SKU-1003,WH-006,2024-08-11,350.1,297.6,402.7,exponential_smoothing
SKU-1003,WH-006,2024-08-12,380.7,323.6,437.8,exponential_smoothing
SKU-1003,WH-006,2024-08-13,395.1,335.8,454.3,exponential_smoothing
SKU-1003,WH-006,2024-08-14,420.5,357.5,483.6,exponential_smoothing
SKU-1003,WH-006,2024-08-15,394.2,335.1,453.3,exponential_smoothing
SKU-1003,WH-006,2024-08-16,367.6,312.5,422.7,exponential_smoothing
SKU-1003,WH-006,2024-08-17,336.4,286.0,386.9,exponential_smoothing
SKU-1003,WH-006,2024-08-18,350.4,297.8,403.0,exponential_smoothing
SKU-1003,WH-006,2024-08-19,381.0,323.8,438.1,exponential_smoothing
SKU-1003,WH-006,2024-08-20,395.3,336.0,454.6,exponential_smoothing
SKU-1003,WH-006,2024-08-21,420.8,357.7,483.9,exponential_smoothing
SKU-1003,WH-006,2024-08-22,394.5,335.3,453.6,exponential_smoothing
SKU-1003,WH-006,2024-08-23,367.9,312.7,423.0,exponential_smoothing
SKU-1003,WH-006,2024-08-24,336.7,286.2,387.2,exponential_smoothing
SKU-1003,WH-006,2024-08-25,350.7,298.1,403.3,exponential_smoothing
SKU-1003,WH-006,2024-08-26,381.2,324.0,438.4,exponential_smoothing
SKU-1003,WH-006,2024-08-27,395.6,336.3,454.9,exponential_smoothing
SKU-1003,WH-006,2024-08-28,421.1,357.9,484.2,exponential_smoothing
SKU-1003,WH-006,2024-08-29,394.7,335.5,453.9,exponential_smoothing
SKU-1003,WH-006,2024-08-30,695.7,591.4,800.1,exponential_smoothing
SKU-1003,WH-006,2024-08-31,636.8,541.3,732.4,exponential_smoothing
SKU-1003,WH-006,2024-09-01,663.2,563.7,762.7,exponential_smoothing
SKU-1003,WH-006,2024-09-02,721.0,612.9,829.2,exponential_smoothing
SKU-1003,WH-006,2024-09-03,748.2,636.0,860.4,exponential_smoothing
SKU-1003,WH-006,2024-09-04,796.3,676.9,915.8,exponential_smoothing
SKU-1003,WH-006,2024-09-05,597.2,507.6,686.8,exponential_smoothing
SKU-1003,WH-006,2024-09-06,557.0,473.4,640.5,exponential_smoothing
SKU-1003,WH-006,2024-09-07,509.9,433.4,586.3,exponential_smoothing
SKU-1003,WH-006,2024-09-08,531.0,451.3,610.6,exponential_smoothing
SKU-1003,WH-006,2024-09-09,577.2,490.6,663.8,exponential_smoothing
SKU-1003,WH-006,2024-09-10,396.1,336.7,455.5,exponential_smoothing
SKU-1003,WH-006,2024-09-11,421.6,358.4,484.8,exponential_smoothing
SKU-1003,WH-006,2024-09-12,395.2,336.0,454.5,exponential_smoothing
SKU-1003,WH-006,2024-09-13,368.6,313.3,423.9,exponential_smoothing
SKU-1003,WH-006,2024-09-14,337.5,286.9,388.1,exponential_smoothing
SKU-1003,WH-006,2024-09-15,351.4,298.7,404.2,exponential_smoothing
SKU-1003,WH-006,2024-09-16,382.0,324.7,439.3,exponential_smoothing
SKU-1003,WH-006,2024-09-17,396.4,336.9,455.8,exponential_smoothing
SKU-1003,WH-006,2024-09-18,421.9,358.6,485.1,exponential_smoothing
SKU-1003,WH-006,2024-09-19,395.5,336.2,454.8,exponential_smoothing
SKU-1003,WH-006,2024-09-20,368.9,313.6,424.2,exponential_smoothing
SKU-1003,WH-006,2024-09-21,337.7,287.1,388.4,exponential_smoothing
SKU-1003,WH-006,2024-09-22,351.7,298.9,404.5,exponential_smoothing
SKU-1003,WH-006,2024-09-23,382.3,324.9,439.6,exponential_smoothing
SKU-1003,WH-006,2024-09-24,396.6,337.2,456.1,exponential_smoothing
SKU-1003,WH-006,2024-09-25,422.1,358.8,485.4,exponential_smoothing
SKU-1003,WH-006,2024-09-26,395.8,336.4,455.1,exponential_smoothing
SKU-1003,WH-007,2024-06-29,435.0,348.0,522.0,xgboost
SKU-1003,WH-007,2024-06-30,335.5,268.4,402.6,xgboost
SKU-1003,WH-007,2024-07-01,373.9,299.1,448.7,xgboost
SKU-1003,WH-007,2024-07-02,487.8,390.2,585.4,xgboost
SKU-1003,WH-007,2024-07-03,455.1,364.1,546.1,xgboost
SKU-1003,WH-007,2024-07-04,387.0,309.6,464.3,xgboost
SKU-1003,WH-007,2024-07-05,434.7,347.7,521.6,xgboost
SKU-1003,WH-007,2024-07-06,485.6,388.5,582.8,xgboost
SKU-1003,WH-007,2024-07-07,447.1,357.7,536.6,xgboost
SKU-1003,WH-007,2024-07-08,440.9,352.7,529.0,xgboost
SKU-1003,WH-007,2024-07-09,427.5,342.0,513.0,xgboost
SKU-1003,WH-007,2024-07-10,490.9,392.7,589.0,xgboost
SKU-1003,WH-007,2024-07-11,474.8,379.8,569.8,xgboost
SKU-1003,WH-007,2024-07-12,412.9,330.3,495.4,xgboost
SKU-1003,WH-007,2024-07-13,437.3,349.8,524.7,xgboost
SKU-1003,WH-007,2024-07-14,415.0,332.0,498.0,xgboost
SKU-1003,WH-007,2024-07-15,321.8,257.4,386.1,xgboost
SKU-1003,WH-007,2024-07-16,367.4,293.9,440.9,xgboost
SKU-1003,WH-007,2024-07-17,393.3,314.6,472.0,xgboost
SKU-1003,WH-007,2024-07-18,374.7,299.8,449.6,xgboost
SKU-1003,WH-007,2024-07-19,374.9,299.9,449.9,xgboost
SKU-1003,WH-007,2024-07-20,376.2,301.0,451.5,xgboost
SKU-1003,WH-007,2024-07-21,392.2,313.8,470.7,xgboost
SKU-1003,WH-007,2024-07-22,360.8,288.6,433.0,xgboost
SKU-1003,WH-007,2024-07-23,332.2,265.8,398.7,xgboost
SKU-1003,WH-007,2024-07-24,356.1,284.9,427.4,xgboost
SKU-1003,WH-007,2024-07-25,331.0,264.8,397.2,xgboost
SKU-1003,WH-007,2024-07-26,330.7,264.6,396.9,xgboost
SKU-1003,WH-007,2024-07-27,331.5,265.2,397.8,xgboost
SKU-1003,WH-007,2024-07-28,319.3,255.5,383.2,xgboost
SKU-1003,WH-007,2024-07-29,331.3,265.0,397.5,xgboost
SKU-1003,WH-007,2024-07-30,334.0,267.2,400.8,xgboost
SKU-1003,WH-007,2024-07-31,359.5,287.6,431.4,xgboost
SKU-1003,WH-007,2024-08-01,379.9,303.9,455.8,xgboost
SKU-1003,WH-007,2024-08-02,307.7,246.2,369.3,xgboost
SKU-1003,WH-007,2024-08-03,384.7,307.8,461.6,xgboost
SKU-1003,WH-007,2024-08-04,359.0,287.2,430.8,xgboost
SKU-1003,WH-007,2024-08-05,446.6,357.3,535.9,xgboost
SKU-1003,WH-007,2024-08-06,409.7,327.7,491.6,xgboost
SKU-1003,WH-007,2024-08-07,462.7,370.2,555.3,xgboost
SKU-1003,WH-007,2024-08-08,452.6,362.1,543.1,xgboost
SKU-1003,WH-007,2024-08-09,438.9,351.2,526.7,xgboost
SKU-1003,WH-007,2024-08-10,444.4,355.5,533.3,xgboost
SKU-1003,WH-007,2024-08-11,444.1,355.3,532.9,xgboost
SKU-1003,WH-007,2024-08-12,418.9,335.1,502.7,xgboost
SKU-1003,WH-007,2024-08-13,408.6,326.8,490.3,xgboost
SKU-1003,WH-007,2024-08-14,424.4,339.5,509.3,xgboost
SKU-1003,WH-007,2024-08-15,392.4,313.9,470.9,xgboost
SKU-1003,WH-007,2024-08-16,357.1,285.7,428.5,xgboost
SKU-1003,WH-007,2024-08-17,370.3,296.3,444.4,xgboost
SKU-1003,WH-007,2024-08-18,350.4,280.3,420.5,xgboost
SKU-1003,WH-007,2024-08-19,383.1,306.5,459.7,xgboost
SKU-1003,WH-007,2024-08-20,374.8,299.9,449.8,xgboost
SKU-1003,WH-007,2024-08-21,407.4,325.9,488.9,xgboost
SKU-1003,WH-007,2024-08-22,385.5,308.4,462.6,xgboost
SKU-1003,WH-007,2024-08-23,347.3,277.8,416.7,xgboost
SKU-1003,WH-007,2024-08-24,344.8,275.9,413.8,xgboost
SKU-1003,WH-007,2024-08-25,298.1,238.5,357.7,xgboost
SKU-1003,WH-007,2024-08-26,283.2,226.5,339.8,xgboost
SKU-1003,WH-007,2024-08-27,311.2,249.0,373.4,xgboost
SKU-1003,WH-007,2024-08-28,315.7,252.5,378.8,xgboost
SKU-1003,WH-007,2024-08-29,364.3,291.4,437.1,xgboost
SKU-1003,WH-007,2024-08-30,350.9,280.7,421.1,xgboost
SKU-1003,WH-007,2024-08-31,361.9,289.5,434.2,xgboost
SKU-1003,WH-007,2024-09-01,377.6,302.1,453.2,xgboost
SKU-1003,WH-007,2024-09-02,361.5,289.2,433.8,xgboost
SKU-1003,WH-007,2024-09-03,394.5,315.6,473.4,xgboost
SKU-1003,WH-007,2024-09-04,425.8,340.6,511.0,xgboost
SKU-1003,WH-007,2024-09-05,460.2,368.2,552.3,xgboost
SKU-1003,WH-007,2024-09-06,455.9,364.7,547.1,xgboost
SKU-1003,WH-007,2024-09-07,461.7,369.3,554.0,xgboost
SKU-1003,WH-007,2024-09-08,446.0,356.8,535.2,xgboost
SKU-1003,WH-007,2024-09-09,417.5,334.0,501.0,xgboost
SKU-1003,WH-007,2024-09-10,398.1,318.5,477.7,xgboost
SKU-1003,WH-007,2024-09-11,447.2,357.8,536.6,xgboost
SKU-1003,WH-007,2024-09-12,481.1,384.9,577.3,xgboost
SKU-1003,WH-007,2024-09-13,442.8,354.2,531.3,xgboost
SKU-1003,WH-007,2024-09-14,352.3,281.9,422.8,xgboost
SKU-1003,WH-007,2024-09-15,341.1,272.9,409.3,xgboost
SKU-1003,WH-007,2024-09-16,321.2,257.0,385.4,xgboost
SKU-1003,WH-007,2024-09-17,334.5,267.6,401.4,xgboost
SKU-1003,WH-007,2024-09-18,371.0,296.8,445.3,xgboost
SKU-1003,WH-007,2024-09-19,416.3,333.0,499.5,xgboost
SKU-1003,WH-007,2024-09-20,409.2,327.4,491.0,xgboost
SKU-1003,WH-007,2024-09-21,390.7,312.6,468.9,xgboost
SKU-1003,WH-007,2024-09-22,324.3,259.5,389.2,xgboost
SKU-1003,WH-007,2024-09-23,336.6,269.3,403.9,xgboost
SKU-1003,WH-007,2024-09-24,324.0,259.2,388.8,xgboost
SKU-1003,WH-007,2024-09-25,332.0,265.6,398.4,xgboost
SKU-1003,WH-007,2024-09-26,307.8,246.3,369.4,xgboost
SKU-1005,WH-001,2024-06-29,373.4,336.0,410.7,moving_average
SKU-1005,WH-001,2024-06-30,373.4,336.0,410.7,moving_average
SKU-1005,WH-001,2024-07-01,373.4,336.0,410.7,moving_average
SKU-1005,WH-001,2024-07-02,373.4,336.0,410.7,moving_average
SKU-1005,WH-001,2024-07-03,373.4,336.0,410.7,moving_average
SKU-1005,WH-001,2024-07-04,373.4,336.0,410.7,moving_average
SKU-1005,WH-001,2024-07-05,373.4,336.0,410.7,moving_average
SKU-1005,WH-001,2024-07-06,373.4,336.0,410.7,moving_average
SKU-1005,WH-001,2024-07-07,373.4,336.0,410.7,moving_average
SKU-1005,WH-001,2024-07-08,373.4,336.0,410.7,moving_average
SKU-1005,WH-001,2024-07-09,373.4,336.0,410.7,moving_average
SKU-1005,WH-001,2024-07-10,373.4,336.0,410.7,moving_average
SKU-1005,WH-001,2024-07-11,373.4,336.0,410.7,moving_average
SKU-1005,WH-001,2024-07-12,373.4,336.0,410.7,moving_average
SKU-1005,WH-001,2024-07-13,373.4,336.0,410.7,moving_average
SKU-1005,WH-001,2024-07-14,373.4,336.0,410.7,moving_average
SKU-1005,WH-001,2024-07-15,373.4,336.0,410.7,moving_average
SKU-1005,WH-001,2024-07-16,373.4,336.0,410.7,moving_average
SKU-1005,WH-001,2024-07-17,373.4,336.0,410.7,moving_average
SKU-1005,WH-001,2024-07-18,373.4,336.0,410.7,moving_average
SKU-1005,WH-001,2024-07-19,373.4,336.0,410.7,moving_average
SKU-1005,WH-001,2024-07-20,373.4,336.0,410.7,moving_average
SKU-1005,WH-001,2024-07-21,373.4,336.0,410.7,moving_average
SKU-1005,WH-001,2024-07-22,373.4,336.0,410.7,moving_average
SKU-1005,WH-001,2024-07-23,373.4,336.0,410.7,moving_average
SKU-1005,WH-001,2024-07-24,373.4,336.0,410.7,moving_average
SKU-1005,WH-001,2024-07-25,373.4,336.0,410.7,moving_average
SKU-1005,WH-001,2024-07-26,373.4,336.0,410.7,moving_average
SKU-1005,WH-001,2024-07-27,373.4,336.0,410.7,moving_average
SKU-1005,WH-001,2024-07-28,373.4,336.0,410.7,moving_average
SKU-1005,WH-001,2024-07-29,373.4,336.0,410.7,moving_average
SKU-1005,WH-001,2024-07-30,373.4,336.0,410.7,moving_average
SKU-1005,WH-001,2024-07-31,373.4,336.0,410.7,moving_average
SKU-1005,WH-001,2024-08-01,373.4,336.0,410.7,moving_average
SKU-1005,WH-001,2024-08-02,373.4,336.0,410.7,moving_average
SKU-1005,WH-001,2024-08-03,373.4,336.0,410.7,moving_average
SKU-1005,WH-001,2024-08-04,373.4,336.0,410.7,moving_average
SKU-1005,WH-001,2024-08-05,373.4,336.0,410.7,moving_average
SKU-1005,WH-001,2024-08-06,373.4,336.0,410.7,moving_average
SKU-1005,WH-001,2024-08-07,373.4,336.0,410.7,moving_average
SKU-1005,WH-001,2024-08-08,373.4,336.0,410.7,moving_average
SKU-1005,WH-001,2024-08-09,373.4,336.0,410.7,moving_average
SKU-1005,WH-001,2024-08-10,373.4,336.0,410.7,moving_average
SKU-1005,WH-001,2024-08-11,373.4,336.0,410.7,moving_average
SKU-1005,WH-001,2024-08-12,373.4,336.0,410.7,moving_average
SKU-1005,WH-001,2024-08-13,373.4,336.0,410.7,moving_average
SKU-1005,WH-001,2024-08-14,373.4,336.0,410.7,moving_average
SKU-1005,WH-001,2024-08-15,373.4,336.0,410.7,moving_average
SKU-1005,WH-001,2024-08-16,373.4,336.0,410.7,moving_average
SKU-1005,WH-001,2024-08-17,373.4,336.0,410.7,moving_average
SKU-1005,WH-001,2024-08-18,373.4,336.0,410.7,moving_average
SKU-1005,WH-001,2024-08-19,373.4,336.0,410.7,moving_average
SKU-1005,WH-001,2024-08-20,373.4,336.0,410.7,moving_average
SKU-1005,WH-001,2024-08-21,373.4,336.0,410.7,moving_average
SKU-1005,WH-001,2024-08-22,373.4,336.0,410.7,moving_average
SKU-1005,WH-001,2024-08-23,373.4,336.0,410.7,moving_average
SKU-1005,WH-001,2024-08-24,373.4,336.0,410.7,moving_average
SKU-1005,WH-001,2024-08-25,373.4,336.0,410.7,moving_average
SKU-1005,WH-001,2024-08-26,373.4,336.0,410.7,moving_average
SKU-1005,WH-001,2024-08-27,373.4,336.0,410.7,moving_average
SKU-1005,WH-001,2024-08-28,373.4,336.0,410.7,moving_average
SKU-1005,WH-001,2024-08-29,373.4,336.0,410.7,moving_average
SKU-1005,WH-001,2024-08-30,373.4,336.0,410.7,moving_average
SKU-1005,WH-001,2024-08-31,373.4,336.0,410.7,moving_average
SKU-1005,WH-001,2024-09-01,373.4,336.0,410.7,moving_average
SKU-1005,WH-001,2024-09-02,373.4,336.0,410.7,moving_average
SKU-1005,WH-001,2024-09-03,373.4,336.0,410.7,moving_average
SKU-1005,WH-001,2024-09-04,373.4,336.0,410.7,moving_average
SKU-1005,WH-001,2024-09-05,373.4,336.0,410.7,moving_average
SKU-1005,WH-001,2024-09-06,373.4,336.0,410.7,moving_average
SKU-1005,WH-001,2024-09-07,373.4,336.0,410.7,moving_average
SKU-1005,WH-001,2024-09-08,373.4,336.0,410.7,moving_average
SKU-1005,WH-001,2024-09-09,373.4,336.0,410.7,moving_average
SKU-1005,WH-001,2024-09-10,373.4,336.0,410.7,moving_average
SKU-1005,WH-001,2024-09-11,373.4,336.0,410.7,moving_average
SKU-1005,WH-001,2024-09-12,373.4,336.0,410.7,moving_average
SKU-1005,WH-001,2024-09-13,373.4,336.0,410.7,moving_average
SKU-1005,WH-001,2024-09-14,373.4,336.0,410.7,moving_average
SKU-1005,WH-001,2024-09-15,373.4,336.0,410.7,moving_average
SKU-1005,WH-001,2024-09-16,373.4,336.0,410.7,moving_average
SKU-1005,WH-001,2024-09-17,373.4,336.0,410.7,moving_average
SKU-1005,WH-001,2024-09-18,373.4,336.0,410.7,moving_average
SKU-1005,WH-001,2024-09-19,373.4,336.0,410.7,moving_average
SKU-1005,WH-001,2024-09-20,373.4,336.0,410.7,moving_average
SKU-1005,WH-001,2024-09-21,373.4,336.0,410.7,moving_average
SKU-1005,WH-001,2024-09-22,373.4,336.0,410.7,moving_average
SKU-1005,WH-001,2024-09-23,373.4,336.0,410.7,moving_average
SKU-1005,WH-001,2024-09-24,373.4,336.0,410.7,moving_average
SKU-1005,WH-001,2024-09-25,373.4,336.0,410.7,moving_average
SKU-1005,WH-001,2024-09-26,373.4,336.0,410.7,moving_average
SKU-1005,WH-002,2024-06-29,373.5,336.2,410.9,moving_average
SKU-1005,WH-002,2024-06-30,373.5,336.2,410.9,moving_average
SKU-1005,WH-002,2024-07-01,373.5,336.2,410.9,moving_average
SKU-1005,WH-002,2024-07-02,373.5,336.2,410.9,moving_average
SKU-1005,WH-002,2024-07-03,373.5,336.2,410.9,moving_average
SKU-1005,WH-002,2024-07-04,373.5,336.2,410.9,moving_average
SKU-1005,WH-002,2024-07-05,373.5,336.2,410.9,moving_average
SKU-1005,WH-002,2024-07-06,373.5,336.2,410.9,moving_average
SKU-1005,WH-002,2024-07-07,373.5,336.2,410.9,moving_average
SKU-1005,WH-002,2024-07-08,373.5,336.2,410.9,moving_average
SKU-1005,WH-002,2024-07-09,373.5,336.2,410.9,moving_average
SKU-1005,WH-002,2024-07-10,373.5,336.2,410.9,moving_average
SKU-1005,WH-002,2024-07-11,373.5,336.2,410.9,moving_average
SKU-1005,WH-002,2024-07-12,373.5,336.2,410.9,moving_average
SKU-1005,WH-002,2024-07-13,373.5,336.2,410.9,moving_average
SKU-1005,WH-002,2024-07-14,373.5,336.2,410.9,moving_average
SKU-1005,WH-002,2024-07-15,373.5,336.2,410.9,moving_average
SKU-1005,WH-002,2024-07-16,373.5,336.2,410.9,moving_average
SKU-1005,WH-002,2024-07-17,373.5,336.2,410.9,moving_average
SKU-1005,WH-002,2024-07-18,373.5,336.2,410.9,moving_average
SKU-1005,WH-002,2024-07-19,373.5,336.2,410.9,moving_average
SKU-1005,WH-002,2024-07-20,373.5,336.2,410.9,moving_average
SKU-1005,WH-002,2024-07-21,373.5,336.2,410.9,moving_average
SKU-1005,WH-002,2024-07-22,373.5,336.2,410.9,moving_average
SKU-1005,WH-002,2024-07-23,373.5,336.2,410.9,moving_average
SKU-1005,WH-002,2024-07-24,373.5,336.2,410.9,moving_average
SKU-1005,WH-002,2024-07-25,373.5,336.2,410.9,moving_average
SKU-1005,WH-002,2024-07-26,373.5,336.2,410.9,moving_average
SKU-1005,WH-002,2024-07-27,373.5,336.2,410.9,moving_average
SKU-1005,WH-002,2024-07-28,373.5,336.2,410.9,moving_average
SKU-1005,WH-002,2024-07-29,373.5,336.2,410.9,moving_average
SKU-1005,WH-002,2024-07-30,373.5,336.2,410.9,moving_average
SKU-1005,WH-002,2024-07-31,373.5,336.2,410.9,moving_average
SKU-1005,WH-002,2024-08-01,373.5,336.2,410.9,moving_average
SKU-1005,WH-002,2024-08-02,373.5,336.2,410.9,moving_average
SKU-1005,WH-002,2024-08-03,373.5,336.2,410.9,moving_average
SKU-1005,WH-002,2024-08-04,373.5,336.2,410.9,moving_average
SKU-1005,WH-002,2024-08-05,373.5,336.2,410.9,moving_average
SKU-1005,WH-002,2024-08-06,373.5,336.2,410.9,moving_average
SKU-1005,WH-002,2024-08-07,373.5,336.2,410.9,moving_average
SKU-1005,WH-002,2024-08-08,373.5,336.2,410.9,moving_average
SKU-1005,WH-002,2024-08-09,373.5,336.2,410.9,moving_average
SKU-1005,WH-002,2024-08-10,373.5,336.2,410.9,moving_average
SKU-1005,WH-002,2024-08-11,373.5,336.2,410.9,moving_average
SKU-1005,WH-002,2024-08-12,373.5,336.2,410.9,moving_average
SKU-1005,WH-002,2024-08-13,373.5,336.2,410.9,moving_average
SKU-1005,WH-002,2024-08-14,373.5,336.2,410.9,moving_average
SKU-1005,WH-002,2024-08-15,373.5,336.2,410.9,moving_average
SKU-1005,WH-002,2024-08-16,373.5,336.2,410.9,moving_average
SKU-1005,WH-002,2024-08-17,373.5,336.2,410.9,moving_average
SKU-1005,WH-002,2024-08-18,373.5,336.2,410.9,moving_average
SKU-1005,WH-002,2024-08-19,373.5,336.2,410.9,moving_average
SKU-1005,WH-002,2024-08-20,373.5,336.2,410.9,moving_average
SKU-1005,WH-002,2024-08-21,373.5,336.2,410.9,moving_average
SKU-1005,WH-002,2024-08-22,373.5,336.2,410.9,moving_average
SKU-1005,WH-002,2024-08-23,373.5,336.2,410.9,moving_average
SKU-1005,WH-002,2024-08-24,373.5,336.2,410.9,moving_average
SKU-1005,WH-002,2024-08-25,373.5,336.2,410.9,moving_average
SKU-1005,WH-002,2024-08-26,373.5,336.2,410.9,moving_average
SKU-1005,WH-002,2024-08-27,373.5,336.2,410.9,moving_average
SKU-1005,WH-002,2024-08-28,373.5,336.2,410.9,moving_average
SKU-1005,WH-002,2024-08-29,373.5,336.2,410.9,moving_average
SKU-1005,WH-002,2024-08-30,373.5,336.2,410.9,moving_average
SKU-1005,WH-002,2024-08-31,373.5,336.2,410.9,moving_average
SKU-1005,WH-002,2024-09-01,373.5,336.2,410.9,moving_average
SKU-1005,WH-002,2024-09-02,373.5,336.2,410.9,moving_average
SKU-1005,WH-002,2024-09-03,373.5,336.2,410.9,moving_average
SKU-1005,WH-002,2024-09-04,373.5,336.2,410.9,moving_average
SKU-1005,WH-002,2024-09-05,373.5,336.2,410.9,moving_average
SKU-1005,WH-002,2024-09-06,373.5,336.2,410.9,moving_average
SKU-1005,WH-002,2024-09-07,373.5,336.2,410.9,moving_average
SKU-1005,WH-002,2024-09-08,373.5,336.2,410.9,moving_average
SKU-1005,WH-002,2024-09-09,373.5,336.2,410.9,moving_average
SKU-1005,WH-002,2024-09-10,373.5,336.2,410.9,moving_average
SKU-1005,WH-002,2024-09-11,373.5,336.2,410.9,moving_average
SKU-1005,WH-002,2024-09-12,373.5,336.2,410.9,moving_average
SKU-1005,WH-002,2024-09-13,373.5,336.2,410.9,moving_average
SKU-1005,WH-002,2024-09-14,373.5,336.2,410.9,moving_average
SKU-1005,WH-002,2024-09-15,373.5,336.2,410.9,moving_average
SKU-1005,WH-002,2024-09-16,373.5,336.2,410.9,moving_average
SKU-1005,WH-002,2024-09-17,373.5,336.2,410.9,moving_average
SKU-1005,WH-002,2024-09-18,373.5,336.2,410.9,moving_average
SKU-1005,WH-002,2024-09-19,373.5,336.2,410.9,moving_average
SKU-1005,WH-002,2024-09-20,373.5,336.2,410.9,moving_average
SKU-1005,WH-002,2024-09-21,373.5,336.2,410.9,moving_average
SKU-1005,WH-002,2024-09-22,373.5,336.2,410.9,moving_average
SKU-1005,WH-002,2024-09-23,373.5,336.2,410.9,moving_average
SKU-1005,WH-002,2024-09-24,373.5,336.2,410.9,moving_average
SKU-1005,WH-002,2024-09-25,373.5,336.2,410.9,moving_average
SKU-1005,WH-002,2024-09-26,373.5,336.2,410.9,moving_average
SKU-1005,WH-003,2024-06-29,369.5,332.5,406.4,moving_average
SKU-1005,WH-003,2024-06-30,369.5,332.5,406.4,moving_average
SKU-1005,WH-003,2024-07-01,369.5,332.5,406.4,moving_average
SKU-1005,WH-003,2024-07-02,369.5,332.5,406.4,moving_average
SKU-1005,WH-003,2024-07-03,369.5,332.5,406.4,moving_average
SKU-1005,WH-003,2024-07-04,369.5,332.5,406.4,moving_average
SKU-1005,WH-003,2024-07-05,369.5,332.5,406.4,moving_average
SKU-1005,WH-003,2024-07-06,369.5,332.5,406.4,moving_average
SKU-1005,WH-003,2024-07-07,369.5,332.5,406.4,moving_average
SKU-1005,WH-003,2024-07-08,369.5,332.5,406.4,moving_average
SKU-1005,WH-003,2024-07-09,369.5,332.5,406.4,moving_average
SKU-1005,WH-003,2024-07-10,369.5,332.5,406.4,moving_average
SKU-1005,WH-003,2024-07-11,369.5,332.5,406.4,moving_average
SKU-1005,WH-003,2024-07-12,369.5,332.5,406.4,moving_average
SKU-1005,WH-003,2024-07-13,369.5,332.5,406.4,moving_average
SKU-1005,WH-003,2024-07-14,369.5,332.5,406.4,moving_average
SKU-1005,WH-003,2024-07-15,369.5,332.5,406.4,moving_average
SKU-1005,WH-003,2024-07-16,369.5,332.5,406.4,moving_average
SKU-1005,WH-003,2024-07-17,369.5,332.5,406.4,moving_average
SKU-1005,WH-003,2024-07-18,369.5,332.5,406.4,moving_average
SKU-1005,WH-003,2024-07-19,369.5,332.5,406.4,moving_average
SKU-1005,WH-003,2024-07-20,369.5,332.5,406.4,moving_average
SKU-1005,WH-003,2024-07-21,369.5,332.5,406.4,moving_average
SKU-1005,WH-003,2024-07-22,369.5,332.5,406.4,moving_average
SKU-1005,WH-003,2024-07-23,369.5,332.5,406.4,moving_average
SKU-1005,WH-003,2024-07-24,369.5,332.5,406.4,moving_average
SKU-1005,WH-003,2024-07-25,369.5,332.5,406.4,moving_average
SKU-1005,WH-003,2024-07-26,369.5,332.5,406.4,moving_average
SKU-1005,WH-003,2024-07-27,369.5,332.5,406.4,moving_average
SKU-1005,WH-003,2024-07-28,369.5,332.5,406.4,moving_average
SKU-1005,WH-003,2024-07-29,369.5,332.5,406.4,moving_average
SKU-1005,WH-003,2024-07-30,369.5,332.5,406.4,moving_average
SKU-1005,WH-003,2024-07-31,369.5,332.5,406.4,moving_average
SKU-1005,WH-003,2024-08-01,369.5,332.5,406.4,moving_average
SKU-1005,WH-003,2024-08-02,369.5,332.5,406.4,moving_average
SKU-1005,WH-003,2024-08-03,369.5,332.5,406.4,moving_average
SKU-1005,WH-003,2024-08-04,369.5,332.5,406.4,moving_average
SKU-1005,WH-003,2024-08-05,369.5,332.5,406.4,moving_average
SKU-1005,WH-003,2024-08-06,369.5,332.5,406.4,moving_average
SKU-1005,WH-003,2024-08-07,369.5,332.5,406.4,moving_average
SKU-1005,WH-003,2024-08-08,369.5,332.5,406.4,moving_average
SKU-1005,WH-003,2024-08-09,369.5,332.5,406.4,moving_average
SKU-1005,WH-003,2024-08-10,369.5,332.5,406.4,moving_average
SKU-1005,WH-003,2024-08-11,369.5,332.5,406.4,moving_average
SKU-1005,WH-003,2024-08-12,369.5,332.5,406.4,moving_average
SKU-1005,WH-003,2024-08-13,369.5,332.5,406.4,moving_average
SKU-1005,WH-003,2024-08-14,369.5,332.5,406.4,moving_average
SKU-1005,WH-003,2024-08-15,369.5,332.5,406.4,moving_average
SKU-1005,WH-003,2024-08-16,369.5,332.5,406.4,moving_average
SKU-1005,WH-003,2024-08-17,369.5,332.5,406.4,moving_average
SKU-1005,WH-003,2024-08-18,369.5,332.5,406.4,moving_average
SKU-1005,WH-003,2024-08-19,369.5,332.5,406.4,moving_average
SKU-1005,WH-003,2024-08-20,369.5,332.5,406.4,moving_average
SKU-1005,WH-003,2024-08-21,369.5,332.5,406.4,moving_average
SKU-1005,WH-003,2024-08-22,369.5,332.5,406.4,moving_average
SKU-1005,WH-003,2024-08-23,369.5,332.5,406.4,moving_average
SKU-1005,WH-003,2024-08-24,369.5,332.5,406.4,moving_average
SKU-1005,WH-003,2024-08-25,369.5,332.5,406.4,moving_average
SKU-1005,WH-003,2024-08-26,369.5,332.5,406.4,moving_average
SKU-1005,WH-003,2024-08-27,369.5,332.5,406.4,moving_average
SKU-1005,WH-003,2024-08-28,369.5,332.5,406.4,moving_average
SKU-1005,WH-003,2024-08-29,369.5,332.5,406.4,moving_average
SKU-1005,WH-003,2024-08-30,369.5,332.5,406.4,moving_average
SKU-1005,WH-003,2024-08-31,369.5,332.5,406.4,moving_average
SKU-1005,WH-003,2024-09-01,369.5,332.5,406.4,moving_average
SKU-1005,WH-003,2024-09-02,369.5,332.5,406.4,moving_average
SKU-1005,WH-003,2024-09-03,369.5,332.5,406.4,moving_average
SKU-1005,WH-003,2024-09-04,369.5,332.5,406.4,moving_average
SKU-1005,WH-003,2024-09-05,369.5,332.5,406.4,moving_average
SKU-1005,WH-003,2024-09-06,369.5,332.5,406.4,moving_average
SKU-1005,WH-003,2024-09-07,369.5,332.5,406.4,moving_average
SKU-1005,WH-003,2024-09-08,369.5,332.5,406.4,moving_average
SKU-1005,WH-003,2024-09-09,369.5,332.5,406.4,moving_average
SKU-1005,WH-003,2024-09-10,369.5,332.5,406.4,moving_average
SKU-1005,WH-003,2024-09-11,369.5,332.5,406.4,moving_average
SKU-1005,WH-003,2024-09-12,369.5,332.5,406.4,moving_average
SKU-1005,WH-003,2024-09-13,369.5,332.5,406.4,moving_average
SKU-1005,WH-003,2024-09-14,369.5,332.5,406.4,moving_average
SKU-1005,WH-003,2024-09-15,369.5,332.5,406.4,moving_average
SKU-1005,WH-003,2024-09-16,369.5,332.5,406.4,moving_average
SKU-1005,WH-003,2024-09-17,369.5,332.5,406.4,moving_average
SKU-1005,WH-003,2024-09-18,369.5,332.5,406.4,moving_average
SKU-1005,WH-003,2024-09-19,369.5,332.5,406.4,moving_average
SKU-1005,WH-003,2024-09-20,369.5,332.5,406.4,moving_average
SKU-1005,WH-003,2024-09-21,369.5,332.5,406.4,moving_average
SKU-1005,WH-003,2024-09-22,369.5,332.5,406.4,moving_average
SKU-1005,WH-003,2024-09-23,369.5,332.5,406.4,moving_average
SKU-1005,WH-003,2024-09-24,369.5,332.5,406.4,moving_average
SKU-1005,WH-003,2024-09-25,369.5,332.5,406.4,moving_average
SKU-1005,WH-003,2024-09-26,369.5,332.5,406.4,moving_average
SKU-1005,WH-004,2024-06-29,332.7,266.2,399.3,xgboost
SKU-1005,WH-004,2024-06-30,368.9,295.1,442.7,xgboost
SKU-1005,WH-004,2024-07-01,349.0,279.2,418.9,xgboost
SKU-1005,WH-004,2024-07-02,399.7,319.7,479.6,xgboost
SKU-1005,WH-004,2024-07-03,456.9,365.5,548.2,xgboost
SKU-1005,WH-004,2024-07-04,412.5,330.0,495.0,xgboost
SKU-1005,WH-004,2024-07-05,339.4,271.5,407.2,xgboost
SKU-1005,WH-004,2024-07-06,330.9,264.7,397.1,xgboost
SKU-1005,WH-004,2024-07-07,387.6,310.1,465.2,xgboost
SKU-1005,WH-004,2024-07-08,408.8,327.1,490.6,xgboost
SKU-1005,WH-004,2024-07-09,402.6,322.1,483.2,xgboost
SKU-1005,WH-004,2024-07-10,336.2,269.0,403.5,xgboost
SKU-1005,WH-004,2024-07-11,379.4,303.5,455.3,xgboost
SKU-1005,WH-004,2024-07-12,486.0,388.8,583.2,xgboost
SKU-1005,WH-004,2024-07-13,512.2,409.7,614.6,xgboost
SKU-1005,WH-004,2024-07-14,494.2,395.4,593.1,xgboost
SKU-1005,WH-004,2024-07-15,447.0,357.6,536.4,xgboost
SKU-1005,WH-004,2024-07-16,495.2,396.1,594.2,xgboost
SKU-1005,WH-004,2024-07-17,493.0,394.4,591.6,xgboost
SKU-1005,WH-004,2024-07-18,423.4,338.7,508.1,xgboost
SKU-1005,WH-004,2024-07-19,432.4,345.9,518.9,xgboost
SKU-1005,WH-004,2024-07-20,522.5,418.0,627.0,xgboost
SKU-1005,WH-004,2024-07-21,518.6,414.9,622.3,xgboost
SKU-1005,WH-004,2024-07-22,476.9,381.6,572.3,xgboost
SKU-1005,WH-004,2024-07-23,427.7,342.2,513.3,xgboost
SKU-1005,WH-004,2024-07-24,483.0,386.4,579.6,xgboost
SKU-1005,WH-004,2024-07-25,484.4,387.5,581.3,xgboost
SKU-1005,WH-004,2024-07-26,446.3,357.1,535.6,xgboost
SKU-1005,WH-004,2024-07-27,413.1,330.5,495.7,xgboost
SKU-1005,WH-004,2024-07-28,419.1,335.3,502.9,xgboost
SKU-1005,WH-004,2024-07-29,384.5,307.6,461.4,xgboost
SKU-1005,WH-004,2024-07-30,348.6,278.9,418.3,xgboost
SKU-1005,WH-004,2024-07-31,327.1,261.7,392.5,xgboost
SKU-1005,WH-004,2024-08-01,384.1,307.3,460.9,xgboost
SKU-1005,WH-004,2024-08-02,454.2,363.3,545.0,xgboost
SKU-1005,WH-004,2024-08-03,364.1,291.3,436.9,xgboost
SKU-1005,WH-004,2024-08-04,379.2,303.4,455.1,xgboost
SKU-1005,WH-004,2024-08-05,365.0,292.0,438.0,xgboost
SKU-1005,WH-004,2024-08-06,315.9,252.8,379.1,xgboost
SKU-1005,WH-004,2024-08-07,346.2,276.9,415.4,xgboost
SKU-1005,WH-004,2024-08-08,338.9,271.1,406.7,xgboost
SKU-1005,WH-004,2024-08-09,363.2,290.5,435.8,xgboost
SKU-1005,WH-004,2024-08-10,386.1,308.9,463.3,xgboost
SKU-1005,WH-004,2024-08-11,398.4,318.7,478.1,xgboost
SKU-1005,WH-004,2024-08-12,373.4,298.7,448.1,xgboost
SKU-1005,WH-004,2024-08-13,480.8,384.6,577.0,xgboost
SKU-1005,WH-004,2024-08-14,489.2,391.3,587.0,xgboost
SKU-1005,WH-004,2024-08-15,494.7,395.7,593.6,xgboost
SKU-1005,WH-004,2024-08-16,478.0,382.4,573.6,xgboost
SKU-1005,WH-004,2024-08-17,431.6,345.3,517.9,xgboost
SKU-1005,WH-004,2024-08-18,465.4,372.3,558.5,xgboost
SKU-1005,WH-004,2024-08-19,473.6,378.9,568.4,xgboost
SKU-1005,WH-004,2024-08-20,466.0,372.8,559.2,xgboost
SKU-1005,WH-004,2024-08-21,522.1,417.7,626.5,xgboost
SKU-1005,WH-004,2024-08-22,522.7,418.1,627.2,xgboost
SKU-1005,WH-004,2024-08-23,523.2,418.6,627.9,xgboost
SKU-1005,WH-004,2024-08-24,483.7,387.0,580.4,xgboost
SKU-1005,WH-004,2024-08-25,439.6,351.7,527.6,xgboost
SKU-1005,WH-004,2024-08-26,454.8,363.9,545.8,xgboost
SKU-1005,WH-004,2024-08-27,476.5,381.2,571.8,xgboost
SKU-1005,WH-004,2024-08-28,378.6,302.9,454.3,xgboost
SKU-1005,WH-004,2024-08-29,449.6,359.7,539.5,xgboost
SKU-1005,WH-004,2024-08-30,360.9,288.7,433.1,xgboost
SKU-1005,WH-004,2024-08-31,428.7,343.0,514.5,xgboost
SKU-1005,WH-004,2024-09-01,358.2,286.6,429.9,xgboost
SKU-1005,WH-004,2024-09-02,364.3,291.4,437.1,xgboost
SKU-1005,WH-004,2024-09-03,363.6,290.9,436.3,xgboost
SKU-1005,WH-004,2024-09-04,364.4,291.5,437.3,xgboost
SKU-1005,WH-004,2024-09-05,340.4,272.3,408.5,xgboost
SKU-1005,WH-004,2024-09-06,364.3,291.5,437.2,xgboost
SKU-1005,WH-004,2024-09-07,371.8,297.5,446.2,xgboost
SKU-1005,WH-004,2024-09-08,328.7,263.0,394.5,xgboost
SKU-1005,WH-004,2024-09-09,326.8,261.4,392.1,xgboost
SKU-1005,WH-004,2024-09-10,371.7,297.3,446.0,xgboost
SKU-1005,WH-004,2024-09-11,360.1,288.1,432.1,xgboost
SKU-1005,WH-004,2024-09-12,450.4,360.3,540.5,xgboost
SKU-1005,WH-004,2024-09-13,359.3,287.5,431.2,xgboost
SKU-1005,WH-004,2024-09-14,452.2,361.7,542.6,xgboost
SKU-1005,WH-004,2024-09-15,409.9,327.9,491.9,xgboost
SKU-1005,WH-004,2024-09-16,465.0,372.0,558.0,xgboost
SKU-1005,WH-004,2024-09-17,488.1,390.5,585.7,xgboost
SKU-1005,WH-004,2024-09-18,481.7,385.4,578.1,xgboost
SKU-1005,WH-004,2024-09-19,469.8,375.9,563.8,xgboost
SKU-1005,WH-004,2024-09-20,506.6,405.3,607.9,xgboost
SKU-1005,WH-004,2024-09-21,474.8,379.8,569.7,xgboost
SKU-1005,WH-004,2024-09-22,475.3,380.3,570.4,xgboost
SKU-1005,WH-004,2024-09-23,488.6,390.9,586.4,xgboost
SKU-1005,WH-004,2024-09-24,509.9,407.9,611.9,xgboost
SKU-1005,WH-004,2024-09-25,476.8,381.5,572.2,xgboost
SKU-1005,WH-004,2024-09-26,498.4,398.7,598.1,xgboost
SKU-1005,WH-005,2024-06-29,400.2,360.2,440.2,moving_average
SKU-1005,WH-005,2024-06-30,400.2,360.2,440.2,moving_average
SKU-1005,WH-005,2024-07-01,400.2,360.2,440.2,moving_average
SKU-1005,WH-005,2024-07-02,400.2,360.2,440.2,moving_average
SKU-1005,WH-005,2024-07-03,400.2,360.2,440.2,moving_average
SKU-1005,WH-005,2024-07-04,400.2,360.2,440.2,moving_average
SKU-1005,WH-005,2024-07-05,400.2,360.2,440.2,moving_average
SKU-1005,WH-005,2024-07-06,400.2,360.2,440.2,moving_average
SKU-1005,WH-005,2024-07-07,400.2,360.2,440.2,moving_average
SKU-1005,WH-005,2024-07-08,400.2,360.2,440.2,moving_average
SKU-1005,WH-005,2024-07-09,400.2,360.2,440.2,moving_average
SKU-1005,WH-005,2024-07-10,400.2,360.2,440.2,moving_average
SKU-1005,WH-005,2024-07-11,400.2,360.2,440.2,moving_average
SKU-1005,WH-005,2024-07-12,400.2,360.2,440.2,moving_average
SKU-1005,WH-005,2024-07-13,400.2,360.2,440.2,moving_average
SKU-1005,WH-005,2024-07-14,400.2,360.2,440.2,moving_average
SKU-1005,WH-005,2024-07-15,400.2,360.2,440.2,moving_average
SKU-1005,WH-005,2024-07-16,400.2,360.2,440.2,moving_average
SKU-1005,WH-005,2024-07-17,400.2,360.2,440.2,moving_average
SKU-1005,WH-005,2024-07-18,400.2,360.2,440.2,moving_average
SKU-1005,WH-005,2024-07-19,400.2,360.2,440.2,moving_average
SKU-1005,WH-005,2024-07-20,400.2,360.2,440.2,moving_average
SKU-1005,WH-005,2024-07-21,400.2,360.2,440.2,moving_average
SKU-1005,WH-005,2024-07-22,400.2,360.2,440.2,moving_average
SKU-1005,WH-005,2024-07-23,400.2,360.2,440.2,moving_average
SKU-1005,WH-005,2024-07-24,400.2,360.2,440.2,moving_average
SKU-1005,WH-005,2024-07-25,400.2,360.2,440.2,moving_average
SKU-1005,WH-005,2024-07-26,400.2,360.2,440.2,moving_average
SKU-1005,WH-005,2024-07-27,400.2,360.2,440.2,moving_average
SKU-1005,WH-005,2024-07-28,400.2,360.2,440.2,moving_average
SKU-1005,WH-005,2024-07-29,400.2,360.2,440.2,moving_average
SKU-1005,WH-005,2024-07-30,400.2,360.2,440.2,moving_average
SKU-1005,WH-005,2024-07-31,400.2,360.2,440.2,moving_average
SKU-1005,WH-005,2024-08-01,400.2,360.2,440.2,moving_average
SKU-1005,WH-005,2024-08-02,400.2,360.2,440.2,moving_average
SKU-1005,WH-005,2024-08-03,400.2,360.2,440.2,moving_average
SKU-1005,WH-005,2024-08-04,400.2,360.2,440.2,moving_average
SKU-1005,WH-005,2024-08-05,400.2,360.2,440.2,moving_average
SKU-1005,WH-005,2024-08-06,400.2,360.2,440.2,moving_average
SKU-1005,WH-005,2024-08-07,400.2,360.2,440.2,moving_average
SKU-1005,WH-005,2024-08-08,400.2,360.2,440.2,moving_average
SKU-1005,WH-005,2024-08-09,400.2,360.2,440.2,moving_average
SKU-1005,WH-005,2024-08-10,400.2,360.2,440.2,moving_average
SKU-1005,WH-005,2024-08-11,400.2,360.2,440.2,moving_average
SKU-1005,WH-005,2024-08-12,400.2,360.2,440.2,moving_average
SKU-1005,WH-005,2024-08-13,400.2,360.2,440.2,moving_average
SKU-1005,WH-005,2024-08-14,400.2,360.2,440.2,moving_average
SKU-1005,WH-005,2024-08-15,400.2,360.2,440.2,moving_average
SKU-1005,WH-005,2024-08-16,400.2,360.2,440.2,moving_average
SKU-1005,WH-005,2024-08-17,400.2,360.2,440.2,moving_average
SKU-1005,WH-005,2024-08-18,400.2,360.2,440.2,moving_average
SKU-1005,WH-005,2024-08-19,400.2,360.2,440.2,moving_average
SKU-1005,WH-005,2024-08-20,400.2,360.2,440.2,moving_average
SKU-1005,WH-005,2024-08-21,400.2,360.2,440.2,moving_average
SKU-1005,WH-005,2024-08-22,400.2,360.2,440.2,moving_average
SKU-1005,WH-005,2024-08-23,400.2,360.2,440.2,moving_average
SKU-1005,WH-005,2024-08-24,400.2,360.2,440.2,moving_average
SKU-1005,WH-005,2024-08-25,400.2,360.2,440.2,moving_average
SKU-1005,WH-005,2024-08-26,400.2,360.2,440.2,moving_average
SKU-1005,WH-005,2024-08-27,400.2,360.2,440.2,moving_average
SKU-1005,WH-005,2024-08-28,400.2,360.2,440.2,moving_average
SKU-1005,WH-005,2024-08-29,400.2,360.2,440.2,moving_average
SKU-1005,WH-005,2024-08-30,400.2,360.2,440.2,moving_average
SKU-1005,WH-005,2024-08-31,400.2,360.2,440.2,moving_average
SKU-1005,WH-005,2024-09-01,400.2,360.2,440.2,moving_average
SKU-1005,WH-005,2024-09-02,400.2,360.2,440.2,moving_average
SKU-1005,WH-005,2024-09-03,400.2,360.2,440.2,moving_average
SKU-1005,WH-005,2024-09-04,400.2,360.2,440.2,moving_average
SKU-1005,WH-005,2024-09-05,400.2,360.2,440.2,moving_average
SKU-1005,WH-005,2024-09-06,400.2,360.2,440.2,moving_average
SKU-1005,WH-005,2024-09-07,400.2,360.2,440.2,moving_average
SKU-1005,WH-005,2024-09-08,400.2,360.2,440.2,moving_average
SKU-1005,WH-005,2024-09-09,400.2,360.2,440.2,moving_average
SKU-1005,WH-005,2024-09-10,400.2,360.2,440.2,moving_average
SKU-1005,WH-005,2024-09-11,400.2,360.2,440.2,moving_average
SKU-1005,WH-005,2024-09-12,400.2,360.2,440.2,moving_average
SKU-1005,WH-005,2024-09-13,400.2,360.2,440.2,moving_average
SKU-1005,WH-005,2024-09-14,400.2,360.2,440.2,moving_average
SKU-1005,WH-005,2024-09-15,400.2,360.2,440.2,moving_average
SKU-1005,WH-005,2024-09-16,400.2,360.2,440.2,moving_average
SKU-1005,WH-005,2024-09-17,400.2,360.2,440.2,moving_average
SKU-1005,WH-005,2024-09-18,400.2,360.2,440.2,moving_average
SKU-1005,WH-005,2024-09-19,400.2,360.2,440.2,moving_average
SKU-1005,WH-005,2024-09-20,400.2,360.2,440.2,moving_average
SKU-1005,WH-005,2024-09-21,400.2,360.2,440.2,moving_average
SKU-1005,WH-005,2024-09-22,400.2,360.2,440.2,moving_average
SKU-1005,WH-005,2024-09-23,400.2,360.2,440.2,moving_average
SKU-1005,WH-005,2024-09-24,400.2,360.2,440.2,moving_average
SKU-1005,WH-005,2024-09-25,400.2,360.2,440.2,moving_average
SKU-1005,WH-005,2024-09-26,400.2,360.2,440.2,moving_average
SKU-1005,WH-006,2024-06-29,348.0,295.8,400.2,exponential_smoothing
SKU-1005,WH-006,2024-06-30,375.7,319.4,432.1,exponential_smoothing
SKU-1005,WH-006,2024-07-01,393.5,334.4,452.5,exponential_smoothing
SKU-1005,WH-006,2024-07-02,385.9,328.0,443.8,exponential_smoothing
SKU-1005,WH-006,2024-07-03,420.7,357.6,483.9,exponential_smoothing
SKU-1005,WH-006,2024-07-04,424.1,360.4,487.7,exponential_smoothing
SKU-1005,WH-006,2024-07-05,388.4,330.1,446.6,exponential_smoothing
SKU-1005,WH-006,2024-07-06,352.2,299.4,405.1,exponential_smoothing
SKU-1005,WH-006,2024-07-07,380.0,323.0,437.0,exponential_smoothing
SKU-1005,WH-006,2024-07-08,397.7,338.0,457.3,exponential_smoothing
SKU-1005,WH-006,2024-07-09,390.1,331.6,448.6,exponential_smoothing
SKU-1005,WH-006,2024-07-10,425.0,361.2,488.7,exponential_smoothing
SKU-1005,WH-006,2024-07-11,428.3,364.0,492.5,exponential_smoothing
SKU-1005,WH-006,2024-07-12,392.6,333.7,451.5,exponential_smoothing
SKU-1005,WH-006,2024-07-13,356.5,303.0,409.9,exponential_smoothing
SKU-1005,WH-006,2024-07-14,384.2,326.6,441.8,exponential_smoothing
SKU-1005,WH-006,2024-07-15,401.9,341.6,462.2,exponential_smoothing
SKU-1005,WH-006,2024-07-16,394.3,335.2,453.5,exponential_smoothing
SKU-1005,WH-006,2024-07-17,429.2,364.8,493.6,exponential_smoothing
SKU-1005,WH-006,2024-07-18,432.5,367.6,497.4,exponential_smoothing
SKU-1005,WH-006,2024-07-19,396.8,337.3,456.4,exponential_smoothing
SKU-1005,WH-006,2024-07-20,360.7,306.6,414.8,exponential_smoothing
SKU-1005,WH-006,2024-07-21,388.4,330.1,446.7,exponential_smoothing
SKU-1005,WH-006,2024-07-22,406.1,345.2,467.0,exponential_smoothing
SKU-1005,WH-006,2024-07-23,398.6,338.8,458.3,exponential_smoothing
SKU-1005,WH-006,2024-07-24,433.4,368.4,498.4,exponential_smoothing
SKU-1005,WH-006,2024-07-25,436.7,371.2,502.2,exponential_smoothing
SKU-1005,WH-006,2024-07-26,401.1,340.9,461.2,exponential_smoothing
SKU-1005,WH-006,2024-07-27,364.9,310.2,419.6,exponential_smoothing
SKU-1005,WH-006,2024-07-28,392.6,333.7,451.5,exponential_smoothing
SKU-1005,WH-006,2024-07-29,410.3,348.8,471.9,exponential_smoothing
SKU-1005,WH-006,2024-07-30,402.8,342.4,463.2,exponential_smoothing
SKU-1005,WH-006,2024-07-31,437.6,372.0,503.3,exponential_smoothing
SKU-1005,WH-006,2024-08-01,440.9,374.8,507.1,exponential_smoothing
SKU-1005,WH-006,2024-08-02,405.3,344.5,466.1,exponential_smoothing
SKU-1005,WH-006,2024-08-03,369.1,313.8,424.5,exponential_smoothing
SKU-1005,WH-006,2024-08-04,396.8,337.3,456.4,exponential_smoothing
SKU-1005,WH-006,2024-08-05,414.6,352.4,476.7,exponential_smoothing
SKU-1005,WH-006,2024-08-06,407.0,345.9,468.0,exponential_smoothing
SKU-1005,WH-006,2024-08-07,441.8,375.6,508.1,exponential_smoothing
SKU-1005,WH-006,2024-08-08,445.2,378.4,511.9,exponential_smoothing
SKU-1005,WH-006,2024-08-09,409.5,348.1,470.9,exponential_smoothing
SKU-1005,WH-006,2024-08-10,373.3,317.3,429.3,exponential_smoothing
SKU-1005,WH-006,2024-08-11,401.1,340.9,461.2,exponential_smoothing
SKU-1005,WH-006,2024-08-12,418.8,356.0,481.6,exponential_smoothing
SKU-1005,WH-006,2024-08-13,411.2,349.5,472.9,exponential_smoothing
SKU-1005,WH-006,2024-08-14,446.1,379.2,513.0,exponential_smoothing
SKU-1005,WH-006,2024-08-15,449.4,382.0,516.8,exponential_smoothing
SKU-1005,WH-006,2024-08-16,413.7,351.7,475.8,exponential_smoothing
SKU-1005,WH-006,2024-08-17,377.6,320.9,434.2,exponential_smoothing
SKU-1005,WH-006,2024-08-18,405.3,344.5,466.1,exponential_smoothing
SKU-1005,WH-006,2024-08-19,423.0,359.6,486.5,exponential_smoothing
SKU-1005,WH-006,2024-08-20,415.4,353.1,477.8,exponential_smoothing
SKU-1005,WH-006,2024-08-21,450.3,382.7,517.8,exponential_smoothing
SKU-1005,WH-006,2024-08-22,453.6,385.6,521.6,exponential_smoothing
SKU-1005,WH-006,2024-08-23,417.9,355.2,480.6,exponential_smoothing
SKU-1005,WH-006,2024-08-24,381.8,324.5,439.1,exponential_smoothing
SKU-1005,WH-006,2024-08-25,409.5,348.1,470.9,exponential_smoothing
SKU-1005,WH-006,2024-08-26,427.2,363.1,491.3,exponential_smoothing
SKU-1005,WH-006,2024-08-27,419.7,356.7,482.6,exponential_smoothing
SKU-1005,WH-006,2024-08-28,454.5,386.3,522.7,exponential_smoothing
SKU-1005,WH-006,2024-08-29,457.8,389.2,526.5,exponential_smoothing
SKU-1005,WH-006,2024-08-30,422.2,358.8,485.5,exponential_smoothing
SKU-1005,WH-006,2024-08-31,386.0,328.1,443.9,exponential_smoothing
SKU-1005,WH-006,2024-09-01,413.7,351.7,475.8,exponential_smoothing
SKU-1005,WH-006,2024-09-02,431.5,366.7,496.2,exponential_smoothing
SKU-1005,WH-006,2024-09-03,423.9,360.3,487.5,exponential_smoothing
SKU-1005,WH-006,2024-09-04,458.7,389.9,527.5,exponential_smoothing
SKU-1005,WH-006,2024-09-05,462.0,392.7,531.4,exponential_smoothing
SKU-1005,WH-006,2024-09-06,426.4,362.4,490.3,exponential_smoothing
SKU-1005,WH-006,2024-09-07,390.2,331.7,448.8,exponential_smoothing
SKU-1005,WH-006,2024-09-08,417.9,355.3,480.6,exponential_smoothing
SKU-1005,WH-006,2024-09-09,435.7,370.3,501.0,exponential_smoothing
SKU-1005,WH-006,2024-09-10,428.1,363.9,492.3,exponential_smoothing
SKU-1005,WH-006,2024-09-11,463.0,393.5,532.4,exponential_smoothing
SKU-1005,WH-006,2024-09-12,466.3,396.3,536.2,exponential_smoothing
SKU-1005,WH-006,2024-09-13,430.6,366.0,495.2,exponential_smoothing
SKU-1005,WH-006,2024-09-14,394.4,335.3,453.6,exponential_smoothing
SKU-1005,WH-006,2024-09-15,505.8,429.9,581.6,exponential_smoothing
SKU-1005,WH-006,2024-09-16,527.0,447.9,606.0,exponential_smoothing
SKU-1005,WH-006,2024-09-17,517.9,440.2,595.6,exponential_smoothing
SKU-1005,WH-006,2024-09-18,559.7,475.7,643.6,exponential_smoothing
SKU-1005,WH-006,2024-09-19,563.6,479.1,648.2,exponential_smoothing
SKU-1005,WH-006,2024-09-20,520.9,442.8,599.1,exponential_smoothing
SKU-1005,WH-006,2024-09-21,477.6,406.0,549.2,exponential_smoothing
SKU-1005,WH-006,2024-09-22,510.8,434.2,587.4,exponential_smoothing
SKU-1005,WH-006,2024-09-23,532.0,452.2,611.9,exponential_smoothing
SKU-1005,WH-006,2024-09-24,436.5,371.1,502.0,exponential_smoothing
SKU-1005,WH-006,2024-09-25,471.4,400.7,542.1,exponential_smoothing
SKU-1005,WH-006,2024-09-26,474.7,403.5,545.9,exponential_smoothing
SKU-1005,WH-007,2024-06-29,389.5,350.5,428.4,moving_average
SKU-1005,WH-007,2024-06-30,389.5,350.5,428.4,moving_average
SKU-1005,WH-007,2024-07-01,389.5,350.5,428.4,moving_average
SKU-1005,WH-007,2024-07-02,389.5,350.5,428.4,moving_average
SKU-1005,WH-007,2024-07-03,389.5,350.5,428.4,moving_average
SKU-1005,WH-007,2024-07-04,389.5,350.5,428.4,moving_average
SKU-1005,WH-007,2024-07-05,389.5,350.5,428.4,moving_average
SKU-1005,WH-007,2024-07-06,389.5,350.5,428.4,moving_average
SKU-1005,WH-007,2024-07-07,389.5,350.5,428.4,moving_average
SKU-1005,WH-007,2024-07-08,389.5,350.5,428.4,moving_average
SKU-1005,WH-007,2024-07-09,389.5,350.5,428.4,moving_average
SKU-1005,WH-007,2024-07-10,389.5,350.5,428.4,moving_average
SKU-1005,WH-007,2024-07-11,389.5,350.5,428.4,moving_average
SKU-1005,WH-007,2024-07-12,389.5,350.5,428.4,moving_average
SKU-1005,WH-007,2024-07-13,389.5,350.5,428.4,moving_average
SKU-1005,WH-007,2024-07-14,389.5,350.5,428.4,moving_average
SKU-1005,WH-007,2024-07-15,389.5,350.5,428.4,moving_average
SKU-1005,WH-007,2024-07-16,389.5,350.5,428.4,moving_average
SKU-1005,WH-007,2024-07-17,389.5,350.5,428.4,moving_average
SKU-1005,WH-007,2024-07-18,389.5,350.5,428.4,moving_average
SKU-1005,WH-007,2024-07-19,389.5,350.5,428.4,moving_average
SKU-1005,WH-007,2024-07-20,389.5,350.5,428.4,moving_average
SKU-1005,WH-007,2024-07-21,389.5,350.5,428.4,moving_average
SKU-1005,WH-007,2024-07-22,389.5,350.5,428.4,moving_average
SKU-1005,WH-007,2024-07-23,389.5,350.5,428.4,moving_average
SKU-1005,WH-007,2024-07-24,389.5,350.5,428.4,moving_average
SKU-1005,WH-007,2024-07-25,389.5,350.5,428.4,moving_average
SKU-1005,WH-007,2024-07-26,389.5,350.5,428.4,moving_average
SKU-1005,WH-007,2024-07-27,389.5,350.5,428.4,moving_average
SKU-1005,WH-007,2024-07-28,389.5,350.5,428.4,moving_average
SKU-1005,WH-007,2024-07-29,389.5,350.5,428.4,moving_average
SKU-1005,WH-007,2024-07-30,389.5,350.5,428.4,moving_average
SKU-1005,WH-007,2024-07-31,389.5,350.5,428.4,moving_average
SKU-1005,WH-007,2024-08-01,389.5,350.5,428.4,moving_average
SKU-1005,WH-007,2024-08-02,389.5,350.5,428.4,moving_average
SKU-1005,WH-007,2024-08-03,389.5,350.5,428.4,moving_average
SKU-1005,WH-007,2024-08-04,389.5,350.5,428.4,moving_average
SKU-1005,WH-007,2024-08-05,389.5,350.5,428.4,moving_average
SKU-1005,WH-007,2024-08-06,389.5,350.5,428.4,moving_average
SKU-1005,WH-007,2024-08-07,389.5,350.5,428.4,moving_average
SKU-1005,WH-007,2024-08-08,389.5,350.5,428.4,moving_average
SKU-1005,WH-007,2024-08-09,389.5,350.5,428.4,moving_average
SKU-1005,WH-007,2024-08-10,389.5,350.5,428.4,moving_average
SKU-1005,WH-007,2024-08-11,389.5,350.5,428.4,moving_average
SKU-1005,WH-007,2024-08-12,389.5,350.5,428.4,moving_average
SKU-1005,WH-007,2024-08-13,389.5,350.5,428.4,moving_average
SKU-1005,WH-007,2024-08-14,389.5,350.5,428.4,moving_average
SKU-1005,WH-007,2024-08-15,389.5,350.5,428.4,moving_average
SKU-1005,WH-007,2024-08-16,389.5,350.5,428.4,moving_average
SKU-1005,WH-007,2024-08-17,389.5,350.5,428.4,moving_average
SKU-1005,WH-007,2024-08-18,389.5,350.5,428.4,moving_average
SKU-1005,WH-007,2024-08-19,389.5,350.5,428.4,moving_average
SKU-1005,WH-007,2024-08-20,389.5,350.5,428.4,moving_average
SKU-1005,WH-007,2024-08-21,389.5,350.5,428.4,moving_average
SKU-1005,WH-007,2024-08-22,389.5,350.5,428.4,moving_average
SKU-1005,WH-007,2024-08-23,389.5,350.5,428.4,moving_average
SKU-1005,WH-007,2024-08-24,389.5,350.5,428.4,moving_average
SKU-1005,WH-007,2024-08-25,389.5,350.5,428.4,moving_average
SKU-1005,WH-007,2024-08-26,389.5,350.5,428.4,moving_average
SKU-1005,WH-007,2024-08-27,389.5,350.5,428.4,moving_average
SKU-1005,WH-007,2024-08-28,389.5,350.5,428.4,moving_average
SKU-1005,WH-007,2024-08-29,389.5,350.5,428.4,moving_average
SKU-1005,WH-007,2024-08-30,389.5,350.5,428.4,moving_average
SKU-1005,WH-007,2024-08-31,389.5,350.5,428.4,moving_average
SKU-1005,WH-007,2024-09-01,389.5,350.5,428.4,moving_average
SKU-1005,WH-007,2024-09-02,389.5,350.5,428.4,moving_average
SKU-1005,WH-007,2024-09-03,389.5,350.5,428.4,moving_average
SKU-1005,WH-007,2024-09-04,389.5,350.5,428.4,moving_average
SKU-1005,WH-007,2024-09-05,389.5,350.5,428.4,moving_average
SKU-1005,WH-007,2024-09-06,389.5,350.5,428.4,moving_average
SKU-1005,WH-007,2024-09-07,389.5,350.5,428.4,moving_average
SKU-1005,WH-007,2024-09-08,389.5,350.5,428.4,moving_average
SKU-1005,WH-007,2024-09-09,389.5,350.5,428.4,moving_average
SKU-1005,WH-007,2024-09-10,389.5,350.5,428.4,moving_average
SKU-1005,WH-007,2024-09-11,389.5,350.5,428.4,moving_average
SKU-1005,WH-007,2024-09-12,389.5,350.5,428.4,moving_average
SKU-1005,WH-007,2024-09-13,389.5,350.5,428.4,moving_average
SKU-1005,WH-007,2024-09-14,389.5,350.5,428.4,moving_average
SKU-1005,WH-007,2024-09-15,389.5,350.5,428.4,moving_average
SKU-1005,WH-007,2024-09-16,389.5,350.5,428.4,moving_average
SKU-1005,WH-007,2024-09-17,389.5,350.5,428.4,moving_average
SKU-1005,WH-007,2024-09-18,389.5,350.5,428.4,moving_average
SKU-1005,WH-007,2024-09-19,389.5,350.5,428.4,moving_average
SKU-1005,WH-007,2024-09-20,389.5,350.5,428.4,moving_average
SKU-1005,WH-007,2024-09-21,389.5,350.5,428.4,moving_average
SKU-1005,WH-007,2024-09-22,389.5,350.5,428.4,moving_average
SKU-1005,WH-007,2024-09-23,389.5,350.5,428.4,moving_average
SKU-1005,WH-007,2024-09-24,389.5,350.5,428.4,moving_average
SKU-1005,WH-007,2024-09-25,389.5,350.5,428.4,moving_average
SKU-1005,WH-007,2024-09-26,389.5,350.5,428.4,moving_average
SKU-1006,WH-001,2024-06-29,93.1,79.2,107.1,exponential_smoothing
SKU-1006,WH-001,2024-06-30,92.6,78.7,106.5,exponential_smoothing
SKU-1006,WH-001,2024-07-01,112.7,95.8,129.6,exponential_smoothing
SKU-1006,WH-001,2024-07-02,104.3,88.6,119.9,exponential_smoothing
SKU-1006,WH-001,2024-07-03,109.6,93.2,126.1,exponential_smoothing
SKU-1006,WH-001,2024-07-04,108.0,91.8,124.2,exponential_smoothing
SKU-1006,WH-001,2024-07-05,118.9,101.0,136.7,exponential_smoothing
SKU-1006,WH-001,2024-07-06,93.7,79.6,107.7,exponential_smoothing
SKU-1006,WH-001,2024-07-07,93.1,79.2,107.1,exponential_smoothing
SKU-1006,WH-001,2024-07-08,113.2,96.3,130.2,exponential_smoothing
SKU-1006,WH-001,2024-07-09,104.8,89.1,120.5,exponential_smoothing
SKU-1006,WH-001,2024-07-10,110.1,93.6,126.6,exponential_smoothing
SKU-1006,WH-001,2024-07-11,108.5,92.2,124.8,exponential_smoothing
SKU-1006,WH-001,2024-07-12,119.4,101.5,137.3,exponential_smoothing
SKU-1006,WH-001,2024-07-13,94.2,80.0,108.3,exponential_smoothing
SKU-1006,WH-001,2024-07-14,93.7,79.6,107.7,exponential_smoothing
SKU-1006,WH-001,2024-07-15,113.8,96.7,130.8,exponential_smoothing
SKU-1006,WH-001,2024-07-16,105.3,89.5,121.1,exponential_smoothing
SKU-1006,WH-001,2024-07-17,110.6,94.1,127.2,exponential_smoothing
SKU-1006,WH-001,2024-07-18,109.0,92.7,125.4,exponential_smoothing
SKU-1006,WH-001,2024-07-19,119.9,101.9,137.9,exponential_smoothing
SKU-1006,WH-001,2024-07-20,94.7,80.5,108.9,exponential_smoothing
SKU-1006,WH-001,2024-07-21,94.2,80.1,108.3,exponential_smoothing
SKU-1006,WH-001,2024-07-22,114.3,97.1,131.4,exponential_smoothing
SKU-1006,WH-001,2024-07-23,105.8,89.9,121.7,exponential_smoothing
SKU-1006,WH-001,2024-07-24,111.2,94.5,127.8,exponential_smoothing
SKU-1006,WH-001,2024-07-25,109.6,93.1,126.0,exponential_smoothing
SKU-1006,WH-001,2024-07-26,120.4,102.4,138.5,exponential_smoothing
SKU-1006,WH-001,2024-07-27,95.2,80.9,109.5,exponential_smoothing
SKU-1006,WH-001,2024-07-28,94.7,80.5,108.9,exponential_smoothing
SKU-1006,WH-001,2024-07-29,114.8,97.6,132.0,exponential_smoothing
SKU-1006,WH-001,2024-07-30,106.3,90.4,122.3,exponential_smoothing
SKU-1006,WH-001,2024-07-31,111.7,94.9,128.4,exponential_smoothing
SKU-1006,WH-001,2024-08-01,110.1,93.6,126.6,exponential_smoothing
SKU-1006,WH-001,2024-08-02,120.9,102.8,139.1,exponential_smoothing
SKU-1006,WH-001,2024-08-03,95.7,81.4,110.1,exponential_smoothing
SKU-1006,WH-001,2024-08-04,95.2,80.9,109.5,exponential_smoothing
SKU-1006,WH-001,2024-08-05,115.3,98.0,132.6,exponential_smoothing
SKU-1006,WH-001,2024-08-06,106.9,90.8,122.9,exponential_smoothing
SKU-1006,WH-001,2024-08-07,112.2,95.4,129.0,exponential_smoothing
SKU-1006,WH-001,2024-08-08,110.6,94.0,127.2,exponential_smoothing
SKU-1006,WH-001,2024-08-09,121.5,103.2,139.7,exponential_smoothing
SKU-1006,WH-001,2024-08-10,96.2,81.8,110.7,exponential_smoothing
SKU-1006,WH-001,2024-08-11,95.7,81.4,110.1,exponential_smoothing
SKU-1006,WH-001,2024-08-12,115.8,98.5,133.2,exponential_smoothing
SKU-1006,WH-001,2024-08-13,107.4,91.3,123.5,exponential_smoothing
SKU-1006,WH-001,2024-08-14,112.7,95.8,129.6,exponential_smoothing
SKU-1006,WH-001,2024-08-15,111.1,94.4,127.8,exponential_smoothing
SKU-1006,WH-001,2024-08-16,122.0,103.7,140.3,exponential_smoothing
SKU-1006,WH-001,2024-08-17,96.8,82.2,111.3,exponential_smoothing
SKU-1006,WH-001,2024-08-18,96.2,81.8,110.7,exponential_smoothing
SKU-1006,WH-001,2024-08-19,116.3,98.9,133.8,exponential_smoothing
SKU-1006,WH-001,2024-08-20,107.9,91.7,124.1,exponential_smoothing
SKU-1006,WH-001,2024-08-21,113.2,96.2,130.2,exponential_smoothing
SKU-1006,WH-001,2024-08-22,111.6,94.9,128.4,exponential_smoothing
SKU-1006,WH-001,2024-08-23,122.5,104.1,140.9,exponential_smoothing
SKU-1006,WH-001,2024-08-24,97.3,82.7,111.9,exponential_smoothing
SKU-1006,WH-001,2024-08-25,96.8,82.2,111.3,exponential_smoothing
SKU-1006,WH-001,2024-08-26,116.9,99.3,134.4,exponential_smoothing
SKU-1006,WH-001,2024-08-27,108.4,92.1,124.7,exponential_smoothing
SKU-1006,WH-001,2024-08-28,113.7,96.7,130.8,exponential_smoothing
SKU-1006,WH-001,2024-08-29,112.1,95.3,129.0,exponential_smoothing
SKU-1006,WH-001,2024-08-30,123.0,104.6,141.5,exponential_smoothing
SKU-1006,WH-001,2024-08-31,97.8,83.1,112.5,exponential_smoothing
SKU-1006,WH-001,2024-09-01,97.3,82.7,111.9,exponential_smoothing
SKU-1006,WH-001,2024-09-02,117.4,99.8,135.0,exponential_smoothing
SKU-1006,WH-001,2024-09-03,108.9,92.6,125.3,exponential_smoothing
SKU-1006,WH-001,2024-09-04,114.3,97.1,131.4,exponential_smoothing
SKU-1006,WH-001,2024-09-05,112.7,95.8,129.6,exponential_smoothing
SKU-1006,WH-001,2024-09-06,123.5,105.0,142.1,exponential_smoothing
SKU-1006,WH-001,2024-09-07,98.3,83.6,113.1,exponential_smoothing
SKU-1006,WH-001,2024-09-08,97.8,83.1,112.5,exponential_smoothing
SKU-1006,WH-001,2024-09-09,117.9,100.2,135.6,exponential_smoothing
SKU-1006,WH-001,2024-09-10,109.4,93.0,125.9,exponential_smoothing
SKU-1006,WH-001,2024-09-11,114.8,97.6,132.0,exponential_smoothing
SKU-1006,WH-001,2024-09-12,113.2,96.2,130.1,exponential_smoothing
SKU-1006,WH-001,2024-09-13,124.1,105.4,142.7,exponential_smoothing
SKU-1006,WH-001,2024-09-14,98.8,84.0,113.6,exponential_smoothing
SKU-1006,WH-001,2024-09-15,98.3,83.6,113.1,exponential_smoothing
SKU-1006,WH-001,2024-09-16,118.4,100.7,136.2,exponential_smoothing
SKU-1006,WH-001,2024-09-17,110.0,93.5,126.4,exponential_smoothing
SKU-1006,WH-001,2024-09-18,115.3,98.0,132.6,exponential_smoothing
SKU-1006,WH-001,2024-09-19,113.7,96.6,130.7,exponential_smoothing
SKU-1006,WH-001,2024-09-20,124.6,105.9,143.3,exponential_smoothing
SKU-1006,WH-001,2024-09-21,99.3,84.4,114.2,exponential_smoothing
SKU-1006,WH-001,2024-09-22,98.8,84.0,113.7,exponential_smoothing
SKU-1006,WH-001,2024-09-23,118.9,101.1,136.8,exponential_smoothing
SKU-1006,WH-001,2024-09-24,110.5,93.9,127.0,exponential_smoothing
SKU-1006,WH-001,2024-09-25,115.8,98.4,133.2,exponential_smoothing
SKU-1006,WH-001,2024-09-26,114.2,97.1,131.3,exponential_smoothing
SKU-1006,WH-002,2024-06-29,135.6,115.2,155.9,exponential_smoothing
SKU-1006,WH-002,2024-06-30,132.4,112.5,152.2,exponential_smoothing
SKU-1006,WH-002,2024-07-01,163.0,138.6,187.5,exponential_smoothing
SKU-1006,WH-002,2024-07-02,154.5,131.3,177.7,exponential_smoothing
SKU-1006,WH-002,2024-07-03,142.8,121.4,164.2,exponential_smoothing
SKU-1006,WH-002,2024-07-04,140.0,119.0,161.0,exponential_smoothing
SKU-1006,WH-002,2024-07-05,144.5,122.9,166.2,exponential_smoothing
SKU-1006,WH-002,2024-07-06,137.6,117.0,158.3,exponential_smoothing
SKU-1006,WH-002,2024-07-07,134.4,114.3,154.6,exponential_smoothing
SKU-1006,WH-002,2024-07-08,165.1,140.3,189.8,exponential_smoothing
SKU-1006,WH-002,2024-07-09,156.6,133.1,180.0,exponential_smoothing
SKU-1006,WH-002,2024-07-10,144.8,123.1,166.6,exponential_smoothing
SKU-1006,WH-002,2024-07-11,142.1,120.8,163.4,exponential_smoothing
SKU-1006,WH-002,2024-07-12,146.6,124.6,168.6,exponential_smoothing
SKU-1006,WH-002,2024-07-13,139.7,118.7,160.6,exponential_smoothing
SKU-1006,WH-002,2024-07-14,136.5,116.0,156.9,exponential_smoothing
SKU-1006,WH-002,2024-07-15,167.1,142.1,192.2,exponential_smoothing
SKU-1006,WH-002,2024-07-16,158.6,134.8,182.4,exponential_smoothing
SKU-1006,WH-002,2024-07-17,146.9,124.9,168.9,exponential_smoothing
SKU-1006,WH-002,2024-07-18,144.1,122.5,165.8,exponential_smoothing
SKU-1006,WH-002,2024-07-19,148.6,126.4,170.9,exponential_smoothing
SKU-1006,WH-002,2024-07-20,141.7,120.5,163.0,exponential_smoothing
SKU-1006,WH-002,2024-07-21,138.5,117.7,159.3,exponential_smoothing
SKU-1006,WH-002,2024-07-22,169.2,143.8,194.6,exponential_smoothing
SKU-1006,WH-002,2024-07-23,160.7,136.6,184.8,exponential_smoothing
SKU-1006,WH-002,2024-07-24,148.9,126.6,171.3,exponential_smoothing
SKU-1006,WH-002,2024-07-25,146.2,124.3,168.1,exponential_smoothing
SKU-1006,WH-002,2024-07-26,150.7,128.1,173.3,exponential_smoothing
SKU-1006,WH-002,2024-07-27,143.8,122.2,165.3,exponential_smoothing
SKU-1006,WH-002,2024-07-28,140.6,119.5,161.7,exponential_smoothing
SKU-1006,WH-002,2024-07-29,171.2,145.5,196.9,exponential_smoothing
SKU-1006,WH-002,2024-07-30,162.7,138.3,187.1,exponential_smoothing
SKU-1006,WH-002,2024-07-31,151.0,128.4,173.7,exponential_smoothing
SKU-1006,WH-002,2024-08-01,148.2,126.0,170.5,exponential_smoothing
SKU-1006,WH-002,2024-08-02,152.8,129.8,175.7,exponential_smoothing
SKU-1006,WH-002,2024-08-03,145.8,124.0,167.7,exponential_smoothing
SKU-1006,WH-002,2024-08-04,142.6,121.2,164.0,exponential_smoothing
SKU-1006,WH-002,2024-08-05,173.3,147.3,199.3,exponential_smoothing
SKU-1006,WH-002,2024-08-06,164.8,140.1,189.5,exponential_smoothing
SKU-1006,WH-002,2024-08-07,153.1,130.1,176.0,exponential_smoothing
SKU-1006,WH-002,2024-08-08,150.3,127.8,172.8,exponential_smoothing
SKU-1006,WH-002,2024-08-09,154.8,131.6,178.0,exponential_smoothing
SKU-1006,WH-002,2024-08-10,147.9,125.7,170.1,exponential_smoothing
SKU-1006,WH-002,2024-08-11,144.7,123.0,166.4,exponential_smoothing
SKU-1006,WH-002,2024-08-12,175.3,149.0,201.6,exponential_smoothing
SKU-1006,WH-002,2024-08-13,166.8,141.8,191.9,exponential_smoothing
SKU-1006,WH-002,2024-08-14,155.1,131.8,178.4,exponential_smoothing
SKU-1006,WH-002,2024-08-15,152.3,129.5,175.2,exponential_smoothing
SKU-1006,WH-002,2024-08-16,156.9,133.3,180.4,exponential_smoothing
SKU-1006,WH-002,2024-08-17,149.9,127.4,172.4,exponential_smoothing
SKU-1006,WH-002,2024-08-18,146.7,124.7,168.7,exponential_smoothing
SKU-1006,WH-002,2024-08-19,177.4,150.8,204.0,exponential_smoothing
SKU-1006,WH-002,2024-08-20,168.9,143.5,194.2,exponential_smoothing
SKU-1006,WH-002,2024-08-21,157.2,133.6,180.7,exponential_smoothing
SKU-1006,WH-002,2024-08-22,154.4,131.2,177.6,exponential_smoothing
SKU-1006,WH-002,2024-08-23,158.9,135.1,182.7,exponential_smoothing
SKU-1006,WH-002,2024-08-24,152.0,129.2,174.8,exponential_smoothing
SKU-1006,WH-002,2024-08-25,148.8,126.5,171.1,exponential_smoothing
SKU-1006,WH-002,2024-08-26,179.4,152.5,206.4,exponential_smoothing
SKU-1006,WH-002,2024-08-27,170.9,145.3,196.6,exponential_smoothing
SKU-1006,WH-002,2024-08-28,159.2,135.3,183.1,exponential_smoothing
SKU-1006,WH-002,2024-08-29,156.5,133.0,179.9,exponential_smoothing
SKU-1006,WH-002,2024-08-30,161.0,136.8,185.1,exponential_smoothing
SKU-1006,WH-002,2024-08-31,154.0,130.9,177.2,exponential_smoothing
SKU-1006,WH-002,2024-09-01,150.8,128.2,173.5,exponential_smoothing
SKU-1006,WH-002,2024-09-02,181.5,154.3,208.7,exponential_smoothing
SKU-1006,WH-002,2024-09-03,173.0,147.0,198.9,exponential_smoothing
SKU-1006,WH-002,2024-09-04,161.3,137.1,185.5,exponential_smoothing
SKU-1006,WH-002,2024-09-05,158.5,134.7,182.3,exponential_smoothing
SKU-1006,WH-002,2024-09-06,163.0,138.6,187.5,exponential_smoothing
SKU-1006,WH-002,2024-09-07,156.1,132.7,179.5,exponential_smoothing
SKU-1006,WH-002,2024-09-08,152.9,130.0,175.8,exponential_smoothing
SKU-1006,WH-002,2024-09-09,183.5,156.0,211.1,exponential_smoothing
SKU-1006,WH-002,2024-09-10,175.0,148.8,201.3,exponential_smoothing
SKU-1006,WH-002,2024-09-11,163.3,138.8,187.8,exponential_smoothing
SKU-1006,WH-002,2024-09-12,160.6,136.5,184.6,exponential_smoothing
SKU-1006,WH-002,2024-09-13,165.1,140.3,189.8,exponential_smoothing
SKU-1006,WH-002,2024-09-14,158.1,134.4,181.9,exponential_smoothing
SKU-1006,WH-002,2024-09-15,154.9,131.7,178.2,exponential_smoothing
SKU-1006,WH-002,2024-09-16,185.6,157.8,213.4,exponential_smoothing
SKU-1006,WH-002,2024-09-17,177.1,150.5,203.7,exponential_smoothing
SKU-1006,WH-002,2024-09-18,165.4,140.6,190.2,exponential_smoothing
SKU-1006,WH-002,2024-09-19,162.6,138.2,187.0,exponential_smoothing
SKU-1006,WH-002,2024-09-20,167.1,142.1,192.2,exponential_smoothing
SKU-1006,WH-002,2024-09-21,160.2,136.2,184.2,exponential_smoothing
SKU-1006,WH-002,2024-09-22,157.0,133.4,180.5,exponential_smoothing
SKU-1006,WH-002,2024-09-23,187.6,159.5,215.8,exponential_smoothing
SKU-1006,WH-002,2024-09-24,179.1,152.3,206.0,exponential_smoothing
SKU-1006,WH-002,2024-09-25,167.4,142.3,192.5,exponential_smoothing
SKU-1006,WH-002,2024-09-26,164.7,140.0,189.4,exponential_smoothing
SKU-1006,WH-003,2024-06-29,150.6,128.0,173.1,exponential_smoothing
SKU-1006,WH-003,2024-06-30,139.1,118.2,159.9,exponential_smoothing
SKU-1006,WH-003,2024-07-01,169.8,144.4,195.3,exponential_smoothing
SKU-1006,WH-003,2024-07-02,169.9,144.4,195.4,exponential_smoothing
SKU-1006,WH-003,2024-07-03,173.3,147.3,199.3,exponential_smoothing
SKU-1006,WH-003,2024-07-04,155.2,131.9,178.5,exponential_smoothing
SKU-1006,WH-003,2024-07-05,160.6,136.5,184.6,exponential_smoothing
SKU-1006,WH-003,2024-07-06,152.7,129.8,175.6,exponential_smoothing
SKU-1006,WH-003,2024-07-07,141.2,120.0,162.4,exponential_smoothing
SKU-1006,WH-003,2024-07-08,172.0,146.2,197.8,exponential_smoothing
SKU-1006,WH-003,2024-07-09,172.1,146.3,197.9,exponential_smoothing
SKU-1006,WH-003,2024-07-10,175.4,149.1,201.8,exponential_smoothing
SKU-1006,WH-003,2024-07-11,157.4,133.8,181.0,exponential_smoothing
SKU-1006,WH-003,2024-07-12,162.7,138.3,187.1,exponential_smoothing
SKU-1006,WH-003,2024-07-13,154.9,131.7,178.1,exponential_smoothing
SKU-1006,WH-003,2024-07-14,143.4,121.9,164.9,exponential_smoothing
SKU-1006,WH-003,2024-07-15,174.2,148.1,200.3,exponential_smoothing
SKU-1006,WH-003,2024-07-16,174.3,148.1,200.4,exponential_smoothing
SKU-1006,WH-003,2024-07-17,177.6,151.0,204.3,exponential_smoothing
SKU-1006,WH-003,2024-07-18,159.5,135.6,183.5,exponential_smoothing
SKU-1006,WH-003,2024-07-19,164.9,140.2,189.6,exponential_smoothing
SKU-1006,WH-003,2024-07-20,157.1,133.5,180.6,exponential_smoothing
SKU-1006,WH-003,2024-07-21,145.6,123.7,167.4,exponential_smoothing
SKU-1006,WH-003,2024-07-22,176.4,149.9,202.8,exponential_smoothing
SKU-1006,WH-003,2024-07-23,176.4,150.0,202.9,exponential_smoothing
SKU-1006,WH-003,2024-07-24,179.8,152.8,206.8,exponential_smoothing
SKU-1006,WH-003,2024-07-25,161.7,137.4,186.0,exponential_smoothing
SKU-1006,WH-003,2024-07-26,167.1,142.0,192.1,exponential_smoothing
SKU-1006,WH-003,2024-07-27,159.3,135.4,183.1,exponential_smoothing
SKU-1006,WH-003,2024-07-28,147.7,125.6,169.9,exponential_smoothing
SKU-1006,WH-003,2024-07-29,264.4,224.8,304.1,exponential_smoothing
SKU-1006,WH-003,2024-07-30,264.5,224.8,304.2,exponential_smoothing
SKU-1006,WH-003,2024-07-31,269.5,229.1,309.9,exponential_smoothing
SKU-1006,WH-003,2024-08-01,242.7,206.3,279.1,exponential_smoothing
SKU-1006,WH-003,2024-08-02,250.7,213.1,288.3,exponential_smoothing
SKU-1006,WH-003,2024-08-03,239.1,203.2,274.9,exponential_smoothing
SKU-1006,WH-003,2024-08-04,222.0,188.7,255.3,exponential_smoothing
SKU-1006,WH-003,2024-08-05,267.6,227.5,307.8,exponential_smoothing
SKU-1006,WH-003,2024-08-06,267.7,227.6,307.9,exponential_smoothing
SKU-1006,WH-003,2024-08-07,272.7,231.8,313.6,exponential_smoothing
SKU-1006,WH-003,2024-08-08,245.9,209.0,282.8,exponential_smoothing
SKU-1006,WH-003,2024-08-09,171.4,145.7,197.1,exponential_smoothing
SKU-1006,WH-003,2024-08-10,163.6,139.1,188.1,exponential_smoothing
SKU-1006,WH-003,2024-08-11,152.1,129.3,174.9,exponential_smoothing
SKU-1006,WH-003,2024-08-12,182.9,155.4,210.3,exponential_smoothing
SKU-1006,WH-003,2024-08-13,183.0,155.5,210.4,exponential_smoothing
SKU-1006,WH-003,2024-08-14,186.3,158.4,214.2,exponential_smoothing
SKU-1006,WH-003,2024-08-15,168.2,143.0,193.4,exponential_smoothing
SKU-1006,WH-003,2024-08-16,173.6,147.6,199.6,exponential_smoothing
SKU-1006,WH-003,2024-08-17,165.8,140.9,190.6,exponential_smoothing
SKU-1006,WH-003,2024-08-18,154.3,131.1,177.4,exponential_smoothing
SKU-1006,WH-003,2024-08-19,185.1,157.3,212.8,exponential_smoothing
SKU-1006,WH-003,2024-08-20,185.1,157.4,212.9,exponential_smoothing
SKU-1006,WH-003,2024-08-21,188.5,160.2,216.7,exponential_smoothing
SKU-1006,WH-003,2024-08-22,170.4,144.8,195.9,exponential_smoothing
SKU-1006,WH-003,2024-08-23,175.8,149.4,202.1,exponential_smoothing
SKU-1006,WH-003,2024-08-24,167.9,142.8,193.1,exponential_smoothing
SKU-1006,WH-003,2024-08-25,156.4,133.0,179.9,exponential_smoothing
SKU-1006,WH-003,2024-08-26,187.2,159.1,215.3,exponential_smoothing
SKU-1006,WH-003,2024-08-27,187.3,159.2,215.4,exponential_smoothing
SKU-1006,WH-003,2024-08-28,190.6,162.1,219.2,exponential_smoothing
SKU-1006,WH-003,2024-08-29,172.6,146.7,198.4,exponential_smoothing
SKU-1006,WH-003,2024-08-30,177.9,151.2,204.6,exponential_smoothing
SKU-1006,WH-003,2024-08-31,170.1,144.6,195.6,exponential_smoothing
SKU-1006,WH-003,2024-09-01,158.6,134.8,182.4,exponential_smoothing
SKU-1006,WH-003,2024-09-02,189.4,161.0,217.8,exponential_smoothing
SKU-1006,WH-003,2024-09-03,189.5,161.1,217.9,exponential_smoothing
SKU-1006,WH-003,2024-09-04,192.8,163.9,221.7,exponential_smoothing
SKU-1006,WH-003,2024-09-05,174.7,148.5,200.9,exponential_smoothing
SKU-1006,WH-003,2024-09-06,180.1,153.1,207.1,exponential_smoothing
SKU-1006,WH-003,2024-09-07,172.3,146.4,198.1,exponential_smoothing
SKU-1006,WH-003,2024-09-08,160.8,136.7,184.9,exponential_smoothing
SKU-1006,WH-003,2024-09-09,191.6,162.8,220.3,exponential_smoothing
SKU-1006,WH-003,2024-09-10,191.6,162.9,220.4,exponential_smoothing
SKU-1006,WH-003,2024-09-11,195.0,165.7,224.2,exponential_smoothing
SKU-1006,WH-003,2024-09-12,176.9,150.4,203.4,exponential_smoothing
SKU-1006,WH-003,2024-09-13,182.3,154.9,209.6,exponential_smoothing
SKU-1006,WH-003,2024-09-14,174.5,148.3,200.6,exponential_smoothing
SKU-1006,WH-003,2024-09-15,163.0,138.5,187.4,exponential_smoothing
SKU-1006,WH-003,2024-09-16,193.7,164.7,222.8,exponential_smoothing
SKU-1006,WH-003,2024-09-17,193.8,164.7,222.9,exponential_smoothing
SKU-1006,WH-003,2024-09-18,197.2,167.6,226.7,exponential_smoothing
SKU-1006,WH-003,2024-09-19,179.1,152.2,205.9,exponential_smoothing
SKU-1006,WH-003,2024-09-20,184.5,156.8,212.1,exponential_smoothing
SKU-1006,WH-003,2024-09-21,176.6,150.1,203.1,exponential_smoothing
SKU-1006,WH-003,2024-09-22,165.1,140.4,189.9,exponential_smoothing
SKU-1006,WH-003,2024-09-23,195.9,166.5,225.3,exponential_smoothing
SKU-1006,WH-003,2024-09-24,196.0,166.6,225.4,exponential_smoothing
SKU-1006,WH-003,2024-09-25,199.3,169.4,229.2,exponential_smoothing
SKU-1006,WH-003,2024-09-26,181.3,154.1,208.4,exponential_smoothing
SKU-1006,WH-004,2024-06-29,106.1,84.9,127.3,xgboost
SKU-1006,WH-004,2024-06-30,122.4,97.9,146.9,xgboost
SKU-1006,WH-004,2024-07-01,162.6,130.1,195.2,xgboost
SKU-1006,WH-004,2024-07-02,109.4,87.5,131.3,xgboost
SKU-1006,WH-004,2024-07-03,199.2,159.4,239.0,xgboost
SKU-1006,WH-004,2024-07-04,159.0,127.2,190.8,xgboost
SKU-1006,WH-004,2024-07-05,163.4,130.7,196.1,xgboost
SKU-1006,WH-004,2024-07-06,151.0,120.8,181.2,xgboost
SKU-1006,WH-004,2024-07-07,137.3,109.8,164.8,xgboost
SKU-1006,WH-004,2024-07-08,150.4,120.3,180.5,xgboost
SKU-1006,WH-004,2024-07-09,138.8,111.1,166.6,xgboost
SKU-1006,WH-004,2024-07-10,125.1,100.1,150.1,xgboost
SKU-1006,WH-004,2024-07-11,125.5,100.4,150.6,xgboost
SKU-1006,WH-004,2024-07-12,172.0,137.6,206.4,xgboost
SKU-1006,WH-004,2024-07-13,135.6,108.5,162.7,xgboost
SKU-1006,WH-004,2024-07-14,154.2,123.4,185.0,xgboost
SKU-1006,WH-004,2024-07-15,117.2,93.8,140.7,xgboost
SKU-1006,WH-004,2024-07-16,156.1,124.9,187.3,xgboost
SKU-1006,WH-004,2024-07-17,158.6,126.9,190.4,xgboost
SKU-1006,WH-004,2024-07-18,146.4,117.2,175.7,xgboost
SKU-1006,WH-004,2024-07-19,148.6,118.9,178.3,xgboost
SKU-1006,WH-004,2024-07-20,143.9,115.1,172.7,xgboost
SKU-1006,WH-004,2024-07-21,129.3,103.5,155.2,xgboost
SKU-1006,WH-004,2024-07-22,137.1,109.7,164.6,xgboost
SKU-1006,WH-004,2024-07-23,112.3,89.9,134.8,xgboost
SKU-1006,WH-004,2024-07-24,131.7,105.4,158.0,xgboost
SKU-1006,WH-004,2024-07-25,106.9,85.5,128.3,xgboost
SKU-1006,WH-004,2024-07-26,123.0,98.4,147.6,xgboost
SKU-1006,WH-004,2024-07-27,161.8,129.4,194.1,xgboost
SKU-1006,WH-004,2024-07-28,108.5,86.8,130.2,xgboost
SKU-1006,WH-004,2024-07-29,138.3,110.7,166.0,xgboost
SKU-1006,WH-004,2024-07-30,118.2,94.5,141.8,xgboost
SKU-1006,WH-004,2024-07-31,97.7,78.1,117.2,xgboost
SKU-1006,WH-004,2024-08-01,129.1,103.2,154.9,xgboost
SKU-1006,WH-004,2024-08-02,121.1,96.9,145.3,xgboost
SKU-1006,WH-004,2024-08-03,116.8,93.4,140.1,xgboost
SKU-1006,WH-004,2024-08-04,142.3,113.8,170.8,xgboost
SKU-1006,WH-004,2024-08-05,114.0,91.2,136.8,xgboost
SKU-1006,WH-004,2024-08-06,113.4,90.7,136.1,xgboost
SKU-1006,WH-004,2024-08-07,129.0,103.2,154.8,xgboost
SKU-1006,WH-004,2024-08-08,116.1,92.9,139.4,xgboost
SKU-1006,WH-004,2024-08-09,124.9,99.9,149.8,xgboost
SKU-1006,WH-004,2024-08-10,123.5,98.8,148.2,xgboost
SKU-1006,WH-004,2024-08-11,119.2,95.3,143.0,xgboost
SKU-1006,WH-004,2024-08-12,134.1,107.3,160.9,xgboost
SKU-1006,WH-004,2024-08-13,109.6,87.7,131.5,xgboost
SKU-1006,WH-004,2024-08-14,124.3,99.4,149.2,xgboost
SKU-1006,WH-004,2024-08-15,131.3,105.0,157.5,xgboost
SKU-1006,WH-004,2024-08-16,118.4,94.7,142.1,xgboost
SKU-1006,WH-004,2024-08-17,124.2,99.3,149.0,xgboost
SKU-1006,WH-004,2024-08-18,136.7,109.4,164.1,xgboost
SKU-1006,WH-004,2024-08-19,119.8,95.9,143.8,xgboost
SKU-1006,WH-004,2024-08-20,131.7,105.4,158.1,xgboost
SKU-1006,WH-004,2024-08-21,117.6,94.1,141.1,xgboost
SKU-1006,WH-004,2024-08-22,123.1,98.5,147.8,xgboost
SKU-1006,WH-004,2024-08-23,120.5,96.4,144.6,xgboost
SKU-1006,WH-004,2024-08-24,121.5,97.2,145.8,xgboost
SKU-1006,WH-004,2024-08-25,117.7,94.2,141.3,xgboost
SKU-1006,WH-004,2024-08-26,110.6,88.5,132.7,xgboost
SKU-1006,WH-004,2024-08-27,117.9,94.4,141.5,xgboost
SKU-1006,WH-004,2024-08-28,112.2,89.8,134.7,xgboost
SKU-1006,WH-004,2024-08-29,145.4,116.3,174.4,xgboost
SKU-1006,WH-004,2024-08-30,112.9,90.4,135.5,xgboost
SKU-1006,WH-004,2024-08-31,115.3,92.2,138.4,xgboost
SKU-1006,WH-004,2024-09-01,112.0,89.6,134.4,xgboost
SKU-1006,WH-004,2024-09-02,127.0,101.6,152.4,xgboost
SKU-1006,WH-004,2024-09-03,114.0,91.2,136.8,xgboost
SKU-1006,WH-004,2024-09-04,102.6,82.1,123.2,xgboost
SKU-1006,WH-004,2024-09-05,118.4,94.7,142.1,xgboost
SKU-1006,WH-004,2024-09-06,132.8,106.3,159.4,xgboost
SKU-1006,WH-004,2024-09-07,110.9,88.7,133.1,xgboost
SKU-1006,WH-004,2024-09-08,117.9,94.3,141.4,xgboost
SKU-1006,WH-004,2024-09-09,127.4,101.9,152.9,xgboost
SKU-1006,WH-004,2024-09-10,135.1,108.1,162.1,xgboost
SKU-1006,WH-004,2024-09-11,111.3,89.1,133.6,xgboost
SKU-1006,WH-004,2024-09-12,114.2,91.3,137.0,xgboost
SKU-1006,WH-004,2024-09-13,123.7,98.9,148.4,xgboost
SKU-1006,WH-004,2024-09-14,130.0,104.0,156.0,xgboost
SKU-1006,WH-004,2024-09-15,120.0,96.0,144.0,xgboost
SKU-1006,WH-004,2024-09-16,138.1,110.5,165.7,xgboost
SKU-1006,WH-004,2024-09-17,114.4,91.5,137.3,xgboost
SKU-1006,WH-004,2024-09-18,123.5,98.8,148.2,xgboost
SKU-1006,WH-004,2024-09-19,126.9,101.5,152.3,xgboost
SKU-1006,WH-004,2024-09-20,122.7,98.1,147.2,xgboost
SKU-1006,WH-004,2024-09-21,118.3,94.6,142.0,xgboost
SKU-1006,WH-004,2024-09-22,123.8,99.0,148.6,xgboost
SKU-1006,WH-004,2024-09-23,128.5,102.8,154.2,xgboost
SKU-1006,WH-004,2024-09-24,115.2,92.2,138.3,xgboost
SKU-1006,WH-004,2024-09-25,96.6,77.3,115.9,xgboost
SKU-1006,WH-004,2024-09-26,114.1,91.2,136.9,xgboost
SKU-1006,WH-005,2024-06-29,112.5,95.6,129.4,exponential_smoothing
SKU-1006,WH-005,2024-06-30,96.3,81.9,110.7,exponential_smoothing
SKU-1006,WH-005,2024-07-01,109.3,92.9,125.7,exponential_smoothing
SKU-1006,WH-005,2024-07-02,117.6,100.0,135.2,exponential_smoothing
SKU-1006,WH-005,2024-07-03,109.0,92.7,125.4,exponential_smoothing
SKU-1006,WH-005,2024-07-04,124.2,105.6,142.8,exponential_smoothing
SKU-1006,WH-005,2024-07-05,103.9,88.3,119.5,exponential_smoothing
SKU-1006,WH-005,2024-07-06,112.7,95.8,129.6,exponential_smoothing
SKU-1006,WH-005,2024-07-07,96.5,82.0,110.9,exponential_smoothing
SKU-1006,WH-005,2024-07-08,109.5,93.1,125.9,exponential_smoothing
SKU-1006,WH-005,2024-07-09,117.8,100.1,135.4,exponential_smoothing
SKU-1006,WH-005,2024-07-10,109.2,92.8,125.6,exponential_smoothing
SKU-1006,WH-005,2024-07-11,124.4,105.7,143.0,exponential_smoothing
SKU-1006,WH-005,2024-07-12,104.1,88.5,119.7,exponential_smoothing
SKU-1006,WH-005,2024-07-13,112.9,95.9,129.8,exponential_smoothing
SKU-1006,WH-005,2024-07-14,96.7,82.2,111.2,exponential_smoothing
SKU-1006,WH-005,2024-07-15,109.7,93.2,126.1,exponential_smoothing
SKU-1006,WH-005,2024-07-16,117.9,100.3,135.6,exponential_smoothing
SKU-1006,WH-005,2024-07-17,109.4,93.0,125.8,exponential_smoothing
SKU-1006,WH-005,2024-07-18,124.6,105.9,143.2,exponential_smoothing
SKU-1006,WH-005,2024-07-19,104.3,88.6,119.9,exponential_smoothing
SKU-1006,WH-005,2024-07-20,113.0,96.1,130.0,exponential_smoothing
SKU-1006,WH-005,2024-07-21,96.8,82.3,111.4,exponential_smoothing
SKU-1006,WH-005,2024-07-22,109.8,93.4,126.3,exponential_smoothing
SKU-1006,WH-005,2024-07-23,118.1,100.4,135.8,exponential_smoothing
SKU-1006,WH-005,2024-07-24,109.6,93.1,126.0,exponential_smoothing
SKU-1006,WH-005,2024-07-25,124.7,106.0,143.4,exponential_smoothing
SKU-1006,WH-005,2024-07-26,104.5,88.8,120.1,exponential_smoothing
SKU-1006,WH-005,2024-07-27,113.2,96.2,130.2,exponential_smoothing
SKU-1006,WH-005,2024-07-28,97.0,82.5,111.6,exponential_smoothing
SKU-1006,WH-005,2024-07-29,110.0,93.5,126.5,exponential_smoothing
SKU-1006,WH-005,2024-07-30,118.3,100.6,136.0,exponential_smoothing
SKU-1006,WH-005,2024-07-31,109.7,93.3,126.2,exponential_smoothing
SKU-1006,WH-005,2024-08-01,124.9,106.2,143.6,exponential_smoothing
SKU-1006,WH-005,2024-08-02,104.6,88.9,120.3,exponential_smoothing
SKU-1006,WH-005,2024-08-03,113.4,96.4,130.4,exponential_smoothing
SKU-1006,WH-005,2024-08-04,97.2,82.6,111.8,exponential_smoothing
SKU-1006,WH-005,2024-08-05,110.2,93.7,126.7,exponential_smoothing
SKU-1006,WH-005,2024-08-06,118.5,100.7,136.3,exponential_smoothing
SKU-1006,WH-005,2024-08-07,109.9,93.4,126.4,exponential_smoothing
SKU-1006,WH-005,2024-08-08,125.1,106.3,143.8,exponential_smoothing
SKU-1006,WH-005,2024-08-09,104.8,89.1,120.5,exponential_smoothing
SKU-1006,WH-005,2024-08-10,113.6,96.5,130.6,exponential_smoothing
SKU-1006,WH-005,2024-08-11,97.4,82.8,112.0,exponential_smoothing
SKU-1006,WH-005,2024-08-12,110.4,93.8,126.9,exponential_smoothing
SKU-1006,WH-005,2024-08-13,118.7,100.9,136.5,exponential_smoothing
SKU-1006,WH-005,2024-08-14,110.1,93.6,126.6,exponential_smoothing
SKU-1006,WH-005,2024-08-15,125.3,106.5,144.0,exponential_smoothing
SKU-1006,WH-005,2024-08-16,105.0,89.2,120.7,exponential_smoothing
SKU-1006,WH-005,2024-08-17,113.7,96.7,130.8,exponential_smoothing
SKU-1006,WH-005,2024-08-18,97.5,82.9,112.2,exponential_smoothing
SKU-1006,WH-005,2024-08-19,110.5,94.0,127.1,exponential_smoothing
SKU-1006,WH-005,2024-08-20,118.8,101.0,136.7,exponential_smoothing
SKU-1006,WH-005,2024-08-21,110.3,93.7,126.8,exponential_smoothing
SKU-1006,WH-005,2024-08-22,125.4,106.6,144.3,exponential_smoothing
SKU-1006,WH-005,2024-08-23,105.2,89.4,120.9,exponential_smoothing
SKU-1006,WH-005,2024-08-24,113.9,96.8,131.0,exponential_smoothing
SKU-1006,WH-005,2024-08-25,97.7,83.1,112.4,exponential_smoothing
SKU-1006,WH-005,2024-08-26,110.7,94.1,127.3,exponential_smoothing
SKU-1006,WH-005,2024-08-27,119.0,101.2,136.9,exponential_smoothing
SKU-1006,WH-005,2024-08-28,110.4,93.9,127.0,exponential_smoothing
SKU-1006,WH-005,2024-08-29,125.6,106.8,144.5,exponential_smoothing
SKU-1006,WH-005,2024-08-30,105.3,89.5,121.1,exponential_smoothing
SKU-1006,WH-005,2024-08-31,114.1,97.0,131.2,exponential_smoothing
SKU-1006,WH-005,2024-09-01,97.9,83.2,112.6,exponential_smoothing
SKU-1006,WH-005,2024-09-02,110.9,94.3,127.5,exponential_smoothing
SKU-1006,WH-005,2024-09-03,119.2,101.3,137.1,exponential_smoothing
SKU-1006,WH-005,2024-09-04,110.6,94.0,127.2,exponential_smoothing
SKU-1006,WH-005,2024-09-05,125.8,106.9,144.7,exponential_smoothing
SKU-1006,WH-005,2024-09-06,105.5,89.7,121.3,exponential_smoothing
SKU-1006,WH-005,2024-09-07,114.3,97.1,131.4,exponential_smoothing
SKU-1006,WH-005,2024-09-08,98.1,83.4,112.8,exponential_smoothing
SKU-1006,WH-005,2024-09-09,111.1,94.4,127.7,exponential_smoothing
SKU-1006,WH-005,2024-09-10,119.4,101.5,137.3,exponential_smoothing
SKU-1006,WH-005,2024-09-11,110.8,94.2,127.4,exponential_smoothing
SKU-1006,WH-005,2024-09-12,126.0,107.1,144.9,exponential_smoothing
SKU-1006,WH-005,2024-09-13,105.7,89.8,121.5,exponential_smoothing
SKU-1006,WH-005,2024-09-14,114.4,97.3,131.6,exponential_smoothing
SKU-1006,WH-005,2024-09-15,98.2,83.5,113.0,exponential_smoothing
SKU-1006,WH-005,2024-09-16,111.2,94.6,127.9,exponential_smoothing
SKU-1006,WH-005,2024-09-17,119.5,101.6,137.5,exponential_smoothing
SKU-1006,WH-005,2024-09-18,111.0,94.3,127.6,exponential_smoothing
SKU-1006,WH-005,2024-09-19,126.1,107.2,145.1,exponential_smoothing
SKU-1006,WH-005,2024-09-20,105.9,90.0,121.7,exponential_smoothing
SKU-1006,WH-005,2024-09-21,114.6,97.4,131.8,exponential_smoothing
SKU-1006,WH-005,2024-09-22,98.4,83.7,113.2,exponential_smoothing
SKU-1006,WH-005,2024-09-23,111.4,94.7,128.1,exponential_smoothing
SKU-1006,WH-005,2024-09-24,119.7,101.8,137.7,exponential_smoothing
SKU-1006,WH-005,2024-09-25,111.1,94.5,127.8,exponential_smoothing
SKU-1006,WH-005,2024-09-26,126.3,107.4,145.3,exponential_smoothing
SKU-1006,WH-006,2024-06-29,140.5,119.4,161.6,exponential_smoothing
SKU-1006,WH-006,2024-06-30,146.3,124.4,168.2,exponential_smoothing
SKU-1006,WH-006,2024-07-01,159.3,135.4,183.2,exponential_smoothing
SKU-1006,WH-006,2024-07-02,159.5,135.5,183.4,exponential_smoothing
SKU-1006,WH-006,2024-07-03,166.0,141.1,190.9,exponential_smoothing
SKU-1006,WH-006,2024-07-04,174.9,148.7,201.2,exponential_smoothing
SKU-1006,WH-006,2024-07-05,151.4,128.7,174.1,exponential_smoothing
SKU-1006,WH-006,2024-07-06,143.1,121.6,164.6,exponential_smoothing
SKU-1006,WH-006,2024-07-07,148.9,126.6,171.2,exponential_smoothing
SKU-1006,WH-006,2024-07-08,161.9,137.6,186.2,exponential_smoothing
SKU-1006,WH-006,2024-07-09,162.0,137.7,186.4,exponential_smoothing
SKU-1006,WH-006,2024-07-10,168.6,143.3,193.9,exponential_smoothing
SKU-1006,WH-006,2024-07-11,177.5,150.9,204.1,exponential_smoothing
SKU-1006,WH-006,2024-07-12,154.0,130.9,177.1,exponential_smoothing
SKU-1006,WH-006,2024-07-13,145.7,123.8,167.6,exponential_smoothing
SKU-1006,WH-006,2024-07-14,151.5,128.8,174.2,exponential_smoothing
SKU-1006,WH-006,2024-07-15,164.5,139.8,189.2,exponential_smoothing
SKU-1006,WH-006,2024-07-16,164.6,139.9,189.3,exponential_smoothing
SKU-1006,WH-006,2024-07-17,171.2,145.5,196.9,exponential_smoothing
SKU-1006,WH-006,2024-07-18,180.1,153.1,207.1,exponential_smoothing
SKU-1006,WH-006,2024-07-19,156.5,133.1,180.0,exponential_smoothing
SKU-1006,WH-006,2024-07-20,148.3,126.0,170.5,exponential_smoothing
SKU-1006,WH-006,2024-07-21,154.1,131.0,177.2,exponential_smoothing
SKU-1006,WH-006,2024-07-22,167.1,142.0,192.1,exponential_smoothing
SKU-1006,WH-006,2024-07-23,167.2,142.1,192.3,exponential_smoothing
SKU-1006,WH-006,2024-07-24,173.8,147.7,199.8,exponential_smoothing
SKU-1006,WH-006,2024-07-25,182.7,155.3,210.1,exponential_smoothing
SKU-1006,WH-006,2024-07-26,159.1,135.3,183.0,exponential_smoothing
SKU-1006,WH-006,2024-07-27,150.9,128.2,173.5,exponential_smoothing
SKU-1006,WH-006,2024-07-28,156.6,133.1,180.1,exponential_smoothing
SKU-1006,WH-006,2024-07-29,169.7,144.2,195.1,exponential_smoothing
SKU-1006,WH-006,2024-07-30,169.8,144.3,195.3,exponential_smoothing
SKU-1006,WH-006,2024-07-31,176.4,149.9,202.8,exponential_smoothing
SKU-1006,WH-006,2024-08-01,185.3,157.5,213.1,exponential_smoothing
SKU-1006,WH-006,2024-08-02,161.7,137.5,186.0,exponential_smoothing
SKU-1006,WH-006,2024-08-03,153.5,130.4,176.5,exponential_smoothing
SKU-1006,WH-006,2024-08-04,159.2,135.3,183.1,exponential_smoothing
SKU-1006,WH-006,2024-08-05,172.2,146.4,198.1,exponential_smoothing
SKU-1006,WH-006,2024-08-06,172.4,146.5,198.2,exponential_smoothing
SKU-1006,WH-006,2024-08-07,178.9,152.1,205.8,exponential_smoothing
SKU-1006,WH-006,2024-08-08,187.9,159.7,216.0,exponential_smoothing
SKU-1006,WH-006,2024-08-09,164.3,139.7,188.9,exponential_smoothing
SKU-1006,WH-006,2024-08-10,156.0,132.6,179.4,exponential_smoothing
SKU-1006,WH-006,2024-08-11,161.8,137.5,186.1,exponential_smoothing
SKU-1006,WH-006,2024-08-12,174.8,148.6,201.1,exponential_smoothing
SKU-1006,WH-006,2024-08-13,175.0,148.7,201.2,exponential_smoothing
SKU-1006,WH-006,2024-08-14,181.5,154.3,208.8,exponential_smoothing
SKU-1006,WH-006,2024-08-15,190.4,161.9,219.0,exponential_smoothing
SKU-1006,WH-006,2024-08-16,166.9,141.9,191.9,exponential_smoothing
SKU-1006,WH-006,2024-08-17,158.6,134.8,182.4,exponential_smoothing
SKU-1006,WH-006,2024-08-18,164.4,139.7,189.1,exponential_smoothing
SKU-1006,WH-006,2024-08-19,177.4,150.8,204.0,exponential_smoothing
SKU-1006,WH-006,2024-08-20,177.6,150.9,204.2,exponential_smoothing
SKU-1006,WH-006,2024-08-21,184.1,156.5,211.7,exponential_smoothing
SKU-1006,WH-006,2024-08-22,193.0,164.1,222.0,exponential_smoothing
SKU-1006,WH-006,2024-08-23,169.5,144.1,194.9,exponential_smoothing
SKU-1006,WH-006,2024-08-24,161.2,137.0,185.4,exponential_smoothing
SKU-1006,WH-006,2024-08-25,167.0,141.9,192.0,exponential_smoothing
SKU-1006,WH-006,2024-08-26,180.0,153.0,207.0,exponential_smoothing
SKU-1006,WH-006,2024-08-27,180.1,153.1,207.2,exponential_smoothing
SKU-1006,WH-006,2024-08-28,186.7,158.7,214.7,exponential_smoothing
SKU-1006,WH-006,2024-08-29,195.6,166.3,224.9,exponential_smoothing
SKU-1006,WH-006,2024-08-30,172.1,146.2,197.9,exponential_smoothing
SKU-1006,WH-006,2024-08-31,163.8,139.2,188.4,exponential_smoothing
SKU-1006,WH-006,2024-09-01,169.6,144.1,195.0,exponential_smoothing
SKU-1006,WH-006,2024-09-02,182.6,155.2,210.0,exponential_smoothing
SKU-1006,WH-006,2024-09-03,182.7,155.3,210.1,exponential_smoothing
SKU-1006,WH-006,2024-09-04,189.3,160.9,217.7,exponential_smoothing
SKU-1006,WH-006,2024-09-05,198.2,168.5,227.9,exponential_smoothing
SKU-1006,WH-006,2024-09-06,174.6,148.4,200.8,exponential_smoothing
SKU-1006,WH-006,2024-09-07,166.4,141.4,191.3,exponential_smoothing
SKU-1006,WH-006,2024-09-08,172.2,146.3,198.0,exponential_smoothing
SKU-1006,WH-006,2024-09-09,185.2,157.4,213.0,exponential_smoothing
SKU-1006,WH-006,2024-09-10,185.3,157.5,213.1,exponential_smoothing
SKU-1006,WH-006,2024-09-11,191.9,163.1,220.7,exponential_smoothing
SKU-1006,WH-006,2024-09-12,200.8,170.7,230.9,exponential_smoothing
SKU-1006,WH-006,2024-09-13,177.2,150.6,203.8,exponential_smoothing
SKU-1006,WH-006,2024-09-14,169.0,143.6,194.3,exponential_smoothing
SKU-1006,WH-006,2024-09-15,174.7,148.5,201.0,exponential_smoothing
SKU-1006,WH-006,2024-09-16,187.8,159.6,215.9,exponential_smoothing
SKU-1006,WH-006,2024-09-17,187.9,159.7,216.1,exponential_smoothing
SKU-1006,WH-006,2024-09-18,194.5,165.3,223.6,exponential_smoothing
SKU-1006,WH-006,2024-09-19,203.4,172.9,233.9,exponential_smoothing
SKU-1006,WH-006,2024-09-20,179.8,152.8,206.8,exponential_smoothing
SKU-1006,WH-006,2024-09-21,171.6,145.8,197.3,exponential_smoothing
SKU-1006,WH-006,2024-09-22,177.3,150.7,203.9,exponential_smoothing
SKU-1006,WH-006,2024-09-23,190.3,161.8,218.9,exponential_smoothing
SKU-1006,WH-006,2024-09-24,190.5,161.9,219.1,exponential_smoothing
SKU-1006,WH-006,2024-09-25,197.0,167.5,226.6,exponential_smoothing
SKU-1006,WH-006,2024-09-26,206.0,175.1,236.8,exponential_smoothing
SKU-1006,WH-007,2024-06-29,114.1,97.0,131.2,exponential_smoothing
SKU-1006,WH-007,2024-06-30,151.7,129.0,174.5,exponential_smoothing
SKU-1006,WH-007,2024-07-01,145.3,123.5,167.1,exponential_smoothing
SKU-1006,WH-007,2024-07-02,138.5,117.7,159.3,exponential_smoothing
SKU-1006,WH-007,2024-07-03,140.3,119.3,161.4,exponential_smoothing
SKU-1006,WH-007,2024-07-04,131.8,112.0,151.6,exponential_smoothing
SKU-1006,WH-007,2024-07-05,134.5,114.4,154.7,exponential_smoothing
SKU-1006,WH-007,2024-07-06,115.8,98.4,133.2,exponential_smoothing
SKU-1006,WH-007,2024-07-07,153.5,130.4,176.5,exponential_smoothing
SKU-1006,WH-007,2024-07-08,147.0,125.0,169.1,exponential_smoothing
SKU-1006,WH-007,2024-07-09,140.2,119.2,161.2,exponential_smoothing
SKU-1006,WH-007,2024-07-10,142.0,120.7,163.3,exponential_smoothing
SKU-1006,WH-007,2024-07-11,133.5,113.5,153.6,exponential_smoothing
SKU-1006,WH-007,2024-07-12,136.3,115.8,156.7,exponential_smoothing
SKU-1006,WH-007,2024-07-13,117.5,99.9,135.1,exponential_smoothing
SKU-1006,WH-007,2024-07-14,155.2,131.9,178.4,exponential_smoothing
SKU-1006,WH-007,2024-07-15,148.7,126.4,171.0,exponential_smoothing
SKU-1006,WH-007,2024-07-16,141.9,120.6,163.2,exponential_smoothing
SKU-1006,WH-007,2024-07-17,143.8,122.2,165.3,exponential_smoothing
SKU-1006,WH-007,2024-07-18,135.2,115.0,155.5,exponential_smoothing
SKU-1006,WH-007,2024-07-19,138.0,117.3,158.7,exponential_smoothing
SKU-1006,WH-007,2024-07-20,119.2,101.3,137.1,exponential_smoothing
SKU-1006,WH-007,2024-07-21,156.9,133.4,180.4,exponential_smoothing
SKU-1006,WH-007,2024-07-22,150.5,127.9,173.0,exponential_smoothing
SKU-1006,WH-007,2024-07-23,143.6,122.1,165.2,exponential_smoothing
SKU-1006,WH-007,2024-07-24,145.5,123.6,167.3,exponential_smoothing
SKU-1006,WH-007,2024-07-25,137.0,116.4,157.5,exponential_smoothing
SKU-1006,WH-007,2024-07-26,139.7,118.7,160.6,exponential_smoothing
SKU-1006,WH-007,2024-07-27,120.9,102.8,139.1,exponential_smoothing
SKU-1006,WH-007,2024-07-28,158.6,134.8,182.4,exponential_smoothing
SKU-1006,WH-007,2024-07-29,152.2,129.3,175.0,exponential_smoothing
SKU-1006,WH-007,2024-07-30,145.4,123.6,167.2,exponential_smoothing
SKU-1006,WH-007,2024-07-31,147.2,125.1,169.3,exponential_smoothing
SKU-1006,WH-007,2024-08-01,138.7,117.9,159.5,exponential_smoothing
SKU-1006,WH-007,2024-08-02,141.4,120.2,162.6,exponential_smoothing
SKU-1006,WH-007,2024-08-03,122.7,104.3,141.1,exponential_smoothing
SKU-1006,WH-007,2024-08-04,160.3,136.3,184.4,exponential_smoothing
SKU-1006,WH-007,2024-08-05,153.9,130.8,177.0,exponential_smoothing
SKU-1006,WH-007,2024-08-06,147.1,125.0,169.1,exponential_smoothing
SKU-1006,WH-007,2024-08-07,148.9,126.6,171.2,exponential_smoothing
SKU-1006,WH-007,2024-08-08,140.4,119.3,161.4,exponential_smoothing
SKU-1006,WH-007,2024-08-09,143.1,121.6,164.6,exponential_smoothing
SKU-1006,WH-007,2024-08-10,124.4,105.7,143.0,exponential_smoothing
SKU-1006,WH-007,2024-08-11,162.0,137.7,186.3,exponential_smoothing
SKU-1006,WH-007,2024-08-12,155.6,132.3,178.9,exponential_smoothing
SKU-1006,WH-007,2024-08-13,148.8,126.5,171.1,exponential_smoothing
SKU-1006,WH-007,2024-08-14,150.6,128.0,173.2,exponential_smoothing
SKU-1006,WH-007,2024-08-15,142.1,120.8,163.4,exponential_smoothing
SKU-1006,WH-007,2024-08-16,144.8,123.1,166.5,exponential_smoothing
SKU-1006,WH-007,2024-08-17,126.1,107.2,145.0,exponential_smoothing
SKU-1006,WH-007,2024-08-18,163.7,139.2,188.3,exponential_smoothing
SKU-1006,WH-007,2024-08-19,157.3,133.7,180.9,exponential_smoothing
SKU-1006,WH-007,2024-08-20,150.5,127.9,173.1,exponential_smoothing
SKU-1006,WH-007,2024-08-21,152.3,129.5,175.2,exponential_smoothing
SKU-1006,WH-007,2024-08-22,143.8,122.2,165.4,exponential_smoothing
SKU-1006,WH-007,2024-08-23,146.5,124.6,168.5,exponential_smoothing
SKU-1006,WH-007,2024-08-24,127.8,108.6,147.0,exponential_smoothing
SKU-1006,WH-007,2024-08-25,165.5,140.6,190.3,exponential_smoothing
SKU-1006,WH-007,2024-08-26,159.0,135.2,182.9,exponential_smoothing
SKU-1006,WH-007,2024-08-27,152.2,129.4,175.0,exponential_smoothing
SKU-1006,WH-007,2024-08-28,154.0,130.9,177.1,exponential_smoothing
SKU-1006,WH-007,2024-08-29,145.5,123.7,167.4,exponential_smoothing
SKU-1006,WH-007,2024-08-30,148.3,126.0,170.5,exponential_smoothing
SKU-1006,WH-007,2024-08-31,129.5,110.1,148.9,exponential_smoothing
SKU-1006,WH-007,2024-09-01,167.2,142.1,192.2,exponential_smoothing
SKU-1006,WH-007,2024-09-02,160.7,136.6,184.8,exponential_smoothing
SKU-1006,WH-007,2024-09-03,153.9,130.8,177.0,exponential_smoothing
SKU-1006,WH-007,2024-09-04,155.8,132.4,179.1,exponential_smoothing
SKU-1006,WH-007,2024-09-05,147.2,125.2,169.3,exponential_smoothing
SKU-1006,WH-007,2024-09-06,150.0,127.5,172.5,exponential_smoothing
SKU-1006,WH-007,2024-09-07,131.2,111.5,150.9,exponential_smoothing
SKU-1006,WH-007,2024-09-08,168.9,143.6,194.2,exponential_smoothing
SKU-1006,WH-007,2024-09-09,162.5,138.1,186.8,exponential_smoothing
SKU-1006,WH-007,2024-09-10,155.6,132.3,179.0,exponential_smoothing
SKU-1006,WH-007,2024-09-11,157.5,133.8,181.1,exponential_smoothing
SKU-1006,WH-007,2024-09-12,149.0,126.6,171.3,exponential_smoothing
SKU-1006,WH-007,2024-09-13,151.7,128.9,174.4,exponential_smoothing
SKU-1006,WH-007,2024-09-14,132.9,113.0,152.9,exponential_smoothing
SKU-1006,WH-007,2024-09-15,170.6,145.0,196.2,exponential_smoothing
SKU-1006,WH-007,2024-09-16,164.2,139.5,188.8,exponential_smoothing
SKU-1006,WH-007,2024-09-17,157.4,133.8,181.0,exponential_smoothing
SKU-1006,WH-007,2024-09-18,159.2,135.3,183.1,exponential_smoothing
SKU-1006,WH-007,2024-09-19,150.7,128.1,173.3,exponential_smoothing
SKU-1006,WH-007,2024-09-20,153.4,130.4,176.4,exponential_smoothing
SKU-1006,WH-007,2024-09-21,134.7,114.5,154.9,exponential_smoothing
SKU-1006,WH-007,2024-09-22,172.3,146.5,198.2,exponential_smoothing
SKU-1006,WH-007,2024-09-23,165.9,141.0,190.8,exponential_smoothing
SKU-1006,WH-007,2024-09-24,159.1,135.2,182.9,exponential_smoothing
SKU-1006,WH-007,2024-09-25,160.9,136.8,185.0,exponential_smoothing
SKU-1006,WH-007,2024-09-26,152.4,129.5,175.2,exponential_smoothing
SKU-1007,WH-001,2024-06-29,147.6,132.8,162.3,moving_average
SKU-1007,WH-001,2024-06-30,147.6,132.8,162.3,moving_average
SKU-1007,WH-001,2024-07-01,147.6,132.8,162.3,moving_average
SKU-1007,WH-001,2024-07-02,147.6,132.8,162.3,moving_average
SKU-1007,WH-001,2024-07-03,147.6,132.8,162.3,moving_average
SKU-1007,WH-001,2024-07-04,147.6,132.8,162.3,moving_average
SKU-1007,WH-001,2024-07-05,147.6,132.8,162.3,moving_average
SKU-1007,WH-001,2024-07-06,147.6,132.8,162.3,moving_average
SKU-1007,WH-001,2024-07-07,147.6,132.8,162.3,moving_average
SKU-1007,WH-001,2024-07-08,147.6,132.8,162.3,moving_average
SKU-1007,WH-001,2024-07-09,147.6,132.8,162.3,moving_average
SKU-1007,WH-001,2024-07-10,147.6,132.8,162.3,moving_average
SKU-1007,WH-001,2024-07-11,147.6,132.8,162.3,moving_average
SKU-1007,WH-001,2024-07-12,147.6,132.8,162.3,moving_average
SKU-1007,WH-001,2024-07-13,147.6,132.8,162.3,moving_average
SKU-1007,WH-001,2024-07-14,147.6,132.8,162.3,moving_average
SKU-1007,WH-001,2024-07-15,147.6,132.8,162.3,moving_average
SKU-1007,WH-001,2024-07-16,147.6,132.8,162.3,moving_average
SKU-1007,WH-001,2024-07-17,147.6,132.8,162.3,moving_average
SKU-1007,WH-001,2024-07-18,147.6,132.8,162.3,moving_average
SKU-1007,WH-001,2024-07-19,147.6,132.8,162.3,moving_average
SKU-1007,WH-001,2024-07-20,147.6,132.8,162.3,moving_average
SKU-1007,WH-001,2024-07-21,147.6,132.8,162.3,moving_average
SKU-1007,WH-001,2024-07-22,147.6,132.8,162.3,moving_average
SKU-1007,WH-001,2024-07-23,147.6,132.8,162.3,moving_average
SKU-1007,WH-001,2024-07-24,147.6,132.8,162.3,moving_average
SKU-1007,WH-001,2024-07-25,147.6,132.8,162.3,moving_average
SKU-1007,WH-001,2024-07-26,147.6,132.8,162.3,moving_average
SKU-1007,WH-001,2024-07-27,147.6,132.8,162.3,moving_average
SKU-1007,WH-001,2024-07-28,147.6,132.8,162.3,moving_average
SKU-1007,WH-001,2024-07-29,147.6,132.8,162.3,moving_average
SKU-1007,WH-001,2024-07-30,147.6,132.8,162.3,moving_average
SKU-1007,WH-001,2024-07-31,147.6,132.8,162.3,moving_average
SKU-1007,WH-001,2024-08-01,147.6,132.8,162.3,moving_average
SKU-1007,WH-001,2024-08-02,147.6,132.8,162.3,moving_average
SKU-1007,WH-001,2024-08-03,147.6,132.8,162.3,moving_average
SKU-1007,WH-001,2024-08-04,147.6,132.8,162.3,moving_average
SKU-1007,WH-001,2024-08-05,147.6,132.8,162.3,moving_average
SKU-1007,WH-001,2024-08-06,147.6,132.8,162.3,moving_average
SKU-1007,WH-001,2024-08-07,147.6,132.8,162.3,moving_average
SKU-1007,WH-001,2024-08-08,147.6,132.8,162.3,moving_average
SKU-1007,WH-001,2024-08-09,147.6,132.8,162.3,moving_average
SKU-1007,WH-001,2024-08-10,147.6,132.8,162.3,moving_average
SKU-1007,WH-001,2024-08-11,147.6,132.8,162.3,moving_average
SKU-1007,WH-001,2024-08-12,147.6,132.8,162.3,moving_average
SKU-1007,WH-001,2024-08-13,147.6,132.8,162.3,moving_average
SKU-1007,WH-001,2024-08-14,147.6,132.8,162.3,moving_average
SKU-1007,WH-001,2024-08-15,147.6,132.8,162.3,moving_average
SKU-1007,WH-001,2024-08-16,147.6,132.8,162.3,moving_average
SKU-1007,WH-001,2024-08-17,147.6,132.8,162.3,moving_average
SKU-1007,WH-001,2024-08-18,147.6,132.8,162.3,moving_average
SKU-1007,WH-001,2024-08-19,147.6,132.8,162.3,moving_average
SKU-1007,WH-001,2024-08-20,147.6,132.8,162.3,moving_average
SKU-1007,WH-001,2024-08-21,147.6,132.8,162.3,moving_average
SKU-1007,WH-001,2024-08-22,147.6,132.8,162.3,moving_average
SKU-1007,WH-001,2024-08-23,147.6,132.8,162.3,moving_average
SKU-1007,WH-001,2024-08-24,147.6,132.8,162.3,moving_average
SKU-1007,WH-001,2024-08-25,147.6,132.8,162.3,moving_average
SKU-1007,WH-001,2024-08-26,147.6,132.8,162.3,moving_average
SKU-1007,WH-001,2024-08-27,147.6,132.8,162.3,moving_average
SKU-1007,WH-001,2024-08-28,147.6,132.8,162.3,moving_average
SKU-1007,WH-001,2024-08-29,147.6,132.8,162.3,moving_average
SKU-1007,WH-001,2024-08-30,147.6,132.8,162.3,moving_average
SKU-1007,WH-001,2024-08-31,147.6,132.8,162.3,moving_average
SKU-1007,WH-001,2024-09-01,147.6,132.8,162.3,moving_average
SKU-1007,WH-001,2024-09-02,147.6,132.8,162.3,moving_average
SKU-1007,WH-001,2024-09-03,147.6,132.8,162.3,moving_average
SKU-1007,WH-001,2024-09-04,147.6,132.8,162.3,moving_average
SKU-1007,WH-001,2024-09-05,147.6,132.8,162.3,moving_average
SKU-1007,WH-001,2024-09-06,147.6,132.8,162.3,moving_average
SKU-1007,WH-001,2024-09-07,147.6,132.8,162.3,moving_average
SKU-1007,WH-001,2024-09-08,147.6,132.8,162.3,moving_average
SKU-1007,WH-001,2024-09-09,147.6,132.8,162.3,moving_average
SKU-1007,WH-001,2024-09-10,147.6,132.8,162.3,moving_average
SKU-1007,WH-001,2024-09-11,147.6,132.8,162.3,moving_average
SKU-1007,WH-001,2024-09-12,147.6,132.8,162.3,moving_average
SKU-1007,WH-001,2024-09-13,147.6,132.8,162.3,moving_average
SKU-1007,WH-001,2024-09-14,147.6,132.8,162.3,moving_average
SKU-1007,WH-001,2024-09-15,147.6,132.8,162.3,moving_average
SKU-1007,WH-001,2024-09-16,147.6,132.8,162.3,moving_average
SKU-1007,WH-001,2024-09-17,147.6,132.8,162.3,moving_average
SKU-1007,WH-001,2024-09-18,147.6,132.8,162.3,moving_average
SKU-1007,WH-001,2024-09-19,147.6,132.8,162.3,moving_average
SKU-1007,WH-001,2024-09-20,147.6,132.8,162.3,moving_average
SKU-1007,WH-001,2024-09-21,147.6,132.8,162.3,moving_average
SKU-1007,WH-001,2024-09-22,147.6,132.8,162.3,moving_average
SKU-1007,WH-001,2024-09-23,147.6,132.8,162.3,moving_average
SKU-1007,WH-001,2024-09-24,147.6,132.8,162.3,moving_average
SKU-1007,WH-001,2024-09-25,147.6,132.8,162.3,moving_average
SKU-1007,WH-001,2024-09-26,147.6,132.8,162.3,moving_average
SKU-1007,WH-002,2024-06-29,129.8,116.8,142.8,moving_average
SKU-1007,WH-002,2024-06-30,129.8,116.8,142.8,moving_average
SKU-1007,WH-002,2024-07-01,129.8,116.8,142.8,moving_average
SKU-1007,WH-002,2024-07-02,129.8,116.8,142.8,moving_average
SKU-1007,WH-002,2024-07-03,129.8,116.8,142.8,moving_average
SKU-1007,WH-002,2024-07-04,129.8,116.8,142.8,moving_average
SKU-1007,WH-002,2024-07-05,129.8,116.8,142.8,moving_average
SKU-1007,WH-002,2024-07-06,129.8,116.8,142.8,moving_average
SKU-1007,WH-002,2024-07-07,129.8,116.8,142.8,moving_average
SKU-1007,WH-002,2024-07-08,129.8,116.8,142.8,moving_average
SKU-1007,WH-002,2024-07-09,129.8,116.8,142.8,moving_average
SKU-1007,WH-002,2024-07-10,129.8,116.8,142.8,moving_average
SKU-1007,WH-002,2024-07-11,129.8,116.8,142.8,moving_average
SKU-1007,WH-002,2024-07-12,129.8,116.8,142.8,moving_average
SKU-1007,WH-002,2024-07-13,129.8,116.8,142.8,moving_average
SKU-1007,WH-002,2024-07-14,129.8,116.8,142.8,moving_average
SKU-1007,WH-002,2024-07-15,129.8,116.8,142.8,moving_average
SKU-1007,WH-002,2024-07-16,129.8,116.8,142.8,moving_average
SKU-1007,WH-002,2024-07-17,129.8,116.8,142.8,moving_average
SKU-1007,WH-002,2024-07-18,129.8,116.8,142.8,moving_average
SKU-1007,WH-002,2024-07-19,129.8,116.8,142.8,moving_average
SKU-1007,WH-002,2024-07-20,129.8,116.8,142.8,moving_average
SKU-1007,WH-002,2024-07-21,129.8,116.8,142.8,moving_average
SKU-1007,WH-002,2024-07-22,129.8,116.8,142.8,moving_average
SKU-1007,WH-002,2024-07-23,129.8,116.8,142.8,moving_average
SKU-1007,WH-002,2024-07-24,129.8,116.8,142.8,moving_average
SKU-1007,WH-002,2024-07-25,129.8,116.8,142.8,moving_average
SKU-1007,WH-002,2024-07-26,129.8,116.8,142.8,moving_average
SKU-1007,WH-002,2024-07-27,129.8,116.8,142.8,moving_average
SKU-1007,WH-002,2024-07-28,129.8,116.8,142.8,moving_average
SKU-1007,WH-002,2024-07-29,129.8,116.8,142.8,moving_average
SKU-1007,WH-002,2024-07-30,129.8,116.8,142.8,moving_average
SKU-1007,WH-002,2024-07-31,129.8,116.8,142.8,moving_average
SKU-1007,WH-002,2024-08-01,129.8,116.8,142.8,moving_average
SKU-1007,WH-002,2024-08-02,129.8,116.8,142.8,moving_average
SKU-1007,WH-002,2024-08-03,129.8,116.8,142.8,moving_average
SKU-1007,WH-002,2024-08-04,129.8,116.8,142.8,moving_average
SKU-1007,WH-002,2024-08-05,129.8,116.8,142.8,moving_average
SKU-1007,WH-002,2024-08-06,129.8,116.8,142.8,moving_average
SKU-1007,WH-002,2024-08-07,129.8,116.8,142.8,moving_average
SKU-1007,WH-002,2024-08-08,129.8,116.8,142.8,moving_average
SKU-1007,WH-002,2024-08-09,129.8,116.8,142.8,moving_average
SKU-1007,WH-002,2024-08-10,129.8,116.8,142.8,moving_average
SKU-1007,WH-002,2024-08-11,129.8,116.8,142.8,moving_average
SKU-1007,WH-002,2024-08-12,129.8,116.8,142.8,moving_average
SKU-1007,WH-002,2024-08-13,129.8,116.8,142.8,moving_average
SKU-1007,WH-002,2024-08-14,129.8,116.8,142.8,moving_average
SKU-1007,WH-002,2024-08-15,129.8,116.8,142.8,moving_average
SKU-1007,WH-002,2024-08-16,129.8,116.8,142.8,moving_average
SKU-1007,WH-002,2024-08-17,129.8,116.8,142.8,moving_average
SKU-1007,WH-002,2024-08-18,129.8,116.8,142.8,moving_average
SKU-1007,WH-002,2024-08-19,129.8,116.8,142.8,moving_average
SKU-1007,WH-002,2024-08-20,129.8,116.8,142.8,moving_average
SKU-1007,WH-002,2024-08-21,129.8,116.8,142.8,moving_average
SKU-1007,WH-002,2024-08-22,129.8,116.8,142.8,moving_average
SKU-1007,WH-002,2024-08-23,129.8,116.8,142.8,moving_average
SKU-1007,WH-002,2024-08-24,129.8,116.8,142.8,moving_average
SKU-1007,WH-002,2024-08-25,129.8,116.8,142.8,moving_average
SKU-1007,WH-002,2024-08-26,129.8,116.8,142.8,moving_average
SKU-1007,WH-002,2024-08-27,129.8,116.8,142.8,moving_average
SKU-1007,WH-002,2024-08-28,129.8,116.8,142.8,moving_average
SKU-1007,WH-002,2024-08-29,129.8,116.8,142.8,moving_average
SKU-1007,WH-002,2024-08-30,129.8,116.8,142.8,moving_average
SKU-1007,WH-002,2024-08-31,129.8,116.8,142.8,moving_average
SKU-1007,WH-002,2024-09-01,129.8,116.8,142.8,moving_average
SKU-1007,WH-002,2024-09-02,129.8,116.8,142.8,moving_average
SKU-1007,WH-002,2024-09-03,129.8,116.8,142.8,moving_average
SKU-1007,WH-002,2024-09-04,129.8,116.8,142.8,moving_average
SKU-1007,WH-002,2024-09-05,129.8,116.8,142.8,moving_average
SKU-1007,WH-002,2024-09-06,129.8,116.8,142.8,moving_average
SKU-1007,WH-002,2024-09-07,129.8,116.8,142.8,moving_average
SKU-1007,WH-002,2024-09-08,129.8,116.8,142.8,moving_average
SKU-1007,WH-002,2024-09-09,129.8,116.8,142.8,moving_average
SKU-1007,WH-002,2024-09-10,129.8,116.8,142.8,moving_average
SKU-1007,WH-002,2024-09-11,129.8,116.8,142.8,moving_average
SKU-1007,WH-002,2024-09-12,129.8,116.8,142.8,moving_average
SKU-1007,WH-002,2024-09-13,129.8,116.8,142.8,moving_average
SKU-1007,WH-002,2024-09-14,129.8,116.8,142.8,moving_average
SKU-1007,WH-002,2024-09-15,129.8,116.8,142.8,moving_average
SKU-1007,WH-002,2024-09-16,129.8,116.8,142.8,moving_average
SKU-1007,WH-002,2024-09-17,129.8,116.8,142.8,moving_average
SKU-1007,WH-002,2024-09-18,129.8,116.8,142.8,moving_average
SKU-1007,WH-002,2024-09-19,129.8,116.8,142.8,moving_average
SKU-1007,WH-002,2024-09-20,129.8,116.8,142.8,moving_average
SKU-1007,WH-002,2024-09-21,129.8,116.8,142.8,moving_average
SKU-1007,WH-002,2024-09-22,129.8,116.8,142.8,moving_average
SKU-1007,WH-002,2024-09-23,129.8,116.8,142.8,moving_average
SKU-1007,WH-002,2024-09-24,129.8,116.8,142.8,moving_average
SKU-1007,WH-002,2024-09-25,129.8,116.8,142.8,moving_average
SKU-1007,WH-002,2024-09-26,129.8,116.8,142.8,moving_average
SKU-1007,WH-003,2024-06-29,153.5,138.2,168.9,moving_average
SKU-1007,WH-003,2024-06-30,153.5,138.2,168.9,moving_average
SKU-1007,WH-003,2024-07-01,153.5,138.2,168.9,moving_average
SKU-1007,WH-003,2024-07-02,153.5,138.2,168.9,moving_average
SKU-1007,WH-003,2024-07-03,153.5,138.2,168.9,moving_average
SKU-1007,WH-003,2024-07-04,153.5,138.2,168.9,moving_average
SKU-1007,WH-003,2024-07-05,153.5,138.2,168.9,moving_average
SKU-1007,WH-003,2024-07-06,153.5,138.2,168.9,moving_average
SKU-1007,WH-003,2024-07-07,153.5,138.2,168.9,moving_average
SKU-1007,WH-003,2024-07-08,153.5,138.2,168.9,moving_average
SKU-1007,WH-003,2024-07-09,153.5,138.2,168.9,moving_average
SKU-1007,WH-003,2024-07-10,153.5,138.2,168.9,moving_average
SKU-1007,WH-003,2024-07-11,153.5,138.2,168.9,moving_average
SKU-1007,WH-003,2024-07-12,153.5,138.2,168.9,moving_average
SKU-1007,WH-003,2024-07-13,153.5,138.2,168.9,moving_average
SKU-1007,WH-003,2024-07-14,153.5,138.2,168.9,moving_average
SKU-1007,WH-003,2024-07-15,153.5,138.2,168.9,moving_average
SKU-1007,WH-003,2024-07-16,153.5,138.2,168.9,moving_average
SKU-1007,WH-003,2024-07-17,153.5,138.2,168.9,moving_average
SKU-1007,WH-003,2024-07-18,153.5,138.2,168.9,moving_average
SKU-1007,WH-003,2024-07-19,153.5,138.2,168.9,moving_average
SKU-1007,WH-003,2024-07-20,153.5,138.2,168.9,moving_average
SKU-1007,WH-003,2024-07-21,153.5,138.2,168.9,moving_average
SKU-1007,WH-003,2024-07-22,153.5,138.2,168.9,moving_average
SKU-1007,WH-003,2024-07-23,153.5,138.2,168.9,moving_average
SKU-1007,WH-003,2024-07-24,153.5,138.2,168.9,moving_average
SKU-1007,WH-003,2024-07-25,153.5,138.2,168.9,moving_average
SKU-1007,WH-003,2024-07-26,153.5,138.2,168.9,moving_average
SKU-1007,WH-003,2024-07-27,153.5,138.2,168.9,moving_average
SKU-1007,WH-003,2024-07-28,153.5,138.2,168.9,moving_average
SKU-1007,WH-003,2024-07-29,153.5,138.2,168.9,moving_average
SKU-1007,WH-003,2024-07-30,153.5,138.2,168.9,moving_average
SKU-1007,WH-003,2024-07-31,153.5,138.2,168.9,moving_average
SKU-1007,WH-003,2024-08-01,153.5,138.2,168.9,moving_average
SKU-1007,WH-003,2024-08-02,153.5,138.2,168.9,moving_average
SKU-1007,WH-003,2024-08-03,153.5,138.2,168.9,moving_average
SKU-1007,WH-003,2024-08-04,153.5,138.2,168.9,moving_average
SKU-1007,WH-003,2024-08-05,153.5,138.2,168.9,moving_average
SKU-1007,WH-003,2024-08-06,153.5,138.2,168.9,moving_average
SKU-1007,WH-003,2024-08-07,153.5,138.2,168.9,moving_average
SKU-1007,WH-003,2024-08-08,153.5,138.2,168.9,moving_average
SKU-1007,WH-003,2024-08-09,153.5,138.2,168.9,moving_average
SKU-1007,WH-003,2024-08-10,153.5,138.2,168.9,moving_average
SKU-1007,WH-003,2024-08-11,153.5,138.2,168.9,moving_average
SKU-1007,WH-003,2024-08-12,153.5,138.2,168.9,moving_average
SKU-1007,WH-003,2024-08-13,153.5,138.2,168.9,moving_average
SKU-1007,WH-003,2024-08-14,153.5,138.2,168.9,moving_average
SKU-1007,WH-003,2024-08-15,153.5,138.2,168.9,moving_average
SKU-1007,WH-003,2024-08-16,153.5,138.2,168.9,moving_average
SKU-1007,WH-003,2024-08-17,153.5,138.2,168.9,moving_average
SKU-1007,WH-003,2024-08-18,153.5,138.2,168.9,moving_average
SKU-1007,WH-003,2024-08-19,153.5,138.2,168.9,moving_average
SKU-1007,WH-003,2024-08-20,153.5,138.2,168.9,moving_average
SKU-1007,WH-003,2024-08-21,153.5,138.2,168.9,moving_average
SKU-1007,WH-003,2024-08-22,153.5,138.2,168.9,moving_average
SKU-1007,WH-003,2024-08-23,153.5,138.2,168.9,moving_average
SKU-1007,WH-003,2024-08-24,153.5,138.2,168.9,moving_average
SKU-1007,WH-003,2024-08-25,153.5,138.2,168.9,moving_average
SKU-1007,WH-003,2024-08-26,153.5,138.2,168.9,moving_average
SKU-1007,WH-003,2024-08-27,153.5,138.2,168.9,moving_average
SKU-1007,WH-003,2024-08-28,153.5,138.2,168.9,moving_average
SKU-1007,WH-003,2024-08-29,153.5,138.2,168.9,moving_average
SKU-1007,WH-003,2024-08-30,153.5,138.2,168.9,moving_average
SKU-1007,WH-003,2024-08-31,153.5,138.2,168.9,moving_average
SKU-1007,WH-003,2024-09-01,153.5,138.2,168.9,moving_average
SKU-1007,WH-003,2024-09-02,153.5,138.2,168.9,moving_average
SKU-1007,WH-003,2024-09-03,153.5,138.2,168.9,moving_average
SKU-1007,WH-003,2024-09-04,153.5,138.2,168.9,moving_average
SKU-1007,WH-003,2024-09-05,153.5,138.2,168.9,moving_average
SKU-1007,WH-003,2024-09-06,153.5,138.2,168.9,moving_average
SKU-1007,WH-003,2024-09-07,153.5,138.2,168.9,moving_average
SKU-1007,WH-003,2024-09-08,153.5,138.2,168.9,moving_average
SKU-1007,WH-003,2024-09-09,153.5,138.2,168.9,moving_average
SKU-1007,WH-003,2024-09-10,153.5,138.2,168.9,moving_average
SKU-1007,WH-003,2024-09-11,153.5,138.2,168.9,moving_average
SKU-1007,WH-003,2024-09-12,153.5,138.2,168.9,moving_average
SKU-1007,WH-003,2024-09-13,153.5,138.2,168.9,moving_average
SKU-1007,WH-003,2024-09-14,153.5,138.2,168.9,moving_average
SKU-1007,WH-003,2024-09-15,153.5,138.2,168.9,moving_average
SKU-1007,WH-003,2024-09-16,153.5,138.2,168.9,moving_average
SKU-1007,WH-003,2024-09-17,153.5,138.2,168.9,moving_average
SKU-1007,WH-003,2024-09-18,153.5,138.2,168.9,moving_average
SKU-1007,WH-003,2024-09-19,153.5,138.2,168.9,moving_average
SKU-1007,WH-003,2024-09-20,153.5,138.2,168.9,moving_average
SKU-1007,WH-003,2024-09-21,153.5,138.2,168.9,moving_average
SKU-1007,WH-003,2024-09-22,153.5,138.2,168.9,moving_average
SKU-1007,WH-003,2024-09-23,153.5,138.2,168.9,moving_average
SKU-1007,WH-003,2024-09-24,153.5,138.2,168.9,moving_average
SKU-1007,WH-003,2024-09-25,153.5,138.2,168.9,moving_average
SKU-1007,WH-003,2024-09-26,153.5,138.2,168.9,moving_average
SKU-1007,WH-004,2024-06-29,146.2,124.2,168.1,exponential_smoothing
SKU-1007,WH-004,2024-06-30,126.0,107.1,145.0,exponential_smoothing
SKU-1007,WH-004,2024-07-01,173.0,147.0,198.9,exponential_smoothing
SKU-1007,WH-004,2024-07-02,170.2,144.7,195.7,exponential_smoothing
SKU-1007,WH-004,2024-07-03,150.1,127.6,172.6,exponential_smoothing
SKU-1007,WH-004,2024-07-04,164.0,139.4,188.6,exponential_smoothing
SKU-1007,WH-004,2024-07-05,179.7,152.7,206.7,exponential_smoothing
SKU-1007,WH-004,2024-07-06,149.7,127.2,172.1,exponential_smoothing
SKU-1007,WH-004,2024-07-07,129.6,110.1,149.0,exponential_smoothing
SKU-1007,WH-004,2024-07-08,176.5,150.0,203.0,exponential_smoothing
SKU-1007,WH-004,2024-07-09,173.7,147.6,199.8,exponential_smoothing
SKU-1007,WH-004,2024-07-10,153.6,130.5,176.6,exponential_smoothing
SKU-1007,WH-004,2024-07-11,167.5,142.4,192.6,exponential_smoothing
SKU-1007,WH-004,2024-07-12,183.2,155.7,210.7,exponential_smoothing
SKU-1007,WH-004,2024-07-13,153.2,130.2,176.2,exponential_smoothing
SKU-1007,WH-004,2024-07-14,133.1,113.1,153.0,exponential_smoothing
SKU-1007,WH-004,2024-07-15,180.0,153.0,207.0,exponential_smoothing
SKU-1007,WH-004,2024-07-16,177.2,150.6,203.8,exponential_smoothing
SKU-1007,WH-004,2024-07-17,157.1,133.5,180.7,exponential_smoothing
SKU-1007,WH-004,2024-07-18,171.0,145.3,196.6,exponential_smoothing
SKU-1007,WH-004,2024-07-19,186.7,158.7,214.7,exponential_smoothing
SKU-1007,WH-004,2024-07-20,156.7,133.2,180.2,exponential_smoothing
SKU-1007,WH-004,2024-07-21,136.6,116.1,157.1,exponential_smoothing
SKU-1007,WH-004,2024-07-22,183.5,156.0,211.1,exponential_smoothing
SKU-1007,WH-004,2024-07-23,180.7,153.6,207.8,exponential_smoothing
SKU-1007,WH-004,2024-07-24,160.6,136.5,184.7,exponential_smoothing
SKU-1007,WH-004,2024-07-25,174.5,148.3,200.7,exponential_smoothing
SKU-1007,WH-004,2024-07-26,190.2,161.7,218.8,exponential_smoothing
SKU-1007,WH-004,2024-07-27,160.2,136.2,184.2,exponential_smoothing
SKU-1007,WH-004,2024-07-28,140.1,119.1,161.1,exponential_smoothing
SKU-1007,WH-004,2024-07-29,187.0,159.0,215.1,exponential_smoothing
SKU-1007,WH-004,2024-07-30,184.2,156.6,211.9,exponential_smoothing
SKU-1007,WH-004,2024-07-31,164.1,139.5,188.7,exponential_smoothing
SKU-1007,WH-004,2024-08-01,178.0,151.3,204.7,exponential_smoothing
SKU-1007,WH-004,2024-08-02,193.7,164.7,222.8,exponential_smoothing
SKU-1007,WH-004,2024-08-03,163.7,139.2,188.3,exponential_smoothing
SKU-1007,WH-004,2024-08-04,143.6,122.1,165.1,exponential_smoothing
SKU-1007,WH-004,2024-08-05,190.5,162.0,219.1,exponential_smoothing
SKU-1007,WH-004,2024-08-06,187.7,159.6,215.9,exponential_smoothing
SKU-1007,WH-004,2024-08-07,167.6,142.5,192.8,exponential_smoothing
SKU-1007,WH-004,2024-08-08,181.5,154.3,208.7,exponential_smoothing
SKU-1007,WH-004,2024-08-09,197.3,167.7,226.8,exponential_smoothing
SKU-1007,WH-004,2024-08-10,167.2,142.1,192.3,exponential_smoothing
SKU-1007,WH-004,2024-08-11,147.1,125.0,169.2,exponential_smoothing
SKU-1007,WH-004,2024-08-12,194.1,164.9,223.2,exponential_smoothing
SKU-1007,WH-004,2024-08-13,191.2,162.6,219.9,exponential_smoothing
SKU-1007,WH-004,2024-08-14,171.1,145.5,196.8,exponential_smoothing
SKU-1007,WH-004,2024-08-15,185.0,157.3,212.8,exponential_smoothing
SKU-1007,WH-004,2024-08-16,200.8,170.6,230.9,exponential_smoothing
SKU-1007,WH-004,2024-08-17,170.7,145.1,196.3,exponential_smoothing
SKU-1007,WH-004,2024-08-18,150.6,128.0,173.2,exponential_smoothing
SKU-1007,WH-004,2024-08-19,197.6,167.9,227.2,exponential_smoothing
SKU-1007,WH-004,2024-08-20,194.8,165.5,224.0,exponential_smoothing
SKU-1007,WH-004,2024-08-21,174.6,148.4,200.8,exponential_smoothing
SKU-1007,WH-004,2024-08-22,188.5,160.3,216.8,exponential_smoothing
SKU-1007,WH-004,2024-08-23,204.3,173.6,234.9,exponential_smoothing
SKU-1007,WH-004,2024-08-24,174.2,148.1,200.4,exponential_smoothing
SKU-1007,WH-004,2024-08-25,154.1,131.0,177.2,exponential_smoothing
SKU-1007,WH-004,2024-08-26,201.1,170.9,231.2,exponential_smoothing
SKU-1007,WH-004,2024-08-27,198.3,168.5,228.0,exponential_smoothing
SKU-1007,WH-004,2024-08-28,178.1,151.4,204.9,exponential_smoothing
SKU-1007,WH-004,2024-08-29,192.0,163.2,220.9,exponential_smoothing
SKU-1007,WH-004,2024-08-30,207.8,176.6,238.9,exponential_smoothing
SKU-1007,WH-004,2024-08-31,177.7,151.1,204.4,exponential_smoothing
SKU-1007,WH-004,2024-09-01,157.6,134.0,181.3,exponential_smoothing
SKU-1007,WH-004,2024-09-02,204.6,173.9,235.3,exponential_smoothing
SKU-1007,WH-004,2024-09-03,201.8,171.5,232.0,exponential_smoothing
SKU-1007,WH-004,2024-09-04,181.7,154.4,208.9,exponential_smoothing
SKU-1007,WH-004,2024-09-05,195.6,166.2,224.9,exponential_smoothing
SKU-1007,WH-004,2024-09-06,211.3,179.6,243.0,exponential_smoothing
SKU-1007,WH-004,2024-09-07,181.3,154.1,208.4,exponential_smoothing
SKU-1007,WH-004,2024-09-08,161.1,137.0,185.3,exponential_smoothing
SKU-1007,WH-004,2024-09-09,208.1,176.9,239.3,exponential_smoothing
SKU-1007,WH-004,2024-09-10,205.3,174.5,236.1,exponential_smoothing
SKU-1007,WH-004,2024-09-11,185.2,157.4,212.9,exponential_smoothing
SKU-1007,WH-004,2024-09-12,199.1,169.2,228.9,exponential_smoothing
SKU-1007,WH-004,2024-09-13,214.8,182.6,247.0,exponential_smoothing
SKU-1007,WH-004,2024-09-14,184.8,157.1,212.5,exponential_smoothing
SKU-1007,WH-004,2024-09-15,164.7,140.0,189.3,exponential_smoothing
SKU-1007,WH-004,2024-09-16,211.6,179.9,243.3,exponential_smoothing
SKU-1007,WH-004,2024-09-17,208.8,177.5,240.1,exponential_smoothing
SKU-1007,WH-004,2024-09-18,188.7,160.4,217.0,exponential_smoothing
SKU-1007,WH-004,2024-09-19,202.6,172.2,233.0,exponential_smoothing
SKU-1007,WH-004,2024-09-20,218.3,185.6,251.1,exponential_smoothing
SKU-1007,WH-004,2024-09-21,188.3,160.0,216.5,exponential_smoothing
SKU-1007,WH-004,2024-09-22,168.2,142.9,193.4,exponential_smoothing
SKU-1007,WH-004,2024-09-23,215.1,182.8,247.4,exponential_smoothing
SKU-1007,WH-004,2024-09-24,212.3,180.5,244.1,exponential_smoothing
SKU-1007,WH-004,2024-09-25,192.2,163.4,221.0,exponential_smoothing
SKU-1007,WH-004,2024-09-26,206.1,175.2,237.0,exponential_smoothing
SKU-1007,WH-005,2024-06-29,140.9,126.8,155.0,moving_average
SKU-1007,WH-005,2024-06-30,140.9,126.8,155.0,moving_average
SKU-1007,WH-005,2024-07-01,140.9,126.8,155.0,moving_average
SKU-1007,WH-005,2024-07-02,140.9,126.8,155.0,moving_average
SKU-1007,WH-005,2024-07-03,140.9,126.8,155.0,moving_average
SKU-1007,WH-005,2024-07-04,140.9,126.8,155.0,moving_average
SKU-1007,WH-005,2024-07-05,140.9,126.8,155.0,moving_average
SKU-1007,WH-005,2024-07-06,140.9,126.8,155.0,moving_average
SKU-1007,WH-005,2024-07-07,140.9,126.8,155.0,moving_average
SKU-1007,WH-005,2024-07-08,140.9,126.8,155.0,moving_average
SKU-1007,WH-005,2024-07-09,140.9,126.8,155.0,moving_average
SKU-1007,WH-005,2024-07-10,140.9,126.8,155.0,moving_average
SKU-1007,WH-005,2024-07-11,140.9,126.8,155.0,moving_average
SKU-1007,WH-005,2024-07-12,140.9,126.8,155.0,moving_average
SKU-1007,WH-005,2024-07-13,140.9,126.8,155.0,moving_average
SKU-1007,WH-005,2024-07-14,140.9,126.8,155.0,moving_average
SKU-1007,WH-005,2024-07-15,140.9,126.8,155.0,moving_average
SKU-1007,WH-005,2024-07-16,140.9,126.8,155.0,moving_average
SKU-1007,WH-005,2024-07-17,140.9,126.8,155.0,moving_average
SKU-1007,WH-005,2024-07-18,140.9,126.8,155.0,moving_average
SKU-1007,WH-005,2024-07-19,140.9,126.8,155.0,moving_average
SKU-1007,WH-005,2024-07-20,140.9,126.8,155.0,moving_average
SKU-1007,WH-005,2024-07-21,140.9,126.8,155.0,moving_average
SKU-1007,WH-005,2024-07-22,140.9,126.8,155.0,moving_average
SKU-1007,WH-005,2024-07-23,140.9,126.8,155.0,moving_average
SKU-1007,WH-005,2024-07-24,140.9,126.8,155.0,moving_average
SKU-1007,WH-005,2024-07-25,140.9,126.8,155.0,moving_average
SKU-1007,WH-005,2024-07-26,140.9,126.8,155.0,moving_average
SKU-1007,WH-005,2024-07-27,140.9,126.8,155.0,moving_average
SKU-1007,WH-005,2024-07-28,140.9,126.8,155.0,moving_average
SKU-1007,WH-005,2024-07-29,140.9,126.8,155.0,moving_average
SKU-1007,WH-005,2024-07-30,140.9,126.8,155.0,moving_average
SKU-1007,WH-005,2024-07-31,140.9,126.8,155.0,moving_average
SKU-1007,WH-005,2024-08-01,140.9,126.8,155.0,moving_average
SKU-1007,WH-005,2024-08-02,140.9,126.8,155.0,moving_average
SKU-1007,WH-005,2024-08-03,140.9,126.8,155.0,moving_average
SKU-1007,WH-005,2024-08-04,140.9,126.8,155.0,moving_average
SKU-1007,WH-005,2024-08-05,140.9,126.8,155.0,moving_average
SKU-1007,WH-005,2024-08-06,140.9,126.8,155.0,moving_average
SKU-1007,WH-005,2024-08-07,140.9,126.8,155.0,moving_average
SKU-1007,WH-005,2024-08-08,140.9,126.8,155.0,moving_average
SKU-1007,WH-005,2024-08-09,140.9,126.8,155.0,moving_average
SKU-1007,WH-005,2024-08-10,140.9,126.8,155.0,moving_average
SKU-1007,WH-005,2024-08-11,140.9,126.8,155.0,moving_average
SKU-1007,WH-005,2024-08-12,140.9,126.8,155.0,moving_average
SKU-1007,WH-005,2024-08-13,140.9,126.8,155.0,moving_average
SKU-1007,WH-005,2024-08-14,140.9,126.8,155.0,moving_average
SKU-1007,WH-005,2024-08-15,140.9,126.8,155.0,moving_average
SKU-1007,WH-005,2024-08-16,140.9,126.8,155.0,moving_average
SKU-1007,WH-005,2024-08-17,140.9,126.8,155.0,moving_average
SKU-1007,WH-005,2024-08-18,140.9,126.8,155.0,moving_average
SKU-1007,WH-005,2024-08-19,140.9,126.8,155.0,moving_average
SKU-1007,WH-005,2024-08-20,140.9,126.8,155.0,moving_average
SKU-1007,WH-005,2024-08-21,140.9,126.8,155.0,moving_average
SKU-1007,WH-005,2024-08-22,140.9,126.8,155.0,moving_average
SKU-1007,WH-005,2024-08-23,140.9,126.8,155.0,moving_average
SKU-1007,WH-005,2024-08-24,140.9,126.8,155.0,moving_average
SKU-1007,WH-005,2024-08-25,140.9,126.8,155.0,moving_average
SKU-1007,WH-005,2024-08-26,140.9,126.8,155.0,moving_average
SKU-1007,WH-005,2024-08-27,140.9,126.8,155.0,moving_average
SKU-1007,WH-005,2024-08-28,140.9,126.8,155.0,moving_average
SKU-1007,WH-005,2024-08-29,140.9,126.8,155.0,moving_average
SKU-1007,WH-005,2024-08-30,140.9,126.8,155.0,moving_average
SKU-1007,WH-005,2024-08-31,140.9,126.8,155.0,moving_average
SKU-1007,WH-005,2024-09-01,140.9,126.8,155.0,moving_average
SKU-1007,WH-005,2024-09-02,140.9,126.8,155.0,moving_average
SKU-1007,WH-005,2024-09-03,140.9,126.8,155.0,moving_average
SKU-1007,WH-005,2024-09-04,140.9,126.8,155.0,moving_average
SKU-1007,WH-005,2024-09-05,140.9,126.8,155.0,moving_average
SKU-1007,WH-005,2024-09-06,140.9,126.8,155.0,moving_average
SKU-1007,WH-005,2024-09-07,140.9,126.8,155.0,moving_average
SKU-1007,WH-005,2024-09-08,140.9,126.8,155.0,moving_average
SKU-1007,WH-005,2024-09-09,140.9,126.8,155.0,moving_average
SKU-1007,WH-005,2024-09-10,140.9,126.8,155.0,moving_average
SKU-1007,WH-005,2024-09-11,140.9,126.8,155.0,moving_average
SKU-1007,WH-005,2024-09-12,140.9,126.8,155.0,moving_average
SKU-1007,WH-005,2024-09-13,140.9,126.8,155.0,moving_average
SKU-1007,WH-005,2024-09-14,140.9,126.8,155.0,moving_average
SKU-1007,WH-005,2024-09-15,140.9,126.8,155.0,moving_average
SKU-1007,WH-005,2024-09-16,140.9,126.8,155.0,moving_average
SKU-1007,WH-005,2024-09-17,140.9,126.8,155.0,moving_average
SKU-1007,WH-005,2024-09-18,140.9,126.8,155.0,moving_average
SKU-1007,WH-005,2024-09-19,140.9,126.8,155.0,moving_average
SKU-1007,WH-005,2024-09-20,140.9,126.8,155.0,moving_average
SKU-1007,WH-005,2024-09-21,140.9,126.8,155.0,moving_average
SKU-1007,WH-005,2024-09-22,140.9,126.8,155.0,moving_average
SKU-1007,WH-005,2024-09-23,140.9,126.8,155.0,moving_average
SKU-1007,WH-005,2024-09-24,140.9,126.8,155.0,moving_average
SKU-1007,WH-005,2024-09-25,140.9,126.8,155.0,moving_average
SKU-1007,WH-005,2024-09-26,140.9,126.8,155.0,moving_average
SKU-1007,WH-006,2024-06-29,254.5,203.6,305.4,xgboost
SKU-1007,WH-006,2024-06-30,131.6,105.3,157.9,xgboost
SKU-1007,WH-006,2024-07-01,122.0,97.6,146.4,xgboost
SKU-1007,WH-006,2024-07-02,141.2,113.0,169.5,xgboost
SKU-1007,WH-006,2024-07-03,161.1,128.9,193.3,xgboost
SKU-1007,WH-006,2024-07-04,125.0,100.0,150.0,xgboost
SKU-1007,WH-006,2024-07-05,165.5,132.4,198.6,xgboost
SKU-1007,WH-006,2024-07-06,110.4,88.3,132.4,xgboost
SKU-1007,WH-006,2024-07-07,100.9,80.7,121.0,xgboost
SKU-1007,WH-006,2024-07-08,126.3,101.0,151.5,xgboost
SKU-1007,WH-006,2024-07-09,125.1,100.1,150.2,xgboost
SKU-1007,WH-006,2024-07-10,121.3,97.1,145.6,xgboost
SKU-1007,WH-006,2024-07-11,113.1,90.4,135.7,xgboost
SKU-1007,WH-006,2024-07-12,167.6,134.1,201.1,xgboost
SKU-1007,WH-006,2024-07-13,119.0,95.2,142.8,xgboost
SKU-1007,WH-006,2024-07-14,134.6,107.7,161.6,xgboost
SKU-1007,WH-006,2024-07-15,124.5,99.6,149.5,xgboost
SKU-1007,WH-006,2024-07-16,150.1,120.1,180.1,xgboost
SKU-1007,WH-006,2024-07-17,126.7,101.4,152.0,xgboost
SKU-1007,WH-006,2024-07-18,161.4,129.2,193.7,xgboost
SKU-1007,WH-006,2024-07-19,147.6,118.1,177.1,xgboost
SKU-1007,WH-006,2024-07-20,106.3,85.0,127.5,xgboost
SKU-1007,WH-006,2024-07-21,206.2,165.0,247.5,xgboost
SKU-1007,WH-006,2024-07-22,172.7,138.2,207.3,xgboost
SKU-1007,WH-006,2024-07-23,146.9,117.5,176.3,xgboost
SKU-1007,WH-006,2024-07-24,145.4,116.3,174.4,xgboost
SKU-1007,WH-006,2024-07-25,153.1,122.5,183.8,xgboost
SKU-1007,WH-006,2024-07-26,180.7,144.5,216.8,xgboost
SKU-1007,WH-006,2024-07-27,108.1,86.4,129.7,xgboost
SKU-1007,WH-006,2024-07-28,143.9,115.1,172.7,xgboost
SKU-1007,WH-006,2024-07-29,147.9,118.3,177.5,xgboost
SKU-1007,WH-006,2024-07-30,148.4,118.7,178.1,xgboost
SKU-1007,WH-006,2024-07-31,137.3,109.9,164.8,xgboost
SKU-1007,WH-006,2024-08-01,142.7,114.2,171.3,xgboost
SKU-1007,WH-006,2024-08-02,105.1,84.1,126.1,xgboost
SKU-1007,WH-006,2024-08-03,101.7,81.4,122.1,xgboost
SKU-1007,WH-006,2024-08-04,179.7,143.7,215.6,xgboost
SKU-1007,WH-006,2024-08-05,106.0,84.8,127.2,xgboost
SKU-1007,WH-006,2024-08-06,105.0,84.0,126.0,xgboost
SKU-1007,WH-006,2024-08-07,107.5,86.0,129.0,xgboost
SKU-1007,WH-006,2024-08-08,128.5,102.8,154.2,xgboost
SKU-1007,WH-006,2024-08-09,133.3,106.6,159.9,xgboost
SKU-1007,WH-006,2024-08-10,157.9,126.4,189.5,xgboost
SKU-1007,WH-006,2024-08-11,161.9,129.5,194.3,xgboost
SKU-1007,WH-006,2024-08-12,94.9,76.0,113.9,xgboost
SKU-1007,WH-006,2024-08-13,143.2,114.5,171.8,xgboost
SKU-1007,WH-006,2024-08-14,154.4,123.5,185.3,xgboost
SKU-1007,WH-006,2024-08-15,147.0,117.6,176.4,xgboost
SKU-1007,WH-006,2024-08-16,159.2,127.3,191.0,xgboost
SKU-1007,WH-006,2024-08-17,174.4,139.6,209.3,xgboost
SKU-1007,WH-006,2024-08-18,177.1,141.7,212.5,xgboost
SKU-1007,WH-006,2024-08-19,101.3,81.0,121.5,xgboost
SKU-1007,WH-006,2024-08-20,207.8,166.2,249.3,xgboost
SKU-1007,WH-006,2024-08-21,174.8,139.9,209.8,xgboost
SKU-1007,WH-006,2024-08-22,151.0,120.8,181.2,xgboost
SKU-1007,WH-006,2024-08-23,132.0,105.6,158.4,xgboost
SKU-1007,WH-006,2024-08-24,137.3,109.8,164.8,xgboost
SKU-1007,WH-006,2024-08-25,161.9,129.5,194.3,xgboost
SKU-1007,WH-006,2024-08-26,135.9,108.7,163.1,xgboost
SKU-1007,WH-006,2024-08-27,236.0,188.8,283.2,xgboost
SKU-1007,WH-006,2024-08-28,119.2,95.4,143.1,xgboost
SKU-1007,WH-006,2024-08-29,100.0,80.0,120.0,xgboost
SKU-1007,WH-006,2024-08-30,143.1,114.5,171.8,xgboost
SKU-1007,WH-006,2024-08-31,195.1,156.1,234.1,xgboost
SKU-1007,WH-006,2024-09-01,170.6,136.5,204.7,xgboost
SKU-1007,WH-006,2024-09-02,94.7,75.8,113.7,xgboost
SKU-1007,WH-006,2024-09-03,186.8,149.4,224.2,xgboost
SKU-1007,WH-006,2024-09-04,119.6,95.7,143.6,xgboost
SKU-1007,WH-006,2024-09-05,142.3,113.8,170.8,xgboost
SKU-1007,WH-006,2024-09-06,162.3,129.8,194.8,xgboost
SKU-1007,WH-006,2024-09-07,131.9,105.5,158.2,xgboost
SKU-1007,WH-006,2024-09-08,117.3,93.9,140.8,xgboost
SKU-1007,WH-006,2024-09-09,127.0,101.6,152.4,xgboost
SKU-1007,WH-006,2024-09-10,171.1,136.9,205.4,xgboost
SKU-1007,WH-006,2024-09-11,111.8,89.5,134.2,xgboost
SKU-1007,WH-006,2024-09-12,159.7,127.7,191.6,xgboost
SKU-1007,WH-006,2024-09-13,159.6,127.7,191.5,xgboost
SKU-1007,WH-006,2024-09-14,126.2,101.0,151.5,xgboost
SKU-1007,WH-006,2024-09-15,141.4,113.1,169.6,xgboost
SKU-1007,WH-006,2024-09-16,143.7,114.9,172.4,xgboost
SKU-1007,WH-006,2024-09-17,223.8,179.1,268.6,xgboost
SKU-1007,WH-006,2024-09-18,97.5,78.0,117.0,xgboost
SKU-1007,WH-006,2024-09-19,163.3,130.6,195.9,xgboost
SKU-1007,WH-006,2024-09-20,121.0,96.8,145.2,xgboost
SKU-1007,WH-006,2024-09-21,136.9,109.5,164.3,xgboost
SKU-1007,WH-006,2024-09-22,169.7,135.8,203.7,xgboost
SKU-1007,WH-006,2024-09-23,185.0,148.0,222.0,xgboost
SKU-1007,WH-006,2024-09-24,128.0,102.4,153.6,xgboost
SKU-1007,WH-006,2024-09-25,95.5,76.4,114.7,xgboost
SKU-1007,WH-006,2024-09-26,225.5,180.4,270.6,xgboost
SKU-1007,WH-007,2024-06-29,146.6,131.9,161.2,moving_average
SKU-1007,WH-007,2024-06-30,146.6,131.9,161.2,moving_average
SKU-1007,WH-007,2024-07-01,146.6,131.9,161.2,moving_average
SKU-1007,WH-007,2024-07-02,146.6,131.9,161.2,moving_average
SKU-1007,WH-007,2024-07-03,146.6,131.9,161.2,moving_average
SKU-1007,WH-007,2024-07-04,146.6,131.9,161.2,moving_average
SKU-1007,WH-007,2024-07-05,146.6,131.9,161.2,moving_average
SKU-1007,WH-007,2024-07-06,146.6,131.9,161.2,moving_average
SKU-1007,WH-007,2024-07-07,146.6,131.9,161.2,moving_average
SKU-1007,WH-007,2024-07-08,146.6,131.9,161.2,moving_average
SKU-1007,WH-007,2024-07-09,146.6,131.9,161.2,moving_average
SKU-1007,WH-007,2024-07-10,146.6,131.9,161.2,moving_average
SKU-1007,WH-007,2024-07-11,146.6,131.9,161.2,moving_average
SKU-1007,WH-007,2024-07-12,146.6,131.9,161.2,moving_average
SKU-1007,WH-007,2024-07-13,146.6,131.9,161.2,moving_average
SKU-1007,WH-007,2024-07-14,146.6,131.9,161.2,moving_average
SKU-1007,WH-007,2024-07-15,146.6,131.9,161.2,moving_average
SKU-1007,WH-007,2024-07-16,146.6,131.9,161.2,moving_average
SKU-1007,WH-007,2024-07-17,146.6,131.9,161.2,moving_average
SKU-1007,WH-007,2024-07-18,146.6,131.9,161.2,moving_average
SKU-1007,WH-007,2024-07-19,146.6,131.9,161.2,moving_average
SKU-1007,WH-007,2024-07-20,146.6,131.9,161.2,moving_average
SKU-1007,WH-007,2024-07-21,146.6,131.9,161.2,moving_average
SKU-1007,WH-007,2024-07-22,146.6,131.9,161.2,moving_average
SKU-1007,WH-007,2024-07-23,146.6,131.9,161.2,moving_average
SKU-1007,WH-007,2024-07-24,146.6,131.9,161.2,moving_average
SKU-1007,WH-007,2024-07-25,146.6,131.9,161.2,moving_average
SKU-1007,WH-007,2024-07-26,146.6,131.9,161.2,moving_average
SKU-1007,WH-007,2024-07-27,146.6,131.9,161.2,moving_average
SKU-1007,WH-007,2024-07-28,146.6,131.9,161.2,moving_average
SKU-1007,WH-007,2024-07-29,146.6,131.9,161.2,moving_average
SKU-1007,WH-007,2024-07-30,146.6,131.9,161.2,moving_average
SKU-1007,WH-007,2024-07-31,146.6,131.9,161.2,moving_average
SKU-1007,WH-007,2024-08-01,146.6,131.9,161.2,moving_average
SKU-1007,WH-007,2024-08-02,146.6,131.9,161.2,moving_average
SKU-1007,WH-007,2024-08-03,146.6,131.9,161.2,moving_average
SKU-1007,WH-007,2024-08-04,146.6,131.9,161.2,moving_average
SKU-1007,WH-007,2024-08-05,146.6,131.9,161.2,moving_average
SKU-1007,WH-007,2024-08-06,146.6,131.9,161.2,moving_average
SKU-1007,WH-007,2024-08-07,146.6,131.9,161.2,moving_average
SKU-1007,WH-007,2024-08-08,146.6,131.9,161.2,moving_average
SKU-1007,WH-007,2024-08-09,146.6,131.9,161.2,moving_average
SKU-1007,WH-007,2024-08-10,146.6,131.9,161.2,moving_average
SKU-1007,WH-007,2024-08-11,146.6,131.9,161.2,moving_average
SKU-1007,WH-007,2024-08-12,146.6,131.9,161.2,moving_average
SKU-1007,WH-007,2024-08-13,146.6,131.9,161.2,moving_average
SKU-1007,WH-007,2024-08-14,146.6,131.9,161.2,moving_average
SKU-1007,WH-007,2024-08-15,146.6,131.9,161.2,moving_average
SKU-1007,WH-007,2024-08-16,146.6,131.9,161.2,moving_average
SKU-1007,WH-007,2024-08-17,146.6,131.9,161.2,moving_average
SKU-1007,WH-007,2024-08-18,146.6,131.9,161.2,moving_average
SKU-1007,WH-007,2024-08-19,146.6,131.9,161.2,moving_average
SKU-1007,WH-007,2024-08-20,146.6,131.9,161.2,moving_average
SKU-1007,WH-007,2024-08-21,146.6,131.9,161.2,moving_average
SKU-1007,WH-007,2024-08-22,146.6,131.9,161.2,moving_average
SKU-1007,WH-007,2024-08-23,146.6,131.9,161.2,moving_average
SKU-1007,WH-007,2024-08-24,146.6,131.9,161.2,moving_average
SKU-1007,WH-007,2024-08-25,146.6,131.9,161.2,moving_average
SKU-1007,WH-007,2024-08-26,146.6,131.9,161.2,moving_average
SKU-1007,WH-007,2024-08-27,146.6,131.9,161.2,moving_average
SKU-1007,WH-007,2024-08-28,146.6,131.9,161.2,moving_average
SKU-1007,WH-007,2024-08-29,146.6,131.9,161.2,moving_average
SKU-1007,WH-007,2024-08-30,146.6,131.9,161.2,moving_average
SKU-1007,WH-007,2024-08-31,146.6,131.9,161.2,moving_average
SKU-1007,WH-007,2024-09-01,146.6,131.9,161.2,moving_average
SKU-1007,WH-007,2024-09-02,146.6,131.9,161.2,moving_average
SKU-1007,WH-007,2024-09-03,146.6,131.9,161.2,moving_average
SKU-1007,WH-007,2024-09-04,146.6,131.9,161.2,moving_average
SKU-1007,WH-007,2024-09-05,146.6,131.9,161.2,moving_average
SKU-1007,WH-007,2024-09-06,146.6,131.9,161.2,moving_average
SKU-1007,WH-007,2024-09-07,146.6,131.9,161.2,moving_average
SKU-1007,WH-007,2024-09-08,146.6,131.9,161.2,moving_average
SKU-1007,WH-007,2024-09-09,146.6,131.9,161.2,moving_average
SKU-1007,WH-007,2024-09-10,146.6,131.9,161.2,moving_average
SKU-1007,WH-007,2024-09-11,146.6,131.9,161.2,moving_average
SKU-1007,WH-007,2024-09-12,146.6,131.9,161.2,moving_average
SKU-1007,WH-007,2024-09-13,146.6,131.9,161.2,moving_average
SKU-1007,WH-007,2024-09-14,146.6,131.9,161.2,moving_average
SKU-1007,WH-007,2024-09-15,146.6,131.9,161.2,moving_average
SKU-1007,WH-007,2024-09-16,146.6,131.9,161.2,moving_average
SKU-1007,WH-007,2024-09-17,146.6,131.9,161.2,moving_average
SKU-1007,WH-007,2024-09-18,146.6,131.9,161.2,moving_average
SKU-1007,WH-007,2024-09-19,146.6,131.9,161.2,moving_average
SKU-1007,WH-007,2024-09-20,146.6,131.9,161.2,moving_average
SKU-1007,WH-007,2024-09-21,146.6,131.9,161.2,moving_average
SKU-1007,WH-007,2024-09-22,146.6,131.9,161.2,moving_average
SKU-1007,WH-007,2024-09-23,146.6,131.9,161.2,moving_average
SKU-1007,WH-007,2024-09-24,146.6,131.9,161.2,moving_average
SKU-1007,WH-007,2024-09-25,146.6,131.9,161.2,moving_average
SKU-1007,WH-007,2024-09-26,146.6,131.9,161.2,moving_average
SKU-1009,WH-001,2024-06-29,456.5,365.2,547.8,xgboost
SKU-1009,WH-001,2024-06-30,486.6,389.3,583.9,xgboost
SKU-1009,WH-001,2024-07-01,600.8,480.7,721.0,xgboost
SKU-1009,WH-001,2024-07-02,631.6,505.3,758.0,xgboost
SKU-1009,WH-001,2024-07-03,480.5,384.4,576.6,xgboost
SKU-1009,WH-001,2024-07-04,564.0,451.2,676.8,xgboost
SKU-1009,WH-001,2024-07-05,540.2,432.2,648.3,xgboost
SKU-1009,WH-001,2024-07-06,496.4,397.1,595.7,xgboost
SKU-1009,WH-001,2024-07-07,505.2,404.1,606.2,xgboost
SKU-1009,WH-001,2024-07-08,472.8,378.3,567.4,xgboost
SKU-1009,WH-001,2024-07-09,539.6,431.7,647.5,xgboost
SKU-1009,WH-001,2024-07-10,519.6,415.7,623.5,xgboost
SKU-1009,WH-001,2024-07-11,434.3,347.4,521.1,xgboost
SKU-1009,WH-001,2024-07-12,451.2,360.9,541.4,xgboost
SKU-1009,WH-001,2024-07-13,542.4,433.9,650.9,xgboost
SKU-1009,WH-001,2024-07-14,504.4,403.6,605.3,xgboost
SKU-1009,WH-001,2024-07-15,440.3,352.2,528.3,xgboost
SKU-1009,WH-001,2024-07-16,519.2,415.4,623.1,xgboost
SKU-1009,WH-001,2024-07-17,626.7,501.4,752.1,xgboost
SKU-1009,WH-001,2024-07-18,456.2,365.0,547.5,xgboost
SKU-1009,WH-001,2024-07-19,490.9,392.7,589.1,xgboost
SKU-1009,WH-001,2024-07-20,499.0,399.2,598.8,xgboost
SKU-1009,WH-001,2024-07-21,406.5,325.2,487.8,xgboost
SKU-1009,WH-001,2024-07-22,460.1,368.1,552.1,xgboost
SKU-1009,WH-001,2024-07-23,526.0,420.8,631.2,xgboost
SKU-1009,WH-001,2024-07-24,479.3,383.5,575.2,xgboost
SKU-1009,WH-001,2024-07-25,436.8,349.5,524.2,xgboost
SKU-1009,WH-001,2024-07-26,441.9,353.5,530.3,xgboost
SKU-1009,WH-001,2024-07-27,503.9,403.1,604.7,xgboost
SKU-1009,WH-001,2024-07-28,511.2,409.0,613.5,xgboost
SKU-1009,WH-001,2024-07-29,503.3,402.6,603.9,xgboost
SKU-1009,WH-001,2024-07-30,518.0,414.4,621.6,xgboost
SKU-1009,WH-001,2024-07-31,513.0,410.4,615.6,xgboost
SKU-1009,WH-001,2024-08-01,648.1,518.5,777.7,xgboost
SKU-1009,WH-001,2024-08-02,456.3,365.0,547.6,xgboost
SKU-1009,WH-001,2024-08-03,472.0,377.6,566.4,xgboost
SKU-1009,WH-001,2024-08-04,525.0,420.0,630.1,xgboost
SKU-1009,WH-001,2024-08-05,481.6,385.3,577.9,xgboost
SKU-1009,WH-001,2024-08-06,490.1,392.1,588.1,xgboost
SKU-1009,WH-001,2024-08-07,480.3,384.2,576.4,xgboost
SKU-1009,WH-001,2024-08-08,489.7,391.8,587.7,xgboost
SKU-1009,WH-001,2024-08-09,425.4,340.3,510.5,xgboost
SKU-1009,WH-001,2024-08-10,443.5,354.8,532.2,xgboost
SKU-1009,WH-001,2024-08-11,504.6,403.7,605.5,xgboost
SKU-1009,WH-001,2024-08-12,533.1,426.5,639.7,xgboost
SKU-1009,WH-001,2024-08-13,460.1,368.1,552.1,xgboost
SKU-1009,WH-001,2024-08-14,486.2,388.9,583.4,xgboost
SKU-1009,WH-001,2024-08-15,454.9,363.9,545.9,xgboost
SKU-1009,WH-001,2024-08-16,603.3,482.7,724.0,xgboost
SKU-1009,WH-001,2024-08-17,538.9,431.1,646.7,xgboost
SKU-1009,WH-001,2024-08-18,478.7,382.9,574.4,xgboost
SKU-1009,WH-001,2024-08-19,454.9,363.9,545.9,xgboost
SKU-1009,WH-001,2024-08-20,516.4,413.1,619.7,xgboost
SKU-1009,WH-001,2024-08-21,545.3,436.3,654.4,xgboost
SKU-1009,WH-001,2024-08-22,497.6,398.1,597.2,xgboost
SKU-1009,WH-001,2024-08-23,475.6,380.5,570.7,xgboost
SKU-1009,WH-001,2024-08-24,471.0,376.8,565.2,xgboost
SKU-1009,WH-001,2024-08-25,469.5,375.6,563.4,xgboost
SKU-1009,WH-001,2024-08-26,476.0,380.8,571.2,xgboost
SKU-1009,WH-001,2024-08-27,529.9,423.9,635.9,xgboost
SKU-1009,WH-001,2024-08-28,515.0,412.0,618.0,xgboost
SKU-1009,WH-001,2024-08-29,560.6,448.5,672.8,xgboost
SKU-1009,WH-001,2024-08-30,485.2,388.2,582.2,xgboost
SKU-1009,WH-001,2024-08-31,571.7,457.4,686.1,xgboost
SKU-1009,WH-001,2024-09-01,498.9,399.1,598.7,xgboost
SKU-1009,WH-001,2024-09-02,456.0,364.8,547.2,xgboost
SKU-1009,WH-001,2024-09-03,507.7,406.1,609.2,xgboost
SKU-1009,WH-001,2024-09-04,561.6,449.3,673.9,xgboost
SKU-1009,WH-001,2024-09-05,518.0,414.4,621.6,xgboost
SKU-1009,WH-001,2024-09-06,462.1,369.7,554.5,xgboost
SKU-1009,WH-001,2024-09-07,429.4,343.6,515.3,xgboost
SKU-1009,WH-001,2024-09-08,403.3,322.6,483.9,xgboost
SKU-1009,WH-001,2024-09-09,529.3,423.5,635.2,xgboost
SKU-1009,WH-001,2024-09-10,547.3,437.9,656.8,xgboost
SKU-1009,WH-001,2024-09-11,484.9,387.9,581.9,xgboost
SKU-1009,WH-001,2024-09-12,486.8,389.5,584.2,xgboost
SKU-1009,WH-001,2024-09-13,444.1,355.3,532.9,xgboost
SKU-1009,WH-001,2024-09-14,468.9,375.1,562.7,xgboost
SKU-1009,WH-001,2024-09-15,540.0,432.0,648.0,xgboost
SKU-1009,WH-001,2024-09-16,480.3,384.2,576.3,xgboost
SKU-1009,WH-001,2024-09-17,531.3,425.1,637.6,xgboost
SKU-1009,WH-001,2024-09-18,511.2,408.9,613.4,xgboost
SKU-1009,WH-001,2024-09-19,498.0,398.4,597.7,xgboost
SKU-1009,WH-001,2024-09-20,497.0,397.6,596.4,xgboost
SKU-1009,WH-001,2024-09-21,492.1,393.7,590.5,xgboost
SKU-1009,WH-001,2024-09-22,460.1,368.1,552.1,xgboost
SKU-1009,WH-001,2024-09-23,483.7,387.0,580.5,xgboost
SKU-1009,WH-001,2024-09-24,523.6,418.9,628.3,xgboost
SKU-1009,WH-001,2024-09-25,497.7,398.1,597.2,xgboost
SKU-1009,WH-001,2024-09-26,514.6,411.7,617.5,xgboost
SKU-1009,WH-002,2024-06-29,495.4,421.1,569.7,exponential_smoothing
SKU-1009,WH-002,2024-06-30,439.6,373.6,505.5,exponential_smoothing
SKU-1009,WH-002,2024-07-01,596.5,507.1,686.0,exponential_smoothing
SKU-1009,WH-002,2024-07-02,581.9,494.6,669.2,exponential_smoothing
SKU-1009,WH-002,2024-07-03,512.1,435.3,588.9,exponential_smoothing
SKU-1009,WH-002,2024-07-04,490.5,416.9,564.0,exponential_smoothing
SKU-1009,WH-002,2024-07-05,497.1,422.5,571.6,exponential_smoothing
SKU-1009,WH-002,2024-07-06,497.4,422.8,572.0,exponential_smoothing
SKU-1009,WH-002,2024-07-07,441.5,375.3,507.8,exponential_smoothing
SKU-1009,WH-002,2024-07-08,598.5,508.7,688.3,exponential_smoothing
SKU-1009,WH-002,2024-07-09,583.9,496.3,671.5,exponential_smoothing
SKU-1009,WH-002,2024-07-10,514.1,437.0,591.2,exponential_smoothing
SKU-1009,WH-002,2024-07-11,492.4,418.6,566.3,exponential_smoothing
SKU-1009,WH-002,2024-07-12,499.0,424.2,573.9,exponential_smoothing
SKU-1009,WH-002,2024-07-13,499.3,424.4,574.2,exponential_smoothing
SKU-1009,WH-002,2024-07-14,443.5,377.0,510.0,exponential_smoothing
SKU-1009,WH-002,2024-07-15,600.5,510.4,690.6,exponential_smoothing
SKU-1009,WH-002,2024-07-16,585.9,498.0,673.7,exponential_smoothing
SKU-1009,WH-002,2024-07-17,516.0,438.6,593.5,exponential_smoothing
SKU-1009,WH-002,2024-07-18,494.4,420.2,568.6,exponential_smoothing
SKU-1009,WH-002,2024-07-19,501.0,425.9,576.2,exponential_smoothing
SKU-1009,WH-002,2024-07-20,501.3,426.1,576.5,exponential_smoothing
SKU-1009,WH-002,2024-07-21,445.5,378.7,512.3,exponential_smoothing
SKU-1009,WH-002,2024-07-22,602.5,512.1,692.8,exponential_smoothing
SKU-1009,WH-002,2024-07-23,587.8,499.7,676.0,exponential_smoothing
SKU-1009,WH-002,2024-07-24,518.0,440.3,595.7,exponential_smoothing
SKU-1009,WH-002,2024-07-25,496.4,421.9,570.8,exponential_smoothing
SKU-1009,WH-002,2024-07-26,503.0,427.5,578.4,exponential_smoothing
SKU-1009,WH-002,2024-07-27,503.3,427.8,578.8,exponential_smoothing
SKU-1009,WH-002,2024-07-28,447.4,380.3,514.6,exponential_smoothing
SKU-1009,WH-002,2024-07-29,604.4,513.8,695.1,exponential_smoothing
SKU-1009,WH-002,2024-07-30,589.8,501.3,678.3,exponential_smoothing
SKU-1009,WH-002,2024-07-31,520.0,442.0,598.0,exponential_smoothing
SKU-1009,WH-002,2024-08-01,498.3,423.6,573.1,exponential_smoothing
SKU-1009,WH-002,2024-08-02,505.0,429.2,580.7,exponential_smoothing
SKU-1009,WH-002,2024-08-03,505.3,429.5,581.0,exponential_smoothing
SKU-1009,WH-002,2024-08-04,449.4,382.0,516.8,exponential_smoothing
SKU-1009,WH-002,2024-08-05,606.4,515.4,697.4,exponential_smoothing
SKU-1009,WH-002,2024-08-06,591.8,503.0,680.5,exponential_smoothing
SKU-1009,WH-002,2024-08-07,522.0,443.7,600.3,exponential_smoothing
SKU-1009,WH-002,2024-08-08,500.3,425.3,575.4,exponential_smoothing
SKU-1009,WH-002,2024-08-09,506.9,430.9,583.0,exponential_smoothing
SKU-1009,WH-002,2024-08-10,507.2,431.1,583.3,exponential_smoothing
SKU-1009,WH-002,2024-08-11,451.4,383.7,519.1,exponential_smoothing
SKU-1009,WH-002,2024-08-12,608.4,517.1,699.6,exponential_smoothing
SKU-1009,WH-002,2024-08-13,593.7,504.7,682.8,exponential_smoothing
SKU-1009,WH-002,2024-08-14,523.9,445.3,602.5,exponential_smoothing
SKU-1009,WH-002,2024-08-15,502.3,426.9,577.6,exponential_smoothing
SKU-1009,WH-002,2024-08-16,508.9,432.6,585.2,exponential_smoothing
SKU-1009,WH-002,2024-08-17,509.2,432.8,585.6,exponential_smoothing
SKU-1009,WH-002,2024-08-18,453.4,385.4,521.4,exponential_smoothing
SKU-1009,WH-002,2024-08-19,610.4,518.8,701.9,exponential_smoothing
SKU-1009,WH-002,2024-08-20,595.7,506.4,685.1,exponential_smoothing
SKU-1009,WH-002,2024-08-21,525.9,447.0,604.8,exponential_smoothing
SKU-1009,WH-002,2024-08-22,504.3,428.6,579.9,exponential_smoothing
SKU-1009,WH-002,2024-08-23,510.9,434.2,587.5,exponential_smoothing
SKU-1009,WH-002,2024-08-24,511.2,434.5,587.8,exponential_smoothing
SKU-1009,WH-002,2024-08-25,455.3,387.0,523.6,exponential_smoothing
SKU-1009,WH-002,2024-08-26,612.3,520.5,704.2,exponential_smoothing
SKU-1009,WH-002,2024-08-27,597.7,508.0,687.3,exponential_smoothing
SKU-1009,WH-002,2024-08-28,527.9,448.7,607.1,exponential_smoothing
SKU-1009,WH-002,2024-08-29,506.2,430.3,582.2,exponential_smoothing
SKU-1009,WH-002,2024-08-30,512.8,435.9,589.8,exponential_smoothing
SKU-1009,WH-002,2024-08-31,513.1,436.2,590.1,exponential_smoothing
SKU-1009,WH-002,2024-09-01,457.3,388.7,525.9,exponential_smoothing
SKU-1009,WH-002,2024-09-02,614.3,522.2,706.4,exponential_smoothing
SKU-1009,WH-002,2024-09-03,599.7,509.7,689.6,exponential_smoothing
SKU-1009,WH-002,2024-09-04,529.8,450.4,609.3,exponential_smoothing
SKU-1009,WH-002,2024-09-05,508.2,432.0,584.4,exponential_smoothing
SKU-1009,WH-002,2024-09-06,514.8,437.6,592.0,exponential_smoothing
SKU-1009,WH-002,2024-09-07,515.1,437.8,592.4,exponential_smoothing
SKU-1009,WH-002,2024-09-08,459.3,390.4,528.2,exponential_smoothing
SKU-1009,WH-002,2024-09-09,616.3,523.8,708.7,exponential_smoothing
SKU-1009,WH-002,2024-09-10,601.6,511.4,691.9,exponential_smoothing
SKU-1009,WH-002,2024-09-11,531.8,452.0,611.6,exponential_smoothing
SKU-1009,WH-002,2024-09-12,510.2,433.6,586.7,exponential_smoothing
SKU-1009,WH-002,2024-09-13,516.8,439.3,594.3,exponential_smoothing
SKU-1009,WH-002,2024-09-14,517.1,439.5,594.7,exponential_smoothing
SKU-1009,WH-002,2024-09-15,461.2,392.1,530.4,exponential_smoothing
SKU-1009,WH-002,2024-09-16,618.2,525.5,711.0,exponential_smoothing
SKU-1009,WH-002,2024-09-17,603.6,513.1,694.1,exponential_smoothing
SKU-1009,WH-002,2024-09-18,533.8,453.7,613.9,exponential_smoothing
SKU-1009,WH-002,2024-09-19,512.1,435.3,589.0,exponential_smoothing
SKU-1009,WH-002,2024-09-20,518.8,440.9,596.6,exponential_smoothing
SKU-1009,WH-002,2024-09-21,519.1,441.2,596.9,exponential_smoothing
SKU-1009,WH-002,2024-09-22,463.2,393.7,532.7,exponential_smoothing
SKU-1009,WH-002,2024-09-23,620.2,527.2,713.2,exponential_smoothing
SKU-1009,WH-002,2024-09-24,605.6,514.7,696.4,exponential_smoothing
SKU-1009,WH-002,2024-09-25,535.8,455.4,616.1,exponential_smoothing
SKU-1009,WH-002,2024-09-26,514.1,437.0,591.2,exponential_smoothing
SKU-1009,WH-003,2024-06-29,511.0,434.3,587.6,exponential_smoothing
SKU-1009,WH-003,2024-06-30,484.4,411.7,557.1,exponential_smoothing
SKU-1009,WH-003,2024-07-01,594.8,505.6,684.0,exponential_smoothing
SKU-1009,WH-003,2024-07-02,556.8,473.2,640.3,exponential_smoothing
SKU-1009,WH-003,2024-07-03,558.0,474.3,641.7,exponential_smoothing
SKU-1009,WH-003,2024-07-04,538.6,457.8,619.4,exponential_smoothing
SKU-1009,WH-003,2024-07-05,543.3,461.8,624.8,exponential_smoothing
SKU-1009,WH-003,2024-07-06,512.6,435.8,589.5,exponential_smoothing
SKU-1009,WH-003,2024-07-07,486.1,413.2,559.0,exponential_smoothing
SKU-1009,WH-003,2024-07-08,596.5,507.0,685.9,exponential_smoothing
SKU-1009,WH-003,2024-07-09,558.4,474.6,642.2,exponential_smoothing
SKU-1009,WH-003,2024-07-10,559.6,475.7,643.6,exponential_smoothing
SKU-1009,WH-003,2024-07-11,540.3,459.2,621.3,exponential_smoothing
SKU-1009,WH-003,2024-07-12,544.9,463.2,626.7,exponential_smoothing
SKU-1009,WH-003,2024-07-13,514.3,437.2,591.5,exponential_smoothing
SKU-1009,WH-003,2024-07-14,487.7,414.6,560.9,exponential_smoothing
SKU-1009,WH-003,2024-07-15,598.1,508.4,687.8,exponential_smoothing
SKU-1009,WH-003,2024-07-16,560.1,476.1,644.1,exponential_smoothing
SKU-1009,WH-003,2024-07-17,561.3,477.1,645.5,exponential_smoothing
SKU-1009,WH-003,2024-07-18,541.9,460.6,623.2,exponential_smoothing
SKU-1009,WH-003,2024-07-19,546.6,464.6,628.6,exponential_smoothing
SKU-1009,WH-003,2024-07-20,516.0,438.6,593.4,exponential_smoothing
SKU-1009,WH-003,2024-07-21,489.4,416.0,562.8,exponential_smoothing
SKU-1009,WH-003,2024-07-22,599.8,509.8,689.7,exponential_smoothing
SKU-1009,WH-003,2024-07-23,561.7,477.5,646.0,exponential_smoothing
SKU-1009,WH-003,2024-07-24,562.9,478.5,647.4,exponential_smoothing
SKU-1009,WH-003,2024-07-25,543.6,462.0,625.1,exponential_smoothing
SKU-1009,WH-003,2024-07-26,548.2,466.0,630.5,exponential_smoothing
SKU-1009,WH-003,2024-07-27,517.6,440.0,595.3,exponential_smoothing
SKU-1009,WH-003,2024-07-28,491.0,417.4,564.7,exponential_smoothing
SKU-1009,WH-003,2024-07-29,601.4,511.2,691.6,exponential_smoothing
SKU-1009,WH-003,2024-07-30,563.4,478.9,647.9,exponential_smoothing
SKU-1009,WH-003,2024-07-31,564.6,479.9,649.3,exponential_smoothing
SKU-1009,WH-003,2024-08-01,545.2,463.4,627.0,exponential_smoothing
SKU-1009,WH-003,2024-08-02,549.9,467.4,632.4,exponential_smoothing
SKU-1009,WH-003,2024-08-03,519.3,441.4,597.2,exponential_smoothing
SKU-1009,WH-003,2024-08-04,492.7,418.8,566.6,exponential_smoothing
SKU-1009,WH-003,2024-08-05,603.1,512.6,693.5,exponential_smoothing
SKU-1009,WH-003,2024-08-06,565.0,480.3,649.8,exponential_smoothing
SKU-1009,WH-003,2024-08-07,566.3,481.3,651.2,exponential_smoothing
SKU-1009,WH-003,2024-08-08,546.9,464.8,628.9,exponential_smoothing
SKU-1009,WH-003,2024-08-09,551.5,468.8,634.3,exponential_smoothing
SKU-1009,WH-003,2024-08-10,520.9,442.8,599.1,exponential_smoothing
SKU-1009,WH-003,2024-08-11,494.3,420.2,568.5,exponential_smoothing
SKU-1009,WH-003,2024-08-12,604.7,514.0,695.4,exponential_smoothing
SKU-1009,WH-003,2024-08-13,566.7,481.7,651.7,exponential_smoothing
SKU-1009,WH-003,2024-08-14,567.9,482.7,653.1,exponential_smoothing
SKU-1009,WH-003,2024-08-15,548.5,466.3,630.8,exponential_smoothing
SKU-1009,WH-003,2024-08-16,553.2,470.2,636.2,exponential_smoothing
SKU-1009,WH-003,2024-08-17,522.6,444.2,601.0,exponential_smoothing
SKU-1009,WH-003,2024-08-18,496.0,421.6,570.4,exponential_smoothing
SKU-1009,WH-003,2024-08-19,606.4,515.4,697.3,exponential_smoothing
SKU-1009,WH-003,2024-08-20,568.3,483.1,653.6,exponential_smoothing
SKU-1009,WH-003,2024-08-21,569.6,484.1,655.0,exponential_smoothing
SKU-1009,WH-003,2024-08-22,550.2,467.7,632.7,exponential_smoothing
SKU-1009,WH-003,2024-08-23,554.9,471.6,638.1,exponential_smoothing
SKU-1009,WH-003,2024-08-24,524.2,445.6,602.9,exponential_smoothing
SKU-1009,WH-003,2024-08-25,497.7,423.0,572.3,exponential_smoothing
SKU-1009,WH-003,2024-08-26,608.0,516.8,699.3,exponential_smoothing
SKU-1009,WH-003,2024-08-27,570.0,484.5,655.5,exponential_smoothing
SKU-1009,WH-003,2024-08-28,571.2,485.5,656.9,exponential_smoothing
SKU-1009,WH-003,2024-08-29,551.8,469.1,634.6,exponential_smoothing
SKU-1009,WH-003,2024-08-30,556.5,473.0,640.0,exponential_smoothing
SKU-1009,WH-003,2024-08-31,525.9,447.0,604.8,exponential_smoothing
SKU-1009,WH-003,2024-09-01,499.3,424.4,574.2,exponential_smoothing
SKU-1009,WH-003,2024-09-02,609.7,518.2,701.2,exponential_smoothing
SKU-1009,WH-003,2024-09-03,571.7,485.9,657.4,exponential_smoothing
SKU-1009,WH-003,2024-09-04,572.9,486.9,658.8,exponential_smoothing
SKU-1009,WH-003,2024-09-05,553.5,470.5,636.5,exponential_smoothing
SKU-1009,WH-003,2024-09-06,558.2,474.4,641.9,exponential_smoothing
SKU-1009,WH-003,2024-09-07,527.6,448.4,606.7,exponential_smoothing
SKU-1009,WH-003,2024-09-08,501.0,425.8,576.1,exponential_smoothing
SKU-1009,WH-003,2024-09-09,611.4,519.7,703.1,exponential_smoothing
SKU-1009,WH-003,2024-09-10,573.3,487.3,659.3,exponential_smoothing
SKU-1009,WH-003,2024-09-11,574.5,488.4,660.7,exponential_smoothing
SKU-1009,WH-003,2024-09-12,555.2,471.9,638.4,exponential_smoothing
SKU-1009,WH-003,2024-09-13,559.8,475.8,643.8,exponential_smoothing
SKU-1009,WH-003,2024-09-14,529.2,449.8,608.6,exponential_smoothing
SKU-1009,WH-003,2024-09-15,502.6,427.2,578.0,exponential_smoothing
SKU-1009,WH-003,2024-09-16,613.0,521.1,705.0,exponential_smoothing
SKU-1009,WH-003,2024-09-17,575.0,488.7,661.2,exponential_smoothing
SKU-1009,WH-003,2024-09-18,576.2,489.8,662.6,exponential_smoothing
SKU-1009,WH-003,2024-09-19,556.8,473.3,640.3,exponential_smoothing
SKU-1009,WH-003,2024-09-20,561.5,477.3,645.7,exponential_smoothing
SKU-1009,WH-003,2024-09-21,530.9,451.2,610.5,exponential_smoothing
SKU-1009,WH-003,2024-09-22,504.3,428.6,579.9,exponential_smoothing
SKU-1009,WH-003,2024-09-23,614.7,522.5,706.9,exponential_smoothing
SKU-1009,WH-003,2024-09-24,576.6,490.1,663.1,exponential_smoothing
SKU-1009,WH-003,2024-09-25,577.9,491.2,664.5,exponential_smoothing
SKU-1009,WH-003,2024-09-26,558.5,474.7,642.2,exponential_smoothing
SKU-1009,WH-004,2024-06-29,559.9,503.9,615.9,moving_average
SKU-1009,WH-004,2024-06-30,559.9,503.9,615.9,moving_average
SKU-1009,WH-004,2024-07-01,559.9,503.9,615.9,moving_average
SKU-1009,WH-004,2024-07-02,559.9,503.9,615.9,moving_average
SKU-1009,WH-004,2024-07-03,559.9,503.9,615.9,moving_average
SKU-1009,WH-004,2024-07-04,559.9,503.9,615.9,moving_average
SKU-1009,WH-004,2024-07-05,559.9,503.9,615.9,moving_average
SKU-1009,WH-004,2024-07-06,559.9,503.9,615.9,moving_average
SKU-1009,WH-004,2024-07-07,559.9,503.9,615.9,moving_average
SKU-1009,WH-004,2024-07-08,559.9,503.9,615.9,moving_average
SKU-1009,WH-004,2024-07-09,559.9,503.9,615.9,moving_average
SKU-1009,WH-004,2024-07-10,559.9,503.9,615.9,moving_average
SKU-1009,WH-004,2024-07-11,559.9,503.9,615.9,moving_average
SKU-1009,WH-004,2024-07-12,559.9,503.9,615.9,moving_average
SKU-1009,WH-004,2024-07-13,559.9,503.9,615.9,moving_average
SKU-1009,WH-004,2024-07-14,559.9,503.9,615.9,moving_average
SKU-1009,WH-004,2024-07-15,559.9,503.9,615.9,moving_average
SKU-1009,WH-004,2024-07-16,559.9,503.9,615.9,moving_average
SKU-1009,WH-004,2024-07-17,559.9,503.9,615.9,moving_average
SKU-1009,WH-004,2024-07-18,559.9,503.9,615.9,moving_average
SKU-1009,WH-004,2024-07-19,559.9,503.9,615.9,moving_average
SKU-1009,WH-004,2024-07-20,559.9,503.9,615.9,moving_average
SKU-1009,WH-004,2024-07-21,559.9,503.9,615.9,moving_average
SKU-1009,WH-004,2024-07-22,559.9,503.9,615.9,moving_average
SKU-1009,WH-004,2024-07-23,559.9,503.9,615.9,moving_average
SKU-1009,WH-004,2024-07-24,559.9,503.9,615.9,moving_average
SKU-1009,WH-004,2024-07-25,559.9,503.9,615.9,moving_average
SKU-1009,WH-004,2024-07-26,559.9,503.9,615.9,moving_average
SKU-1009,WH-004,2024-07-27,559.9,503.9,615.9,moving_average
SKU-1009,WH-004,2024-07-28,559.9,503.9,615.9,moving_average
SKU-1009,WH-004,2024-07-29,559.9,503.9,615.9,moving_average
SKU-1009,WH-004,2024-07-30,559.9,503.9,615.9,moving_average
SKU-1009,WH-004,2024-07-31,559.9,503.9,615.9,moving_average
SKU-1009,WH-004,2024-08-01,559.9,503.9,615.9,moving_average
SKU-1009,WH-004,2024-08-02,559.9,503.9,615.9,moving_average
SKU-1009,WH-004,2024-08-03,559.9,503.9,615.9,moving_average
SKU-1009,WH-004,2024-08-04,559.9,503.9,615.9,moving_average
SKU-1009,WH-004,2024-08-05,559.9,503.9,615.9,moving_average
SKU-1009,WH-004,2024-08-06,559.9,503.9,615.9,moving_average
SKU-1009,WH-004,2024-08-07,559.9,503.9,615.9,moving_average
SKU-1009,WH-004,2024-08-08,559.9,503.9,615.9,moving_average
SKU-1009,WH-004,2024-08-09,559.9,503.9,615.9,moving_average
SKU-1009,WH-004,2024-08-10,559.9,503.9,615.9,moving_average
SKU-1009,WH-004,2024-08-11,559.9,503.9,615.9,moving_average
SKU-1009,WH-004,2024-08-12,559.9,503.9,615.9,moving_average
SKU-1009,WH-004,2024-08-13,559.9,503.9,615.9,moving_average
SKU-1009,WH-004,2024-08-14,559.9,503.9,615.9,moving_average
SKU-1009,WH-004,2024-08-15,559.9,503.9,615.9,moving_average
SKU-1009,WH-004,2024-08-16,559.9,503.9,615.9,moving_average
SKU-1009,WH-004,2024-08-17,559.9,503.9,615.9,moving_average
SKU-1009,WH-004,2024-08-18,559.9,503.9,615.9,moving_average
SKU-1009,WH-004,2024-08-19,559.9,503.9,615.9,moving_average
SKU-1009,WH-004,2024-08-20,559.9,503.9,615.9,moving_average
SKU-1009,WH-004,2024-08-21,559.9,503.9,615.9,moving_average
SKU-1009,WH-004,2024-08-22,559.9,503.9,615.9,moving_average
SKU-1009,WH-004,2024-08-23,559.9,503.9,615.9,moving_average
SKU-1009,WH-004,2024-08-24,559.9,503.9,615.9,moving_average
SKU-1009,WH-004,2024-08-25,559.9,503.9,615.9,moving_average
SKU-1009,WH-004,2024-08-26,559.9,503.9,615.9,moving_average
SKU-1009,WH-004,2024-08-27,559.9,503.9,615.9,moving_average
SKU-1009,WH-004,2024-08-28,559.9,503.9,615.9,moving_average
SKU-1009,WH-004,2024-08-29,559.9,503.9,615.9,moving_average
SKU-1009,WH-004,2024-08-30,559.9,503.9,615.9,moving_average
SKU-1009,WH-004,2024-08-31,559.9,503.9,615.9,moving_average
SKU-1009,WH-004,2024-09-01,559.9,503.9,615.9,moving_average
SKU-1009,WH-004,2024-09-02,559.9,503.9,615.9,moving_average
SKU-1009,WH-004,2024-09-03,559.9,503.9,615.9,moving_average
SKU-1009,WH-004,2024-09-04,559.9,503.9,615.9,moving_average
SKU-1009,WH-004,2024-09-05,559.9,503.9,615.9,moving_average
SKU-1009,WH-004,2024-09-06,559.9,503.9,615.9,moving_average
SKU-1009,WH-004,2024-09-07,559.9,503.9,615.9,moving_average
SKU-1009,WH-004,2024-09-08,559.9,503.9,615.9,moving_average
SKU-1009,WH-004,2024-09-09,559.9,503.9,615.9,moving_average
SKU-1009,WH-004,2024-09-10,559.9,503.9,615.9,moving_average
SKU-1009,WH-004,2024-09-11,559.9,503.9,615.9,moving_average
SKU-1009,WH-004,2024-09-12,559.9,503.9,615.9,moving_average
SKU-1009,WH-004,2024-09-13,559.9,503.9,615.9,moving_average
SKU-1009,WH-004,2024-09-14,559.9,503.9,615.9,moving_average
SKU-1009,WH-004,2024-09-15,559.9,503.9,615.9,moving_average
SKU-1009,WH-004,2024-09-16,559.9,503.9,615.9,moving_average
SKU-1009,WH-004,2024-09-17,559.9,503.9,615.9,moving_average
SKU-1009,WH-004,2024-09-18,559.9,503.9,615.9,moving_average
SKU-1009,WH-004,2024-09-19,559.9,503.9,615.9,moving_average
SKU-1009,WH-004,2024-09-20,559.9,503.9,615.9,moving_average
SKU-1009,WH-004,2024-09-21,559.9,503.9,615.9,moving_average
SKU-1009,WH-004,2024-09-22,559.9,503.9,615.9,moving_average
SKU-1009,WH-004,2024-09-23,559.9,503.9,615.9,moving_average
SKU-1009,WH-004,2024-09-24,559.9,503.9,615.9,moving_average
SKU-1009,WH-004,2024-09-25,559.9,503.9,615.9,moving_average
SKU-1009,WH-004,2024-09-26,559.9,503.9,615.9,moving_average
SKU-1009,WH-005,2024-06-29,352.2,281.8,422.6,xgboost
SKU-1009,WH-005,2024-06-30,488.7,391.0,586.5,xgboost
SKU-1009,WH-005,2024-07-01,489.7,391.8,587.6,xgboost
SKU-1009,WH-005,2024-07-02,473.7,379.0,568.4,xgboost
SKU-1009,WH-005,2024-07-03,460.8,368.7,553.0,xgboost
SKU-1009,WH-005,2024-07-04,498.7,398.9,598.4,xgboost
SKU-1009,WH-005,2024-07-05,483.8,387.0,580.5,xgboost
SKU-1009,WH-005,2024-07-06,531.8,425.4,638.1,xgboost
SKU-1009,WH-005,2024-07-07,454.5,363.6,545.4,xgboost
SKU-1009,WH-005,2024-07-08,560.7,448.5,672.8,xgboost
SKU-1009,WH-005,2024-07-09,494.2,395.3,593.0,xgboost
SKU-1009,WH-005,2024-07-10,568.5,454.8,682.2,xgboost
SKU-1009,WH-005,2024-07-11,444.3,355.5,533.2,xgboost
SKU-1009,WH-005,2024-07-12,518.7,414.9,622.4,xgboost
SKU-1009,WH-005,2024-07-13,505.8,404.6,607.0,xgboost
SKU-1009,WH-005,2024-07-14,491.0,392.8,589.1,xgboost
SKU-1009,WH-005,2024-07-15,556.3,445.1,667.6,xgboost
SKU-1009,WH-005,2024-07-16,513.9,411.1,616.6,xgboost
SKU-1009,WH-005,2024-07-17,472.2,377.7,566.6,xgboost
SKU-1009,WH-005,2024-07-18,461.9,369.5,554.2,xgboost
SKU-1009,WH-005,2024-07-19,492.9,394.3,591.4,xgboost
SKU-1009,WH-005,2024-07-20,459.4,367.5,551.2,xgboost
SKU-1009,WH-005,2024-07-21,531.4,425.1,637.7,xgboost
SKU-1009,WH-005,2024-07-22,538.1,430.5,645.7,xgboost
SKU-1009,WH-005,2024-07-23,506.4,405.1,607.7,xgboost
SKU-1009,WH-005,2024-07-24,473.5,378.8,568.2,xgboost
SKU-1009,WH-005,2024-07-25,503.3,402.6,604.0,xgboost
SKU-1009,WH-005,2024-07-26,533.9,427.1,640.7,xgboost
SKU-1009,WH-005,2024-07-27,590.1,472.1,708.1,xgboost
SKU-1009,WH-005,2024-07-28,494.0,395.2,592.8,xgboost
SKU-1009,WH-005,2024-07-29,462.1,369.7,554.5,xgboost
SKU-1009,WH-005,2024-07-30,469.1,375.3,563.0,xgboost
SKU-1009,WH-005,2024-07-31,491.8,393.4,590.1,xgboost
SKU-1009,WH-005,2024-08-01,492.1,393.7,590.6,xgboost
SKU-1009,WH-005,2024-08-02,516.5,413.2,619.8,xgboost
SKU-1009,WH-005,2024-08-03,488.6,390.8,586.3,xgboost
SKU-1009,WH-005,2024-08-04,486.3,389.1,583.6,xgboost
SKU-1009,WH-005,2024-08-05,515.0,412.0,618.0,xgboost
SKU-1009,WH-005,2024-08-06,461.9,369.5,554.2,xgboost
SKU-1009,WH-005,2024-08-07,471.8,377.5,566.2,xgboost
SKU-1009,WH-005,2024-08-08,463.4,370.7,556.1,xgboost
SKU-1009,WH-005,2024-08-09,509.3,407.4,611.1,xgboost
SKU-1009,WH-005,2024-08-10,448.4,358.7,538.0,xgboost
SKU-1009,WH-005,2024-08-11,451.2,360.9,541.4,xgboost
SKU-1009,WH-005,2024-08-12,471.7,377.4,566.1,xgboost
SKU-1009,WH-005,2024-08-13,420.2,336.1,504.2,xgboost
SKU-1009,WH-005,2024-08-14,497.8,398.2,597.3,xgboost
SKU-1009,WH-005,2024-08-15,488.4,390.7,586.0,xgboost
SKU-1009,WH-005,2024-08-16,522.7,418.1,627.2,xgboost
SKU-1009,WH-005,2024-08-17,468.4,374.7,562.0,xgboost
SKU-1009,WH-005,2024-08-18,549.6,439.7,659.5,xgboost
SKU-1009,WH-005,2024-08-19,530.5,424.4,636.6,xgboost
SKU-1009,WH-005,2024-08-20,523.0,418.4,627.6,xgboost
SKU-1009,WH-005,2024-08-21,558.8,447.0,670.5,xgboost
SKU-1009,WH-005,2024-08-22,535.6,428.5,642.7,xgboost
SKU-1009,WH-005,2024-08-23,527.6,422.1,633.1,xgboost
SKU-1009,WH-005,2024-08-24,469.9,375.9,563.9,xgboost
SKU-1009,WH-005,2024-08-25,458.7,367.0,550.5,xgboost
SKU-1009,WH-005,2024-08-26,502.0,401.6,602.4,xgboost
SKU-1009,WH-005,2024-08-27,519.5,415.6,623.4,xgboost
SKU-1009,WH-005,2024-08-28,528.7,423.0,634.5,xgboost
SKU-1009,WH-005,2024-08-29,474.0,379.2,568.8,xgboost
SKU-1009,WH-005,2024-08-30,458.1,366.5,549.7,xgboost
SKU-1009,WH-005,2024-08-31,436.3,349.0,523.5,xgboost
SKU-1009,WH-005,2024-09-01,526.4,421.1,631.7,xgboost
SKU-1009,WH-005,2024-09-02,548.8,439.1,658.6,xgboost
SKU-1009,WH-005,2024-09-03,516.4,413.1,619.6,xgboost
SKU-1009,WH-005,2024-09-04,485.6,388.5,582.7,xgboost
SKU-1009,WH-005,2024-09-05,488.2,390.5,585.8,xgboost
SKU-1009,WH-005,2024-09-06,478.2,382.6,573.9,xgboost
SKU-1009,WH-005,2024-09-07,456.7,365.3,548.0,xgboost
SKU-1009,WH-005,2024-09-08,515.7,412.6,618.9,xgboost
SKU-1009,WH-005,2024-09-09,547.1,437.7,656.6,xgboost
SKU-1009,WH-005,2024-09-10,493.7,395.0,592.5,xgboost
SKU-1009,WH-005,2024-09-11,446.7,357.3,536.0,xgboost
SKU-1009,WH-005,2024-09-12,458.7,366.9,550.4,xgboost
SKU-1009,WH-005,2024-09-13,465.0,372.0,558.0,xgboost
SKU-1009,WH-005,2024-09-14,460.6,368.4,552.7,xgboost
SKU-1009,WH-005,2024-09-15,516.2,412.9,619.4,xgboost
SKU-1009,WH-005,2024-09-16,464.8,371.8,557.8,xgboost
SKU-1009,WH-005,2024-09-17,467.5,374.0,561.0,xgboost
SKU-1009,WH-005,2024-09-18,484.1,387.2,580.9,xgboost
SKU-1009,WH-005,2024-09-19,482.5,386.0,579.0,xgboost
SKU-1009,WH-005,2024-09-20,527.2,421.7,632.6,xgboost
SKU-1009,WH-005,2024-09-21,538.4,430.8,646.1,xgboost
SKU-1009,WH-005,2024-09-22,578.8,463.0,694.6,xgboost
SKU-1009,WH-005,2024-09-23,573.5,458.8,688.2,xgboost
SKU-1009,WH-005,2024-09-24,535.6,428.5,642.7,xgboost
SKU-1009,WH-005,2024-09-25,505.2,404.1,606.2,xgboost
SKU-1009,WH-005,2024-09-26,486.8,389.4,584.2,xgboost
SKU-1009,WH-006,2024-06-29,525.1,472.6,577.6,moving_average
SKU-1009,WH-006,2024-06-30,525.1,472.6,577.6,moving_average
SKU-1009,WH-006,2024-07-01,525.1,472.6,577.6,moving_average
SKU-1009,WH-006,2024-07-02,525.1,472.6,577.6,moving_average
SKU-1009,WH-006,2024-07-03,525.1,472.6,577.6,moving_average
SKU-1009,WH-006,2024-07-04,525.1,472.6,577.6,moving_average
SKU-1009,WH-006,2024-07-05,525.1,472.6,577.6,moving_average
SKU-1009,WH-006,2024-07-06,525.1,472.6,577.6,moving_average
SKU-1009,WH-006,2024-07-07,525.1,472.6,577.6,moving_average
SKU-1009,WH-006,2024-07-08,525.1,472.6,577.6,moving_average
SKU-1009,WH-006,2024-07-09,525.1,472.6,577.6,moving_average
SKU-1009,WH-006,2024-07-10,525.1,472.6,577.6,moving_average
SKU-1009,WH-006,2024-07-11,525.1,472.6,577.6,moving_average
SKU-1009,WH-006,2024-07-12,525.1,472.6,577.6,moving_average
SKU-1009,WH-006,2024-07-13,525.1,472.6,577.6,moving_average
SKU-1009,WH-006,2024-07-14,525.1,472.6,577.6,moving_average
SKU-1009,WH-006,2024-07-15,525.1,472.6,577.6,moving_average
SKU-1009,WH-006,2024-07-16,525.1,472.6,577.6,moving_average
SKU-1009,WH-006,2024-07-17,525.1,472.6,577.6,moving_average
SKU-1009,WH-006,2024-07-18,525.1,472.6,577.6,moving_average
SKU-1009,WH-006,2024-07-19,525.1,472.6,577.6,moving_average
SKU-1009,WH-006,2024-07-20,525.1,472.6,577.6,moving_average
SKU-1009,WH-006,2024-07-21,525.1,472.6,577.6,moving_average
SKU-1009,WH-006,2024-07-22,525.1,472.6,577.6,moving_average
SKU-1009,WH-006,2024-07-23,525.1,472.6,577.6,moving_average
SKU-1009,WH-006,2024-07-24,525.1,472.6,577.6,moving_average
SKU-1009,WH-006,2024-07-25,525.1,472.6,577.6,moving_average
SKU-1009,WH-006,2024-07-26,525.1,472.6,577.6,moving_average
SKU-1009,WH-006,2024-07-27,525.1,472.6,577.6,moving_average
SKU-1009,WH-006,2024-07-28,525.1,472.6,577.6,moving_average
SKU-1009,WH-006,2024-07-29,525.1,472.6,577.6,moving_average
SKU-1009,WH-006,2024-07-30,525.1,472.6,577.6,moving_average
SKU-1009,WH-006,2024-07-31,525.1,472.6,577.6,moving_average
SKU-1009,WH-006,2024-08-01,525.1,472.6,577.6,moving_average
SKU-1009,WH-006,2024-08-02,525.1,472.6,577.6,moving_average
SKU-1009,WH-006,2024-08-03,525.1,472.6,577.6,moving_average
SKU-1009,WH-006,2024-08-04,525.1,472.6,577.6,moving_average
SKU-1009,WH-006,2024-08-05,525.1,472.6,577.6,moving_average
SKU-1009,WH-006,2024-08-06,525.1,472.6,577.6,moving_average
SKU-1009,WH-006,2024-08-07,525.1,472.6,577.6,moving_average
SKU-1009,WH-006,2024-08-08,525.1,472.6,577.6,moving_average
SKU-1009,WH-006,2024-08-09,525.1,472.6,577.6,moving_average
SKU-1009,WH-006,2024-08-10,525.1,472.6,577.6,moving_average
SKU-1009,WH-006,2024-08-11,525.1,472.6,577.6,moving_average
SKU-1009,WH-006,2024-08-12,525.1,472.6,577.6,moving_average
SKU-1009,WH-006,2024-08-13,525.1,472.6,577.6,moving_average
SKU-1009,WH-006,2024-08-14,525.1,472.6,577.6,moving_average
SKU-1009,WH-006,2024-08-15,525.1,472.6,577.6,moving_average
SKU-1009,WH-006,2024-08-16,525.1,472.6,577.6,moving_average
SKU-1009,WH-006,2024-08-17,525.1,472.6,577.6,moving_average
SKU-1009,WH-006,2024-08-18,525.1,472.6,577.6,moving_average
SKU-1009,WH-006,2024-08-19,525.1,472.6,577.6,moving_average
SKU-1009,WH-006,2024-08-20,525.1,472.6,577.6,moving_average
SKU-1009,WH-006,2024-08-21,525.1,472.6,577.6,moving_average
SKU-1009,WH-006,2024-08-22,525.1,472.6,577.6,moving_average
SKU-1009,WH-006,2024-08-23,525.1,472.6,577.6,moving_average
SKU-1009,WH-006,2024-08-24,525.1,472.6,577.6,moving_average
SKU-1009,WH-006,2024-08-25,525.1,472.6,577.6,moving_average
SKU-1009,WH-006,2024-08-26,525.1,472.6,577.6,moving_average
SKU-1009,WH-006,2024-08-27,525.1,472.6,577.6,moving_average
SKU-1009,WH-006,2024-08-28,525.1,472.6,577.6,moving_average
SKU-1009,WH-006,2024-08-29,525.1,472.6,577.6,moving_average
SKU-1009,WH-006,2024-08-30,525.1,472.6,577.6,moving_average
SKU-1009,WH-006,2024-08-31,525.1,472.6,577.6,moving_average
SKU-1009,WH-006,2024-09-01,525.1,472.6,577.6,moving_average
SKU-1009,WH-006,2024-09-02,525.1,472.6,577.6,moving_average
SKU-1009,WH-006,2024-09-03,525.1,472.6,577.6,moving_average
SKU-1009,WH-006,2024-09-04,525.1,472.6,577.6,moving_average
SKU-1009,WH-006,2024-09-05,525.1,472.6,577.6,moving_average
SKU-1009,WH-006,2024-09-06,525.1,472.6,577.6,moving_average
SKU-1009,WH-006,2024-09-07,525.1,472.6,577.6,moving_average
SKU-1009,WH-006,2024-09-08,525.1,472.6,577.6,moving_average
SKU-1009,WH-006,2024-09-09,525.1,472.6,577.6,moving_average
SKU-1009,WH-006,2024-09-10,525.1,472.6,577.6,moving_average
SKU-1009,WH-006,2024-09-11,525.1,472.6,577.6,moving_average
SKU-1009,WH-006,2024-09-12,525.1,472.6,577.6,moving_average
SKU-1009,WH-006,2024-09-13,525.1,472.6,577.6,moving_average
SKU-1009,WH-006,2024-09-14,525.1,472.6,577.6,moving_average
SKU-1009,WH-006,2024-09-15,525.1,472.6,577.6,moving_average
SKU-1009,WH-006,2024-09-16,525.1,472.6,577.6,moving_average
SKU-1009,WH-006,2024-09-17,525.1,472.6,577.6,moving_average
SKU-1009,WH-006,2024-09-18,525.1,472.6,577.6,moving_average
SKU-1009,WH-006,2024-09-19,525.1,472.6,577.6,moving_average
SKU-1009,WH-006,2024-09-20,525.1,472.6,577.6,moving_average
SKU-1009,WH-006,2024-09-21,525.1,472.6,577.6,moving_average
SKU-1009,WH-006,2024-09-22,525.1,472.6,577.6,moving_average
SKU-1009,WH-006,2024-09-23,525.1,472.6,577.6,moving_average
SKU-1009,WH-006,2024-09-24,525.1,472.6,577.6,moving_average
SKU-1009,WH-006,2024-09-25,525.1,472.6,577.6,moving_average
SKU-1009,WH-006,2024-09-26,525.1,472.6,577.6,moving_average
SKU-1009,WH-007,2024-06-29,503.2,452.9,553.6,moving_average
SKU-1009,WH-007,2024-06-30,503.2,452.9,553.6,moving_average
SKU-1009,WH-007,2024-07-01,503.2,452.9,553.6,moving_average
SKU-1009,WH-007,2024-07-02,503.2,452.9,553.6,moving_average
SKU-1009,WH-007,2024-07-03,503.2,452.9,553.6,moving_average
SKU-1009,WH-007,2024-07-04,503.2,452.9,553.6,moving_average
SKU-1009,WH-007,2024-07-05,503.2,452.9,553.6,moving_average
SKU-1009,WH-007,2024-07-06,503.2,452.9,553.6,moving_average
SKU-1009,WH-007,2024-07-07,503.2,452.9,553.6,moving_average
SKU-1009,WH-007,2024-07-08,503.2,452.9,553.6,moving_average
SKU-1009,WH-007,2024-07-09,503.2,452.9,553.6,moving_average
SKU-1009,WH-007,2024-07-10,503.2,452.9,553.6,moving_average
SKU-1009,WH-007,2024-07-11,503.2,452.9,553.6,moving_average
SKU-1009,WH-007,2024-07-12,503.2,452.9,553.6,moving_average
SKU-1009,WH-007,2024-07-13,503.2,452.9,553.6,moving_average
SKU-1009,WH-007,2024-07-14,503.2,452.9,553.6,moving_average
SKU-1009,WH-007,2024-07-15,503.2,452.9,553.6,moving_average
SKU-1009,WH-007,2024-07-16,503.2,452.9,553.6,moving_average
SKU-1009,WH-007,2024-07-17,503.2,452.9,553.6,moving_average
SKU-1009,WH-007,2024-07-18,503.2,452.9,553.6,moving_average
SKU-1009,WH-007,2024-07-19,503.2,452.9,553.6,moving_average
SKU-1009,WH-007,2024-07-20,503.2,452.9,553.6,moving_average
SKU-1009,WH-007,2024-07-21,503.2,452.9,553.6,moving_average
SKU-1009,WH-007,2024-07-22,503.2,452.9,553.6,moving_average
SKU-1009,WH-007,2024-07-23,503.2,452.9,553.6,moving_average
SKU-1009,WH-007,2024-07-24,503.2,452.9,553.6,moving_average
SKU-1009,WH-007,2024-07-25,503.2,452.9,553.6,moving_average
SKU-1009,WH-007,2024-07-26,503.2,452.9,553.6,moving_average
SKU-1009,WH-007,2024-07-27,503.2,452.9,553.6,moving_average
SKU-1009,WH-007,2024-07-28,503.2,452.9,553.6,moving_average
SKU-1009,WH-007,2024-07-29,503.2,452.9,553.6,moving_average
SKU-1009,WH-007,2024-07-30,503.2,452.9,553.6,moving_average
SKU-1009,WH-007,2024-07-31,503.2,452.9,553.6,moving_average
SKU-1009,WH-007,2024-08-01,503.2,452.9,553.6,moving_average
SKU-1009,WH-007,2024-08-02,503.2,452.9,553.6,moving_average
SKU-1009,WH-007,2024-08-03,503.2,452.9,553.6,moving_average
SKU-1009,WH-007,2024-08-04,503.2,452.9,553.6,moving_average
SKU-1009,WH-007,2024-08-05,503.2,452.9,553.6,moving_average
SKU-1009,WH-007,2024-08-06,503.2,452.9,553.6,moving_average
SKU-1009,WH-007,2024-08-07,503.2,452.9,553.6,moving_average
SKU-1009,WH-007,2024-08-08,503.2,452.9,553.6,moving_average
SKU-1009,WH-007,2024-08-09,503.2,452.9,553.6,moving_average
SKU-1009,WH-007,2024-08-10,503.2,452.9,553.6,moving_average
SKU-1009,WH-007,2024-08-11,503.2,452.9,553.6,moving_average
SKU-1009,WH-007,2024-08-12,503.2,452.9,553.6,moving_average
SKU-1009,WH-007,2024-08-13,503.2,452.9,553.6,moving_average
SKU-1009,WH-007,2024-08-14,503.2,452.9,553.6,moving_average
SKU-1009,WH-007,2024-08-15,503.2,452.9,553.6,moving_average
SKU-1009,WH-007,2024-08-16,503.2,452.9,553.6,moving_average
SKU-1009,WH-007,2024-08-17,503.2,452.9,553.6,moving_average
SKU-1009,WH-007,2024-08-18,503.2,452.9,553.6,moving_average
SKU-1009,WH-007,2024-08-19,503.2,452.9,553.6,moving_average
SKU-1009,WH-007,2024-08-20,503.2,452.9,553.6,moving_average
SKU-1009,WH-007,2024-08-21,503.2,452.9,553.6,moving_average
SKU-1009,WH-007,2024-08-22,503.2,452.9,553.6,moving_average
SKU-1009,WH-007,2024-08-23,503.2,452.9,553.6,moving_average
SKU-1009,WH-007,2024-08-24,503.2,452.9,553.6,moving_average
SKU-1009,WH-007,2024-08-25,503.2,452.9,553.6,moving_average
SKU-1009,WH-007,2024-08-26,503.2,452.9,553.6,moving_average
SKU-1009,WH-007,2024-08-27,503.2,452.9,553.6,moving_average
SKU-1009,WH-007,2024-08-28,503.2,452.9,553.6,moving_average
SKU-1009,WH-007,2024-08-29,503.2,452.9,553.6,moving_average
SKU-1009,WH-007,2024-08-30,503.2,452.9,553.6,moving_average
SKU-1009,WH-007,2024-08-31,503.2,452.9,553.6,moving_average
SKU-1009,WH-007,2024-09-01,503.2,452.9,553.6,moving_average
SKU-1009,WH-007,2024-09-02,503.2,452.9,553.6,moving_average
SKU-1009,WH-007,2024-09-03,503.2,452.9,553.6,moving_average
SKU-1009,WH-007,2024-09-04,503.2,452.9,553.6,moving_average
SKU-1009,WH-007,2024-09-05,503.2,452.9,553.6,moving_average
SKU-1009,WH-007,2024-09-06,503.2,452.9,553.6,moving_average
SKU-1009,WH-007,2024-09-07,503.2,452.9,553.6,moving_average
SKU-1009,WH-007,2024-09-08,503.2,452.9,553.6,moving_average
SKU-1009,WH-007,2024-09-09,503.2,452.9,553.6,moving_average
SKU-1009,WH-007,2024-09-10,503.2,452.9,553.6,moving_average
SKU-1009,WH-007,2024-09-11,503.2,452.9,553.6,moving_average
SKU-1009,WH-007,2024-09-12,503.2,452.9,553.6,moving_average
SKU-1009,WH-007,2024-09-13,503.2,452.9,553.6,moving_average
SKU-1009,WH-007,2024-09-14,503.2,452.9,553.6,moving_average
SKU-1009,WH-007,2024-09-15,503.2,452.9,553.6,moving_average
SKU-1009,WH-007,2024-09-16,503.2,452.9,553.6,moving_average
SKU-1009,WH-007,2024-09-17,503.2,452.9,553.6,moving_average
SKU-1009,WH-007,2024-09-18,503.2,452.9,553.6,moving_average
SKU-1009,WH-007,2024-09-19,503.2,452.9,553.6,moving_average
SKU-1009,WH-007,2024-09-20,503.2,452.9,553.6,moving_average
SKU-1009,WH-007,2024-09-21,503.2,452.9,553.6,moving_average
SKU-1009,WH-007,2024-09-22,503.2,452.9,553.6,moving_average
SKU-1009,WH-007,2024-09-23,503.2,452.9,553.6,moving_average
SKU-1009,WH-007,2024-09-24,503.2,452.9,553.6,moving_average
SKU-1009,WH-007,2024-09-25,503.2,452.9,553.6,moving_average
SKU-1009,WH-007,2024-09-26,503.2,452.9,553.6,moving_average
SKU-1010,WH-001,2024-06-29,341.9,307.7,376.1,moving_average
SKU-1010,WH-001,2024-06-30,341.9,307.7,376.1,moving_average
SKU-1010,WH-001,2024-07-01,341.9,307.7,376.1,moving_average
SKU-1010,WH-001,2024-07-02,341.9,307.7,376.1,moving_average
SKU-1010,WH-001,2024-07-03,341.9,307.7,376.1,moving_average
SKU-1010,WH-001,2024-07-04,341.9,307.7,376.1,moving_average
SKU-1010,WH-001,2024-07-05,341.9,307.7,376.1,moving_average
SKU-1010,WH-001,2024-07-06,341.9,307.7,376.1,moving_average
SKU-1010,WH-001,2024-07-07,341.9,307.7,376.1,moving_average
SKU-1010,WH-001,2024-07-08,341.9,307.7,376.1,moving_average
SKU-1010,WH-001,2024-07-09,341.9,307.7,376.1,moving_average
SKU-1010,WH-001,2024-07-10,341.9,307.7,376.1,moving_average
SKU-1010,WH-001,2024-07-11,341.9,307.7,376.1,moving_average
SKU-1010,WH-001,2024-07-12,341.9,307.7,376.1,moving_average
SKU-1010,WH-001,2024-07-13,341.9,307.7,376.1,moving_average
SKU-1010,WH-001,2024-07-14,341.9,307.7,376.1,moving_average
SKU-1010,WH-001,2024-07-15,341.9,307.7,376.1,moving_average
SKU-1010,WH-001,2024-07-16,341.9,307.7,376.1,moving_average
SKU-1010,WH-001,2024-07-17,341.9,307.7,376.1,moving_average
SKU-1010,WH-001,2024-07-18,341.9,307.7,376.1,moving_average
SKU-1010,WH-001,2024-07-19,341.9,307.7,376.1,moving_average
SKU-1010,WH-001,2024-07-20,341.9,307.7,376.1,moving_average
SKU-1010,WH-001,2024-07-21,341.9,307.7,376.1,moving_average
SKU-1010,WH-001,2024-07-22,341.9,307.7,376.1,moving_average
SKU-1010,WH-001,2024-07-23,341.9,307.7,376.1,moving_average
SKU-1010,WH-001,2024-07-24,341.9,307.7,376.1,moving_average
SKU-1010,WH-001,2024-07-25,341.9,307.7,376.1,moving_average
SKU-1010,WH-001,2024-07-26,341.9,307.7,376.1,moving_average
SKU-1010,WH-001,2024-07-27,341.9,307.7,376.1,moving_average
SKU-1010,WH-001,2024-07-28,341.9,307.7,376.1,moving_average
SKU-1010,WH-001,2024-07-29,341.9,307.7,376.1,moving_average
SKU-1010,WH-001,2024-07-30,341.9,307.7,376.1,moving_average
SKU-1010,WH-001,2024-07-31,341.9,307.7,376.1,moving_average
SKU-1010,WH-001,2024-08-01,341.9,307.7,376.1,moving_average
SKU-1010,WH-001,2024-08-02,341.9,307.7,376.1,moving_average
SKU-1010,WH-001,2024-08-03,341.9,307.7,376.1,moving_average
SKU-1010,WH-001,2024-08-04,341.9,307.7,376.1,moving_average
SKU-1010,WH-001,2024-08-05,341.9,307.7,376.1,moving_average
SKU-1010,WH-001,2024-08-06,341.9,307.7,376.1,moving_average
SKU-1010,WH-001,2024-08-07,341.9,307.7,376.1,moving_average
SKU-1010,WH-001,2024-08-08,341.9,307.7,376.1,moving_average
SKU-1010,WH-001,2024-08-09,341.9,307.7,376.1,moving_average
SKU-1010,WH-001,2024-08-10,341.9,307.7,376.1,moving_average
SKU-1010,WH-001,2024-08-11,341.9,307.7,376.1,moving_average
SKU-1010,WH-001,2024-08-12,341.9,307.7,376.1,moving_average
SKU-1010,WH-001,2024-08-13,341.9,307.7,376.1,moving_average
SKU-1010,WH-001,2024-08-14,341.9,307.7,376.1,moving_average
SKU-1010,WH-001,2024-08-15,341.9,307.7,376.1,moving_average
SKU-1010,WH-001,2024-08-16,341.9,307.7,376.1,moving_average
SKU-1010,WH-001,2024-08-17,341.9,307.7,376.1,moving_average
SKU-1010,WH-001,2024-08-18,341.9,307.7,376.1,moving_average
SKU-1010,WH-001,2024-08-19,341.9,307.7,376.1,moving_average
SKU-1010,WH-001,2024-08-20,341.9,307.7,376.1,moving_average
SKU-1010,WH-001,2024-08-21,341.9,307.7,376.1,moving_average
SKU-1010,WH-001,2024-08-22,341.9,307.7,376.1,moving_average
SKU-1010,WH-001,2024-08-23,341.9,307.7,376.1,moving_average
SKU-1010,WH-001,2024-08-24,341.9,307.7,376.1,moving_average
SKU-1010,WH-001,2024-08-25,341.9,307.7,376.1,moving_average
SKU-1010,WH-001,2024-08-26,341.9,307.7,376.1,moving_average
SKU-1010,WH-001,2024-08-27,341.9,307.7,376.1,moving_average
SKU-1010,WH-001,2024-08-28,341.9,307.7,376.1,moving_average
SKU-1010,WH-001,2024-08-29,341.9,307.7,376.1,moving_average
SKU-1010,WH-001,2024-08-30,341.9,307.7,376.1,moving_average
SKU-1010,WH-001,2024-08-31,341.9,307.7,376.1,moving_average
SKU-1010,WH-001,2024-09-01,341.9,307.7,376.1,moving_average
SKU-1010,WH-001,2024-09-02,341.9,307.7,376.1,moving_average
SKU-1010,WH-001,2024-09-03,341.9,307.7,376.1,moving_average
SKU-1010,WH-001,2024-09-04,341.9,307.7,376.1,moving_average
SKU-1010,WH-001,2024-09-05,341.9,307.7,376.1,moving_average
SKU-1010,WH-001,2024-09-06,341.9,307.7,376.1,moving_average
SKU-1010,WH-001,2024-09-07,341.9,307.7,376.1,moving_average
SKU-1010,WH-001,2024-09-08,341.9,307.7,376.1,moving_average
SKU-1010,WH-001,2024-09-09,341.9,307.7,376.1,moving_average
SKU-1010,WH-001,2024-09-10,341.9,307.7,376.1,moving_average
SKU-1010,WH-001,2024-09-11,341.9,307.7,376.1,moving_average
SKU-1010,WH-001,2024-09-12,341.9,307.7,376.1,moving_average
SKU-1010,WH-001,2024-09-13,341.9,307.7,376.1,moving_average
SKU-1010,WH-001,2024-09-14,341.9,307.7,376.1,moving_average
SKU-1010,WH-001,2024-09-15,341.9,307.7,376.1,moving_average
SKU-1010,WH-001,2024-09-16,341.9,307.7,376.1,moving_average
SKU-1010,WH-001,2024-09-17,341.9,307.7,376.1,moving_average
SKU-1010,WH-001,2024-09-18,341.9,307.7,376.1,moving_average
SKU-1010,WH-001,2024-09-19,341.9,307.7,376.1,moving_average
SKU-1010,WH-001,2024-09-20,341.9,307.7,376.1,moving_average
SKU-1010,WH-001,2024-09-21,341.9,307.7,376.1,moving_average
SKU-1010,WH-001,2024-09-22,341.9,307.7,376.1,moving_average
SKU-1010,WH-001,2024-09-23,341.9,307.7,376.1,moving_average
SKU-1010,WH-001,2024-09-24,341.9,307.7,376.1,moving_average
SKU-1010,WH-001,2024-09-25,341.9,307.7,376.1,moving_average
SKU-1010,WH-001,2024-09-26,341.9,307.7,376.1,moving_average
SKU-1010,WH-002,2024-06-29,314.9,267.7,362.2,exponential_smoothing
SKU-1010,WH-002,2024-06-30,278.8,237.0,320.6,exponential_smoothing
SKU-1010,WH-002,2024-07-01,415.6,353.3,478.0,exponential_smoothing
SKU-1010,WH-002,2024-07-02,401.1,341.0,461.3,exponential_smoothing
SKU-1010,WH-002,2024-07-03,349.1,296.7,401.4,exponential_smoothing
SKU-1010,WH-002,2024-07-04,328.0,278.8,377.2,exponential_smoothing
SKU-1010,WH-002,2024-07-05,324.7,276.0,373.4,exponential_smoothing
SKU-1010,WH-002,2024-07-06,310.2,263.7,356.7,exponential_smoothing
SKU-1010,WH-002,2024-07-07,274.1,233.0,315.2,exponential_smoothing
SKU-1010,WH-002,2024-07-08,410.9,349.3,472.6,exponential_smoothing
SKU-1010,WH-002,2024-07-09,396.4,337.0,455.9,exponential_smoothing
SKU-1010,WH-002,2024-07-10,344.4,292.7,396.0,exponential_smoothing
SKU-1010,WH-002,2024-07-11,323.3,274.8,371.8,exponential_smoothing
SKU-1010,WH-002,2024-07-12,320.0,272.0,368.0,exponential_smoothing
SKU-1010,WH-002,2024-07-13,305.5,259.7,351.3,exponential_smoothing
SKU-1010,WH-002,2024-07-14,269.4,229.0,309.8,exponential_smoothing
SKU-1010,WH-002,2024-07-15,406.2,345.3,467.2,exponential_smoothing
SKU-1010,WH-002,2024-07-16,391.7,333.0,450.5,exponential_smoothing
SKU-1010,WH-002,2024-07-17,339.6,288.7,390.6,exponential_smoothing
SKU-1010,WH-002,2024-07-18,318.6,270.8,366.3,exponential_smoothing
SKU-1010,WH-002,2024-07-19,315.3,268.0,362.5,exponential_smoothing
SKU-1010,WH-002,2024-07-20,300.8,255.7,345.9,exponential_smoothing
SKU-1010,WH-002,2024-07-21,264.7,225.0,304.4,exponential_smoothing
SKU-1010,WH-002,2024-07-22,401.5,341.3,461.7,exponential_smoothing
SKU-1010,WH-002,2024-07-23,387.0,329.0,445.1,exponential_smoothing
SKU-1010,WH-002,2024-07-24,334.9,284.7,385.2,exponential_smoothing
SKU-1010,WH-002,2024-07-25,313.8,266.8,360.9,exponential_smoothing
SKU-1010,WH-002,2024-07-26,310.5,264.0,357.1,exponential_smoothing
SKU-1010,WH-002,2024-07-27,296.1,251.7,340.5,exponential_smoothing
SKU-1010,WH-002,2024-07-28,260.0,221.0,299.0,exponential_smoothing
SKU-1010,WH-002,2024-07-29,396.8,337.3,456.3,exponential_smoothing
SKU-1010,WH-002,2024-07-30,382.3,325.0,439.7,exponential_smoothing
SKU-1010,WH-002,2024-07-31,330.2,280.7,379.8,exponential_smoothing
SKU-1010,WH-002,2024-08-01,309.1,262.8,355.5,exponential_smoothing
SKU-1010,WH-002,2024-08-02,305.8,260.0,351.7,exponential_smoothing
SKU-1010,WH-002,2024-08-03,291.4,247.7,335.1,exponential_smoothing
SKU-1010,WH-002,2024-08-04,255.3,217.0,293.5,exponential_smoothing
SKU-1010,WH-002,2024-08-05,392.1,333.3,450.9,exponential_smoothing
SKU-1010,WH-002,2024-08-06,377.6,321.0,434.2,exponential_smoothing
SKU-1010,WH-002,2024-08-07,325.5,276.7,374.3,exponential_smoothing
SKU-1010,WH-002,2024-08-08,304.4,258.8,350.1,exponential_smoothing
SKU-1010,WH-002,2024-08-09,301.1,256.0,346.3,exponential_smoothing
SKU-1010,WH-002,2024-08-10,286.7,243.7,329.7,exponential_smoothing
SKU-1010,WH-002,2024-08-11,250.5,213.0,288.1,exponential_smoothing
SKU-1010,WH-002,2024-08-12,387.4,329.3,445.5,exponential_smoothing
SKU-1010,WH-002,2024-08-13,372.9,317.0,428.8,exponential_smoothing
SKU-1010,WH-002,2024-08-14,320.8,272.7,368.9,exponential_smoothing
SKU-1010,WH-002,2024-08-15,299.7,254.8,344.7,exponential_smoothing
SKU-1010,WH-002,2024-08-16,296.4,252.0,340.9,exponential_smoothing
SKU-1010,WH-002,2024-08-17,281.9,239.7,324.2,exponential_smoothing
SKU-1010,WH-002,2024-08-18,245.8,209.0,282.7,exponential_smoothing
SKU-1010,WH-002,2024-08-19,382.7,325.3,440.1,exponential_smoothing
SKU-1010,WH-002,2024-08-20,368.2,312.9,423.4,exponential_smoothing
SKU-1010,WH-002,2024-08-21,316.1,268.7,363.5,exponential_smoothing
SKU-1010,WH-002,2024-08-22,295.0,250.8,339.3,exponential_smoothing
SKU-1010,WH-002,2024-08-23,291.7,247.9,335.5,exponential_smoothing
SKU-1010,WH-002,2024-08-24,277.2,235.7,318.8,exponential_smoothing
SKU-1010,WH-002,2024-08-25,241.1,205.0,277.3,exponential_smoothing
SKU-1010,WH-002,2024-08-26,378.0,321.3,434.6,exponential_smoothing
SKU-1010,WH-002,2024-08-27,363.5,308.9,418.0,exponential_smoothing
SKU-1010,WH-002,2024-08-28,311.4,264.7,358.1,exponential_smoothing
SKU-1010,WH-002,2024-08-29,290.3,246.8,333.8,exponential_smoothing
SKU-1010,WH-002,2024-08-30,287.0,243.9,330.0,exponential_smoothing
SKU-1010,WH-002,2024-08-31,272.5,231.6,313.4,exponential_smoothing
SKU-1010,WH-002,2024-09-01,236.4,200.9,271.9,exponential_smoothing
SKU-1010,WH-002,2024-09-02,373.2,317.3,429.2,exponential_smoothing
SKU-1010,WH-002,2024-09-03,358.8,304.9,412.6,exponential_smoothing
SKU-1010,WH-002,2024-09-04,306.7,260.7,352.7,exponential_smoothing
SKU-1010,WH-002,2024-09-05,285.6,242.7,328.4,exponential_smoothing
SKU-1010,WH-002,2024-09-06,282.3,239.9,324.6,exponential_smoothing
SKU-1010,WH-002,2024-09-07,267.8,227.6,308.0,exponential_smoothing
SKU-1010,WH-002,2024-09-08,231.7,196.9,266.5,exponential_smoothing
SKU-1010,WH-002,2024-09-09,368.5,313.3,423.8,exponential_smoothing
SKU-1010,WH-002,2024-09-10,354.0,300.9,407.1,exponential_smoothing
SKU-1010,WH-002,2024-09-11,302.0,256.7,347.3,exponential_smoothing
SKU-1010,WH-002,2024-09-12,280.9,238.7,323.0,exponential_smoothing
SKU-1010,WH-002,2024-09-13,277.6,235.9,319.2,exponential_smoothing
SKU-1010,WH-002,2024-09-14,263.1,223.6,302.6,exponential_smoothing
SKU-1010,WH-002,2024-09-15,227.0,192.9,261.0,exponential_smoothing
SKU-1010,WH-002,2024-09-16,363.8,309.3,418.4,exponential_smoothing
SKU-1010,WH-002,2024-09-17,349.3,296.9,401.7,exponential_smoothing
SKU-1010,WH-002,2024-09-18,297.2,252.7,341.8,exponential_smoothing
SKU-1010,WH-002,2024-09-19,276.2,234.7,317.6,exponential_smoothing
SKU-1010,WH-002,2024-09-20,272.9,231.9,313.8,exponential_smoothing
SKU-1010,WH-002,2024-09-21,258.4,219.6,297.2,exponential_smoothing
SKU-1010,WH-002,2024-09-22,222.3,188.9,255.6,exponential_smoothing
SKU-1010,WH-002,2024-09-23,359.1,305.2,413.0,exponential_smoothing
SKU-1010,WH-002,2024-09-24,344.6,292.9,396.3,exponential_smoothing
SKU-1010,WH-002,2024-09-25,292.5,248.7,336.4,exponential_smoothing
SKU-1010,WH-002,2024-09-26,271.5,230.7,312.2,exponential_smoothing
SKU-1010,WH-003,2024-06-29,290.8,247.2,334.4,exponential_smoothing
SKU-1010,WH-003,2024-06-30,275.8,234.5,317.2,exponential_smoothing
SKU-1010,WH-003,2024-07-01,383.6,326.1,441.2,exponential_smoothing
SKU-1010,WH-003,2024-07-02,350.8,298.2,403.4,exponential_smoothing
SKU-1010,WH-003,2024-07-03,332.3,282.4,382.1,exponential_smoothing
SKU-1010,WH-003,2024-07-04,309.9,263.4,356.3,exponential_smoothing
SKU-1010,WH-003,2024-07-05,313.7,266.6,360.7,exponential_smoothing
SKU-1010,WH-003,2024-07-06,285.6,242.7,328.4,exponential_smoothing
SKU-1010,WH-003,2024-07-07,270.6,230.0,311.2,exponential_smoothing
SKU-1010,WH-003,2024-07-08,378.4,321.6,435.2,exponential_smoothing
SKU-1010,WH-003,2024-07-09,345.6,293.7,397.4,exponential_smoothing
SKU-1010,WH-003,2024-07-10,327.0,278.0,376.1,exponential_smoothing
SKU-1010,WH-003,2024-07-11,304.7,259.0,350.4,exponential_smoothing
SKU-1010,WH-003,2024-07-12,308.5,262.2,354.7,exponential_smoothing
SKU-1010,WH-003,2024-07-13,280.4,238.3,322.4,exponential_smoothing
SKU-1010,WH-003,2024-07-14,265.4,225.6,305.2,exponential_smoothing
SKU-1010,WH-003,2024-07-15,373.2,317.2,429.2,exponential_smoothing
SKU-1010,WH-003,2024-07-16,340.4,289.3,391.4,exponential_smoothing
SKU-1010,WH-003,2024-07-17,321.8,273.6,370.1,exponential_smoothing
SKU-1010,WH-003,2024-07-18,299.4,254.5,344.4,exponential_smoothing
SKU-1010,WH-003,2024-07-19,303.3,257.8,348.7,exponential_smoothing
SKU-1010,WH-003,2024-07-20,275.2,233.9,316.4,exponential_smoothing
SKU-1010,WH-003,2024-07-21,260.2,221.2,299.2,exponential_smoothing
SKU-1010,WH-003,2024-07-22,368.0,312.8,423.2,exponential_smoothing
SKU-1010,WH-003,2024-07-23,335.1,284.9,385.4,exponential_smoothing
SKU-1010,WH-003,2024-07-24,316.6,269.1,364.1,exponential_smoothing
SKU-1010,WH-003,2024-07-25,294.2,250.1,338.4,exponential_smoothing
SKU-1010,WH-003,2024-07-26,298.0,253.3,342.7,exponential_smoothing
SKU-1010,WH-003,2024-07-27,269.9,229.5,310.4,exponential_smoothing
SKU-1010,WH-003,2024-07-28,255.0,216.7,293.2,exponential_smoothing
SKU-1010,WH-003,2024-07-29,362.8,308.3,417.2,exponential_smoothing
SKU-1010,WH-003,2024-07-30,329.9,280.4,379.4,exponential_smoothing
SKU-1010,WH-003,2024-07-31,311.4,264.7,358.1,exponential_smoothing
SKU-1010,WH-003,2024-08-01,289.0,245.7,332.4,exponential_smoothing
SKU-1010,WH-003,2024-08-02,292.8,248.9,336.8,exponential_smoothing
SKU-1010,WH-003,2024-08-03,264.7,225.0,304.4,exponential_smoothing
SKU-1010,WH-003,2024-08-04,249.8,212.3,287.3,exponential_smoothing
SKU-1010,WH-003,2024-08-05,357.6,303.9,411.2,exponential_smoothing
SKU-1010,WH-003,2024-08-06,324.7,276.0,373.4,exponential_smoothing
SKU-1010,WH-003,2024-08-07,306.2,260.3,352.1,exponential_smoothing
SKU-1010,WH-003,2024-08-08,283.8,241.2,326.4,exponential_smoothing
SKU-1010,WH-003,2024-08-09,287.6,244.5,330.8,exponential_smoothing
SKU-1010,WH-003,2024-08-10,259.5,220.6,298.5,exponential_smoothing
SKU-1010,WH-003,2024-08-11,244.6,207.9,281.3,exponential_smoothing
SKU-1010,WH-003,2024-08-12,352.3,299.5,405.2,exponential_smoothing
SKU-1010,WH-003,2024-08-13,319.5,271.6,367.4,exponential_smoothing
SKU-1010,WH-003,2024-08-14,301.0,255.8,346.1,exponential_smoothing
SKU-1010,WH-003,2024-08-15,278.6,236.8,320.4,exponential_smoothing
SKU-1010,WH-003,2024-08-16,282.4,240.0,324.8,exponential_smoothing
SKU-1010,WH-003,2024-08-17,254.3,216.2,292.5,exponential_smoothing
SKU-1010,WH-003,2024-08-18,239.4,203.5,275.3,exponential_smoothing
SKU-1010,WH-003,2024-08-19,347.1,295.1,399.2,exponential_smoothing
SKU-1010,WH-003,2024-08-20,314.3,267.2,361.4,exponential_smoothing
SKU-1010,WH-003,2024-08-21,295.8,251.4,340.1,exponential_smoothing
SKU-1010,WH-003,2024-08-22,273.4,232.4,314.4,exponential_smoothing
SKU-1010,WH-003,2024-08-23,277.2,235.6,318.8,exponential_smoothing
SKU-1010,WH-003,2024-08-24,249.1,211.7,286.5,exponential_smoothing
SKU-1010,WH-003,2024-08-25,234.2,199.0,269.3,exponential_smoothing
SKU-1010,WH-003,2024-08-26,341.9,290.6,393.2,exponential_smoothing
SKU-1010,WH-003,2024-08-27,309.1,262.7,355.4,exponential_smoothing
SKU-1010,WH-003,2024-08-28,290.6,247.0,334.1,exponential_smoothing
SKU-1010,WH-003,2024-08-29,268.2,227.9,308.4,exponential_smoothing
SKU-1010,WH-003,2024-08-30,272.0,231.2,312.8,exponential_smoothing
SKU-1010,WH-003,2024-08-31,243.9,207.3,280.5,exponential_smoothing
SKU-1010,WH-003,2024-09-01,228.9,194.6,263.3,exponential_smoothing
SKU-1010,WH-003,2024-09-02,336.7,286.2,387.2,exponential_smoothing
SKU-1010,WH-003,2024-09-03,303.9,258.3,349.5,exponential_smoothing
SKU-1010,WH-003,2024-09-04,285.3,242.5,328.1,exponential_smoothing
SKU-1010,WH-003,2024-09-05,263.0,223.5,302.4,exponential_smoothing
SKU-1010,WH-003,2024-09-06,266.8,226.8,306.8,exponential_smoothing
SKU-1010,WH-003,2024-09-07,238.7,202.9,274.5,exponential_smoothing
SKU-1010,WH-003,2024-09-08,223.7,190.2,257.3,exponential_smoothing
SKU-1010,WH-003,2024-09-09,331.5,281.8,381.2,exponential_smoothing
SKU-1010,WH-003,2024-09-10,298.7,253.9,343.5,exponential_smoothing
SKU-1010,WH-003,2024-09-11,280.1,238.1,322.2,exponential_smoothing
SKU-1010,WH-003,2024-09-12,257.8,219.1,296.4,exponential_smoothing
SKU-1010,WH-003,2024-09-13,261.6,222.3,300.8,exponential_smoothing
SKU-1010,WH-003,2024-09-14,233.5,198.4,268.5,exponential_smoothing
SKU-1010,WH-003,2024-09-15,218.5,185.7,251.3,exponential_smoothing
SKU-1010,WH-003,2024-09-16,326.3,277.3,375.2,exponential_smoothing
SKU-1010,WH-003,2024-09-17,293.5,249.4,337.5,exponential_smoothing
SKU-1010,WH-003,2024-09-18,274.9,233.7,316.2,exponential_smoothing
SKU-1010,WH-003,2024-09-19,252.5,214.7,290.4,exponential_smoothing
SKU-1010,WH-003,2024-09-20,256.3,217.9,294.8,exponential_smoothing
SKU-1010,WH-003,2024-09-21,228.3,194.0,262.5,exponential_smoothing
SKU-1010,WH-003,2024-09-22,213.3,181.3,245.3,exponential_smoothing
SKU-1010,WH-003,2024-09-23,321.1,272.9,369.2,exponential_smoothing
SKU-1010,WH-003,2024-09-24,288.2,245.0,331.5,exponential_smoothing
SKU-1010,WH-003,2024-09-25,269.7,229.3,310.2,exponential_smoothing
SKU-1010,WH-003,2024-09-26,247.3,210.2,284.4,exponential_smoothing
SKU-1010,WH-004,2024-06-29,392.1,352.9,431.3,moving_average
SKU-1010,WH-004,2024-06-30,392.1,352.9,431.3,moving_average
SKU-1010,WH-004,2024-07-01,392.1,352.9,431.3,moving_average
SKU-1010,WH-004,2024-07-02,392.1,352.9,431.3,moving_average
SKU-1010,WH-004,2024-07-03,392.1,352.9,431.3,moving_average
SKU-1010,WH-004,2024-07-04,392.1,352.9,431.3,moving_average
SKU-1010,WH-004,2024-07-05,392.1,352.9,431.3,moving_average
SKU-1010,WH-004,2024-07-06,392.1,352.9,431.3,moving_average
SKU-1010,WH-004,2024-07-07,392.1,352.9,431.3,moving_average
SKU-1010,WH-004,2024-07-08,392.1,352.9,431.3,moving_average
SKU-1010,WH-004,2024-07-09,392.1,352.9,431.3,moving_average
SKU-1010,WH-004,2024-07-10,392.1,352.9,431.3,moving_average
SKU-1010,WH-004,2024-07-11,392.1,352.9,431.3,moving_average
SKU-1010,WH-004,2024-07-12,392.1,352.9,431.3,moving_average
SKU-1010,WH-004,2024-07-13,392.1,352.9,431.3,moving_average
SKU-1010,WH-004,2024-07-14,392.1,352.9,431.3,moving_average
SKU-1010,WH-004,2024-07-15,392.1,352.9,431.3,moving_average
SKU-1010,WH-004,2024-07-16,392.1,352.9,431.3,moving_average
SKU-1010,WH-004,2024-07-17,392.1,352.9,431.3,moving_average
SKU-1010,WH-004,2024-07-18,392.1,352.9,431.3,moving_average
SKU-1010,WH-004,2024-07-19,392.1,352.9,431.3,moving_average
SKU-1010,WH-004,2024-07-20,392.1,352.9,431.3,moving_average
SKU-1010,WH-004,2024-07-21,392.1,352.9,431.3,moving_average
SKU-1010,WH-004,2024-07-22,392.1,352.9,431.3,moving_average
SKU-1010,WH-004,2024-07-23,392.1,352.9,431.3,moving_average
SKU-1010,WH-004,2024-07-24,392.1,352.9,431.3,moving_average
SKU-1010,WH-004,2024-07-25,392.1,352.9,431.3,moving_average
SKU-1010,WH-004,2024-07-26,392.1,352.9,431.3,moving_average
SKU-1010,WH-004,2024-07-27,392.1,352.9,431.3,moving_average
SKU-1010,WH-004,2024-07-28,392.1,352.9,431.3,moving_average
SKU-1010,WH-004,2024-07-29,392.1,352.9,431.3,moving_average
SKU-1010,WH-004,2024-07-30,392.1,352.9,431.3,moving_average
SKU-1010,WH-004,2024-07-31,392.1,352.9,431.3,moving_average
SKU-1010,WH-004,2024-08-01,392.1,352.9,431.3,moving_average
SKU-1010,WH-004,2024-08-02,392.1,352.9,431.3,moving_average
SKU-1010,WH-004,2024-08-03,392.1,352.9,431.3,moving_average
SKU-1010,WH-004,2024-08-04,392.1,352.9,431.3,moving_average
SKU-1010,WH-004,2024-08-05,392.1,352.9,431.3,moving_average
SKU-1010,WH-004,2024-08-06,392.1,352.9,431.3,moving_average
SKU-1010,WH-004,2024-08-07,392.1,352.9,431.3,moving_average
SKU-1010,WH-004,2024-08-08,392.1,352.9,431.3,moving_average
SKU-1010,WH-004,2024-08-09,392.1,352.9,431.3,moving_average
SKU-1010,WH-004,2024-08-10,392.1,352.9,431.3,moving_average
SKU-1010,WH-004,2024-08-11,392.1,352.9,431.3,moving_average
SKU-1010,WH-004,2024-08-12,392.1,352.9,431.3,moving_average
SKU-1010,WH-004,2024-08-13,392.1,352.9,431.3,moving_average
SKU-1010,WH-004,2024-08-14,392.1,352.9,431.3,moving_average
SKU-1010,WH-004,2024-08-15,392.1,352.9,431.3,moving_average
SKU-1010,WH-004,2024-08-16,392.1,352.9,431.3,moving_average
SKU-1010,WH-004,2024-08-17,392.1,352.9,431.3,moving_average
SKU-1010,WH-004,2024-08-18,392.1,352.9,431.3,moving_average
SKU-1010,WH-004,2024-08-19,392.1,352.9,431.3,moving_average
SKU-1010,WH-004,2024-08-20,392.1,352.9,431.3,moving_average
SKU-1010,WH-004,2024-08-21,392.1,352.9,431.3,moving_average
SKU-1010,WH-004,2024-08-22,392.1,352.9,431.3,moving_average
SKU-1010,WH-004,2024-08-23,392.1,352.9,431.3,moving_average
SKU-1010,WH-004,2024-08-24,392.1,352.9,431.3,moving_average
SKU-1010,WH-004,2024-08-25,392.1,352.9,431.3,moving_average
SKU-1010,WH-004,2024-08-26,525.8,473.2,578.3,moving_average
SKU-1010,WH-004,2024-08-27,525.8,473.2,578.3,moving_average
SKU-1010,WH-004,2024-08-28,525.8,473.2,578.3,moving_average
SKU-1010,WH-004,2024-08-29,525.8,473.2,578.3,moving_average
SKU-1010,WH-004,2024-08-30,525.8,473.2,578.3,moving_average
SKU-1010,WH-004,2024-08-31,525.8,473.2,578.3,moving_average
SKU-1010,WH-004,2024-09-01,525.8,473.2,578.3,moving_average
SKU-1010,WH-004,2024-09-02,392.1,352.9,431.3,moving_average
SKU-1010,WH-004,2024-09-03,392.1,352.9,431.3,moving_average
SKU-1010,WH-004,2024-09-04,392.1,352.9,431.3,moving_average
SKU-1010,WH-004,2024-09-05,392.1,352.9,431.3,moving_average
SKU-1010,WH-004,2024-09-06,392.1,352.9,431.3,moving_average
SKU-1010,WH-004,2024-09-07,392.1,352.9,431.3,moving_average
SKU-1010,WH-004,2024-09-08,392.1,352.9,431.3,moving_average
SKU-1010,WH-004,2024-09-09,392.1,352.9,431.3,moving_average
SKU-1010,WH-004,2024-09-10,392.1,352.9,431.3,moving_average
SKU-1010,WH-004,2024-09-11,392.1,352.9,431.3,moving_average
SKU-1010,WH-004,2024-09-12,392.1,352.9,431.3,moving_average
SKU-1010,WH-004,2024-09-13,392.1,352.9,431.3,moving_average
SKU-1010,WH-004,2024-09-14,392.1,352.9,431.3,moving_average
SKU-1010,WH-004,2024-09-15,392.1,352.9,431.3,moving_average
SKU-1010,WH-004,2024-09-16,392.1,352.9,431.3,moving_average
SKU-1010,WH-004,2024-09-17,392.1,352.9,431.3,moving_average
SKU-1010,WH-004,2024-09-18,392.1,352.9,431.3,moving_average
SKU-1010,WH-004,2024-09-19,392.1,352.9,431.3,moving_average
SKU-1010,WH-004,2024-09-20,392.1,352.9,431.3,moving_average
SKU-1010,WH-004,2024-09-21,392.1,352.9,431.3,moving_average
SKU-1010,WH-004,2024-09-22,392.1,352.9,431.3,moving_average
SKU-1010,WH-004,2024-09-23,392.1,352.9,431.3,moving_average
SKU-1010,WH-004,2024-09-24,392.1,352.9,431.3,moving_average
SKU-1010,WH-004,2024-09-25,392.1,352.9,431.3,moving_average
SKU-1010,WH-004,2024-09-26,392.1,352.9,431.3,moving_average
SKU-1010,WH-005,2024-06-29,362.1,325.9,398.4,moving_average
SKU-1010,WH-005,2024-06-30,362.1,325.9,398.4,moving_average
SKU-1010,WH-005,2024-07-01,362.1,325.9,398.4,moving_average
SKU-1010,WH-005,2024-07-02,362.1,325.9,398.4,moving_average
SKU-1010,WH-005,2024-07-03,362.1,325.9,398.4,moving_average
SKU-1010,WH-005,2024-07-04,362.1,325.9,398.4,moving_average
SKU-1010,WH-005,2024-07-05,362.1,325.9,398.4,moving_average
SKU-1010,WH-005,2024-07-06,362.1,325.9,398.4,moving_average
SKU-1010,WH-005,2024-07-07,362.1,325.9,398.4,moving_average
SKU-1010,WH-005,2024-07-08,362.1,325.9,398.4,moving_average
SKU-1010,WH-005,2024-07-09,362.1,325.9,398.4,moving_average
SKU-1010,WH-005,2024-07-10,362.1,325.9,398.4,moving_average
SKU-1010,WH-005,2024-07-11,362.1,325.9,398.4,moving_average
SKU-1010,WH-005,2024-07-12,362.1,325.9,398.4,moving_average
SKU-1010,WH-005,2024-07-13,362.1,325.9,398.4,moving_average
SKU-1010,WH-005,2024-07-14,362.1,325.9,398.4,moving_average
SKU-1010,WH-005,2024-07-15,362.1,325.9,398.4,moving_average
SKU-1010,WH-005,2024-07-16,362.1,325.9,398.4,moving_average
SKU-1010,WH-005,2024-07-17,362.1,325.9,398.4,moving_average
SKU-1010,WH-005,2024-07-18,362.1,325.9,398.4,moving_average
SKU-1010,WH-005,2024-07-19,362.1,325.9,398.4,moving_average
SKU-1010,WH-005,2024-07-20,362.1,325.9,398.4,moving_average
SKU-1010,WH-005,2024-07-21,362.1,325.9,398.4,moving_average
SKU-1010,WH-005,2024-07-22,362.1,325.9,398.4,moving_average
SKU-1010,WH-005,2024-07-23,362.1,325.9,398.4,moving_average
SKU-1010,WH-005,2024-07-24,362.1,325.9,398.4,moving_average
SKU-1010,WH-005,2024-07-25,362.1,325.9,398.4,moving_average
SKU-1010,WH-005,2024-07-26,362.1,325.9,398.4,moving_average
SKU-1010,WH-005,2024-07-27,362.1,325.9,398.4,moving_average
SKU-1010,WH-005,2024-07-28,362.1,325.9,398.4,moving_average
SKU-1010,WH-005,2024-07-29,362.1,325.9,398.4,moving_average
SKU-1010,WH-005,2024-07-30,362.1,325.9,398.4,moving_average
SKU-1010,WH-005,2024-07-31,362.1,325.9,398.4,moving_average
SKU-1010,WH-005,2024-08-01,362.1,325.9,398.4,moving_average
SKU-1010,WH-005,2024-08-02,362.1,325.9,398.4,moving_average
SKU-1010,WH-005,2024-08-03,362.1,325.9,398.4,moving_average
SKU-1010,WH-005,2024-08-04,362.1,325.9,398.4,moving_average
SKU-1010,WH-005,2024-08-05,362.1,325.9,398.4,moving_average
SKU-1010,WH-005,2024-08-06,362.1,325.9,398.4,moving_average
SKU-1010,WH-005,2024-08-07,362.1,325.9,398.4,moving_average
SKU-1010,WH-005,2024-08-08,362.1,325.9,398.4,moving_average
SKU-1010,WH-005,2024-08-09,362.1,325.9,398.4,moving_average
SKU-1010,WH-005,2024-08-10,362.1,325.9,398.4,moving_average
SKU-1010,WH-005,2024-08-11,362.1,325.9,398.4,moving_average
SKU-1010,WH-005,2024-08-12,362.1,325.9,398.4,moving_average
SKU-1010,WH-005,2024-08-13,362.1,325.9,398.4,moving_average
SKU-1010,WH-005,2024-08-14,362.1,325.9,398.4,moving_average
SKU-1010,WH-005,2024-08-15,362.1,325.9,398.4,moving_average
SKU-1010,WH-005,2024-08-16,362.1,325.9,398.4,moving_average
SKU-1010,WH-005,2024-08-17,362.1,325.9,398.4,moving_average
SKU-1010,WH-005,2024-08-18,362.1,325.9,398.4,moving_average
SKU-1010,WH-005,2024-08-19,362.1,325.9,398.4,moving_average
SKU-1010,WH-005,2024-08-20,362.1,325.9,398.4,moving_average
SKU-1010,WH-005,2024-08-21,362.1,325.9,398.4,moving_average
SKU-1010,WH-005,2024-08-22,362.1,325.9,398.4,moving_average
SKU-1010,WH-005,2024-08-23,362.1,325.9,398.4,moving_average
SKU-1010,WH-005,2024-08-24,362.1,325.9,398.4,moving_average
SKU-1010,WH-005,2024-08-25,362.1,325.9,398.4,moving_average
SKU-1010,WH-005,2024-08-26,362.1,325.9,398.4,moving_average
SKU-1010,WH-005,2024-08-27,362.1,325.9,398.4,moving_average
SKU-1010,WH-005,2024-08-28,362.1,325.9,398.4,moving_average
SKU-1010,WH-005,2024-08-29,362.1,325.9,398.4,moving_average
SKU-1010,WH-005,2024-08-30,362.1,325.9,398.4,moving_average
SKU-1010,WH-005,2024-08-31,362.1,325.9,398.4,moving_average
SKU-1010,WH-005,2024-09-01,362.1,325.9,398.4,moving_average
SKU-1010,WH-005,2024-09-02,362.1,325.9,398.4,moving_average
SKU-1010,WH-005,2024-09-03,362.1,325.9,398.4,moving_average
SKU-1010,WH-005,2024-09-04,362.1,325.9,398.4,moving_average
SKU-1010,WH-005,2024-09-05,362.1,325.9,398.4,moving_average
SKU-1010,WH-005,2024-09-06,362.1,325.9,398.4,moving_average
SKU-1010,WH-005,2024-09-07,362.1,325.9,398.4,moving_average
SKU-1010,WH-005,2024-09-08,362.1,325.9,398.4,moving_average
SKU-1010,WH-005,2024-09-09,362.1,325.9,398.4,moving_average
SKU-1010,WH-005,2024-09-10,362.1,325.9,398.4,moving_average
SKU-1010,WH-005,2024-09-11,362.1,325.9,398.4,moving_average
SKU-1010,WH-005,2024-09-12,362.1,325.9,398.4,moving_average
SKU-1010,WH-005,2024-09-13,362.1,325.9,398.4,moving_average
SKU-1010,WH-005,2024-09-14,362.1,325.9,398.4,moving_average
SKU-1010,WH-005,2024-09-15,362.1,325.9,398.4,moving_average
SKU-1010,WH-005,2024-09-16,362.1,325.9,398.4,moving_average
SKU-1010,WH-005,2024-09-17,362.1,325.9,398.4,moving_average
SKU-1010,WH-005,2024-09-18,362.1,325.9,398.4,moving_average
SKU-1010,WH-005,2024-09-19,362.1,325.9,398.4,moving_average
SKU-1010,WH-005,2024-09-20,362.1,325.9,398.4,moving_average
SKU-1010,WH-005,2024-09-21,362.1,325.9,398.4,moving_average
SKU-1010,WH-005,2024-09-22,362.1,325.9,398.4,moving_average
SKU-1010,WH-005,2024-09-23,362.1,325.9,398.4,moving_average
SKU-1010,WH-005,2024-09-24,362.1,325.9,398.4,moving_average
SKU-1010,WH-005,2024-09-25,362.1,325.9,398.4,moving_average
SKU-1010,WH-005,2024-09-26,362.1,325.9,398.4,moving_average
SKU-1010,WH-006,2024-06-29,373.6,336.3,411.0,moving_average
SKU-1010,WH-006,2024-06-30,373.6,336.3,411.0,moving_average
SKU-1010,WH-006,2024-07-01,373.6,336.3,411.0,moving_average
SKU-1010,WH-006,2024-07-02,373.6,336.3,411.0,moving_average
SKU-1010,WH-006,2024-07-03,373.6,336.3,411.0,moving_average
SKU-1010,WH-006,2024-07-04,373.6,336.3,411.0,moving_average
SKU-1010,WH-006,2024-07-05,373.6,336.3,411.0,moving_average
SKU-1010,WH-006,2024-07-06,373.6,336.3,411.0,moving_average
SKU-1010,WH-006,2024-07-07,373.6,336.3,411.0,moving_average
SKU-1010,WH-006,2024-07-08,373.6,336.3,411.0,moving_average
SKU-1010,WH-006,2024-07-09,373.6,336.3,411.0,moving_average
SKU-1010,WH-006,2024-07-10,373.6,336.3,411.0,moving_average
SKU-1010,WH-006,2024-07-11,373.6,336.3,411.0,moving_average
SKU-1010,WH-006,2024-07-12,373.6,336.3,411.0,moving_average
SKU-1010,WH-006,2024-07-13,373.6,336.3,411.0,moving_average
SKU-1010,WH-006,2024-07-14,373.6,336.3,411.0,moving_average
SKU-1010,WH-006,2024-07-15,373.6,336.3,411.0,moving_average
SKU-1010,WH-006,2024-07-16,373.6,336.3,411.0,moving_average
SKU-1010,WH-006,2024-07-17,373.6,336.3,411.0,moving_average
SKU-1010,WH-006,2024-07-18,373.6,336.3,411.0,moving_average
SKU-1010,WH-006,2024-07-19,373.6,336.3,411.0,moving_average
SKU-1010,WH-006,2024-07-20,373.6,336.3,411.0,moving_average
SKU-1010,WH-006,2024-07-21,373.6,336.3,411.0,moving_average
SKU-1010,WH-006,2024-07-22,373.6,336.3,411.0,moving_average
SKU-1010,WH-006,2024-07-23,373.6,336.3,411.0,moving_average
SKU-1010,WH-006,2024-07-24,373.6,336.3,411.0,moving_average
SKU-1010,WH-006,2024-07-25,373.6,336.3,411.0,moving_average
SKU-1010,WH-006,2024-07-26,373.6,336.3,411.0,moving_average
SKU-1010,WH-006,2024-07-27,373.6,336.3,411.0,moving_average
SKU-1010,WH-006,2024-07-28,373.6,336.3,411.0,moving_average
SKU-1010,WH-006,2024-07-29,373.6,336.3,411.0,moving_average
SKU-1010,WH-006,2024-07-30,373.6,336.3,411.0,moving_average
SKU-1010,WH-006,2024-07-31,373.6,336.3,411.0,moving_average
SKU-1010,WH-006,2024-08-01,373.6,336.3,411.0,moving_average
SKU-1010,WH-006,2024-08-02,373.6,336.3,411.0,moving_average
SKU-1010,WH-006,2024-08-03,373.6,336.3,411.0,moving_average
SKU-1010,WH-006,2024-08-04,373.6,336.3,411.0,moving_average
SKU-1010,WH-006,2024-08-05,373.6,336.3,411.0,moving_average
SKU-1010,WH-006,2024-08-06,373.6,336.3,411.0,moving_average
SKU-1010,WH-006,2024-08-07,373.6,336.3,411.0,moving_average
SKU-1010,WH-006,2024-08-08,373.6,336.3,411.0,moving_average
SKU-1010,WH-006,2024-08-09,373.6,336.3,411.0,moving_average
SKU-1010,WH-006,2024-08-10,373.6,336.3,411.0,moving_average
SKU-1010,WH-006,2024-08-11,373.6,336.3,411.0,moving_average
SKU-1010,WH-006,2024-08-12,373.6,336.3,411.0,moving_average
SKU-1010,WH-006,2024-08-13,373.6,336.3,411.0,moving_average
SKU-1010,WH-006,2024-08-14,373.6,336.3,411.0,moving_average
SKU-1010,WH-006,2024-08-15,373.6,336.3,411.0,moving_average
SKU-1010,WH-006,2024-08-16,373.6,336.3,411.0,moving_average
SKU-1010,WH-006,2024-08-17,373.6,336.3,411.0,moving_average
SKU-1010,WH-006,2024-08-18,373.6,336.3,411.0,moving_average
SKU-1010,WH-006,2024-08-19,373.6,336.3,411.0,moving_average
SKU-1010,WH-006,2024-08-20,373.6,336.3,411.0,moving_average
SKU-1010,WH-006,2024-08-21,373.6,336.3,411.0,moving_average
SKU-1010,WH-006,2024-08-22,373.6,336.3,411.0,moving_average
SKU-1010,WH-006,2024-08-23,373.6,336.3,411.0,moving_average
SKU-1010,WH-006,2024-08-24,373.6,336.3,411.0,moving_average
SKU-1010,WH-006,2024-08-25,373.6,336.3,411.0,moving_average
SKU-1010,WH-006,2024-08-26,373.6,336.3,411.0,moving_average
SKU-1010,WH-006,2024-08-27,373.6,336.3,411.0,moving_average
SKU-1010,WH-006,2024-08-28,373.6,336.3,411.0,moving_average
SKU-1010,WH-006,2024-08-29,373.6,336.3,411.0,moving_average
SKU-1010,WH-006,2024-08-30,373.6,336.3,411.0,moving_average
SKU-1010,WH-006,2024-08-31,373.6,336.3,411.0,moving_average
SKU-1010,WH-006,2024-09-01,373.6,336.3,411.0,moving_average
SKU-1010,WH-006,2024-09-02,373.6,336.3,411.0,moving_average
SKU-1010,WH-006,2024-09-03,373.6,336.3,411.0,moving_average
SKU-1010,WH-006,2024-09-04,373.6,336.3,411.0,moving_average
SKU-1010,WH-006,2024-09-05,373.6,336.3,411.0,moving_average
SKU-1010,WH-006,2024-09-06,373.6,336.3,411.0,moving_average
SKU-1010,WH-006,2024-09-07,373.6,336.3,411.0,moving_average
SKU-1010,WH-006,2024-09-08,373.6,336.3,411.0,moving_average
SKU-1010,WH-006,2024-09-09,373.6,336.3,411.0,moving_average
SKU-1010,WH-006,2024-09-10,373.6,336.3,411.0,moving_average
SKU-1010,WH-006,2024-09-11,373.6,336.3,411.0,moving_average
SKU-1010,WH-006,2024-09-12,373.6,336.3,411.0,moving_average
SKU-1010,WH-006,2024-09-13,373.6,336.3,411.0,moving_average
SKU-1010,WH-006,2024-09-14,373.6,336.3,411.0,moving_average
SKU-1010,WH-006,2024-09-15,373.6,336.3,411.0,moving_average
SKU-1010,WH-006,2024-09-16,373.6,336.3,411.0,moving_average
SKU-1010,WH-006,2024-09-17,373.6,336.3,411.0,moving_average
SKU-1010,WH-006,2024-09-18,373.6,336.3,411.0,moving_average
SKU-1010,WH-006,2024-09-19,373.6,336.3,411.0,moving_average
SKU-1010,WH-006,2024-09-20,373.6,336.3,411.0,moving_average
SKU-1010,WH-006,2024-09-21,373.6,336.3,411.0,moving_average
SKU-1010,WH-006,2024-09-22,373.6,336.3,411.0,moving_average
SKU-1010,WH-006,2024-09-23,373.6,336.3,411.0,moving_average
SKU-1010,WH-006,2024-09-24,373.6,336.3,411.0,moving_average
SKU-1010,WH-006,2024-09-25,373.6,336.3,411.0,moving_average
SKU-1010,WH-006,2024-09-26,373.6,336.3,411.0,moving_average
SKU-1010,WH-007,2024-06-29,285.6,242.8,328.5,exponential_smoothing
SKU-1010,WH-007,2024-06-30,385.6,327.8,443.4,exponential_smoothing
SKU-1010,WH-007,2024-07-01,365.9,311.0,420.8,exponential_smoothing
SKU-1010,WH-007,2024-07-02,409.4,348.0,470.8,exponential_smoothing
SKU-1010,WH-007,2024-07-03,345.9,294.0,397.8,exponential_smoothing
SKU-1010,WH-007,2024-07-04,362.6,308.2,417.0,exponential_smoothing
SKU-1010,WH-007,2024-07-05,347.1,295.1,399.2,exponential_smoothing
SKU-1010,WH-007,2024-07-06,282.7,240.3,325.1,exponential_smoothing
SKU-1010,WH-007,2024-07-07,382.6,325.2,440.0,exponential_smoothing
SKU-1010,WH-007,2024-07-08,362.9,308.5,417.4,exponential_smoothing
SKU-1010,WH-007,2024-07-09,406.4,345.5,467.4,exponential_smoothing
SKU-1010,WH-007,2024-07-10,342.9,291.5,394.4,exponential_smoothing
SKU-1010,WH-007,2024-07-11,359.7,305.7,413.6,exponential_smoothing
SKU-1010,WH-007,2024-07-12,344.2,292.6,395.8,exponential_smoothing
SKU-1010,WH-007,2024-07-13,279.7,237.8,321.7,exponential_smoothing
SKU-1010,WH-007,2024-07-14,379.7,322.7,436.6,exponential_smoothing
SKU-1010,WH-007,2024-07-15,360.0,306.0,414.0,exponential_smoothing
SKU-1010,WH-007,2024-07-16,403.5,343.0,464.0,exponential_smoothing
SKU-1010,WH-007,2024-07-17,340.0,289.0,391.0,exponential_smoothing
SKU-1010,WH-007,2024-07-18,356.7,303.2,410.2,exponential_smoothing
SKU-1010,WH-007,2024-07-19,341.2,290.0,392.4,exponential_smoothing
SKU-1010,WH-007,2024-07-20,276.8,235.3,318.3,exponential_smoothing
SKU-1010,WH-007,2024-07-21,376.7,320.2,433.2,exponential_smoothing
SKU-1010,WH-007,2024-07-22,357.0,303.5,410.6,exponential_smoothing
SKU-1010,WH-007,2024-07-23,400.5,340.4,460.6,exponential_smoothing
SKU-1010,WH-007,2024-07-24,337.0,286.5,387.6,exponential_smoothing
SKU-1010,WH-007,2024-07-25,353.8,300.7,406.8,exponential_smoothing
SKU-1010,WH-007,2024-07-26,338.3,287.5,389.0,exponential_smoothing
SKU-1010,WH-007,2024-07-27,273.8,232.8,314.9,exponential_smoothing
SKU-1010,WH-007,2024-07-28,373.8,317.7,429.8,exponential_smoothing
SKU-1010,WH-007,2024-07-29,354.1,300.9,407.2,exponential_smoothing
SKU-1010,WH-007,2024-07-30,397.6,337.9,457.2,exponential_smoothing
SKU-1010,WH-007,2024-07-31,334.1,284.0,384.2,exponential_smoothing
SKU-1010,WH-007,2024-08-01,350.8,298.2,403.4,exponential_smoothing
SKU-1010,WH-007,2024-08-02,335.3,285.0,385.6,exponential_smoothing
SKU-1010,WH-007,2024-08-03,270.9,230.2,311.5,exponential_smoothing
SKU-1010,WH-007,2024-08-04,370.8,315.2,426.4,exponential_smoothing
SKU-1010,WH-007,2024-08-05,351.1,298.4,403.8,exponential_smoothing
SKU-1010,WH-007,2024-08-06,394.6,335.4,453.8,exponential_smoothing
SKU-1010,WH-007,2024-08-07,331.1,281.5,380.8,exponential_smoothing
SKU-1010,WH-007,2024-08-08,347.9,295.7,400.1,exponential_smoothing
SKU-1010,WH-007,2024-08-09,332.4,282.5,382.2,exponential_smoothing
SKU-1010,WH-007,2024-08-10,267.9,227.7,308.1,exponential_smoothing
SKU-1010,WH-007,2024-08-11,367.9,312.7,423.0,exponential_smoothing
SKU-1010,WH-007,2024-08-12,348.1,295.9,400.4,exponential_smoothing
SKU-1010,WH-007,2024-08-13,391.7,332.9,450.4,exponential_smoothing
SKU-1010,WH-007,2024-08-14,328.2,278.9,377.4,exponential_smoothing
SKU-1010,WH-007,2024-08-15,344.9,293.2,396.7,exponential_smoothing
SKU-1010,WH-007,2024-08-16,329.4,280.0,378.8,exponential_smoothing
SKU-1010,WH-007,2024-08-17,265.0,225.2,304.7,exponential_smoothing
SKU-1010,WH-007,2024-08-18,364.9,310.2,419.6,exponential_smoothing
SKU-1010,WH-007,2024-08-19,345.2,293.4,397.0,exponential_smoothing
SKU-1010,WH-007,2024-08-20,388.7,330.4,447.0,exponential_smoothing
SKU-1010,WH-007,2024-08-21,325.2,276.4,374.0,exponential_smoothing
SKU-1010,WH-007,2024-08-22,342.0,290.7,393.3,exponential_smoothing
SKU-1010,WH-007,2024-08-23,326.5,277.5,375.4,exponential_smoothing
SKU-1010,WH-007,2024-08-24,262.0,222.7,301.3,exponential_smoothing
SKU-1010,WH-007,2024-08-25,362.0,307.7,416.2,exponential_smoothing
SKU-1010,WH-007,2024-08-26,342.2,290.9,393.6,exponential_smoothing
SKU-1010,WH-007,2024-08-27,385.7,327.9,443.6,exponential_smoothing
SKU-1010,WH-007,2024-08-28,322.3,273.9,370.6,exponential_smoothing
SKU-1010,WH-007,2024-08-29,339.0,288.2,389.9,exponential_smoothing
SKU-1010,WH-007,2024-08-30,323.5,275.0,372.0,exponential_smoothing
SKU-1010,WH-007,2024-08-31,259.1,220.2,297.9,exponential_smoothing
SKU-1010,WH-007,2024-09-01,359.0,305.2,412.9,exponential_smoothing
SKU-1010,WH-007,2024-09-02,339.3,288.4,390.2,exponential_smoothing
SKU-1010,WH-007,2024-09-03,382.8,325.4,440.2,exponential_smoothing
SKU-1010,WH-007,2024-09-04,319.3,271.4,367.2,exponential_smoothing
SKU-1010,WH-007,2024-09-05,336.1,285.6,386.5,exponential_smoothing
SKU-1010,WH-007,2024-09-06,320.5,272.5,368.6,exponential_smoothing
SKU-1010,WH-007,2024-09-07,256.1,217.7,294.5,exponential_smoothing
SKU-1010,WH-007,2024-09-08,356.0,302.6,409.5,exponential_smoothing
SKU-1010,WH-007,2024-09-09,336.3,285.9,386.8,exponential_smoothing
SKU-1010,WH-007,2024-09-10,379.8,322.9,436.8,exponential_smoothing
SKU-1010,WH-007,2024-09-11,316.3,268.9,363.8,exponential_smoothing
SKU-1010,WH-007,2024-09-12,333.1,283.1,383.1,exponential_smoothing
SKU-1010,WH-007,2024-09-13,317.6,270.0,365.2,exponential_smoothing
SKU-1010,WH-007,2024-09-14,253.2,215.2,291.1,exponential_smoothing
SKU-1010,WH-007,2024-09-15,353.1,300.1,406.1,exponential_smoothing
SKU-1010,WH-007,2024-09-16,333.4,283.4,383.4,exponential_smoothing
SKU-1010,WH-007,2024-09-17,376.9,320.4,433.4,exponential_smoothing
SKU-1010,WH-007,2024-09-18,313.4,266.4,360.4,exponential_smoothing
SKU-1010,WH-007,2024-09-19,330.1,280.6,379.7,exponential_smoothing
SKU-1010,WH-007,2024-09-20,314.6,267.4,361.8,exponential_smoothing
SKU-1010,WH-007,2024-09-21,250.2,212.7,287.7,exponential_smoothing
SKU-1010,WH-007,2024-09-22,350.1,297.6,402.7,exponential_smoothing
SKU-1010,WH-007,2024-09-23,330.4,280.9,380.0,exponential_smoothing
SKU-1010,WH-007,2024-09-24,373.9,317.8,430.0,exponential_smoothing
SKU-1010,WH-007,2024-09-25,310.4,263.9,357.0,exponential_smoothing
SKU-1010,WH-007,2024-09-26,327.2,278.1,376.3,exponential_smoothing
SKU-1011,WH-001,2024-06-29,439.4,395.5,483.3,moving_average
SKU-1011,WH-001,2024-06-30,439.4,395.5,483.3,moving_average
SKU-1011,WH-001,2024-07-01,439.4,395.5,483.3,moving_average
SKU-1011,WH-001,2024-07-02,439.4,395.5,483.3,moving_average
SKU-1011,WH-001,2024-07-03,439.4,395.5,483.3,moving_average
SKU-1011,WH-001,2024-07-04,439.4,395.5,483.3,moving_average
SKU-1011,WH-001,2024-07-05,439.4,395.5,483.3,moving_average
SKU-1011,WH-001,2024-07-06,439.4,395.5,483.3,moving_average
SKU-1011,WH-001,2024-07-07,439.4,395.5,483.3,moving_average
SKU-1011,WH-001,2024-07-08,439.4,395.5,483.3,moving_average
SKU-1011,WH-001,2024-07-09,439.4,395.5,483.3,moving_average
SKU-1011,WH-001,2024-07-10,439.4,395.5,483.3,moving_average
SKU-1011,WH-001,2024-07-11,439.4,395.5,483.3,moving_average
SKU-1011,WH-001,2024-07-12,549.7,494.7,604.6,moving_average
SKU-1011,WH-001,2024-07-13,549.7,494.7,604.6,moving_average
SKU-1011,WH-001,2024-07-14,549.7,494.7,604.6,moving_average
SKU-1011,WH-001,2024-07-15,549.7,494.7,604.6,moving_average
SKU-1011,WH-001,2024-07-16,549.7,494.7,604.6,moving_average
SKU-1011,WH-001,2024-07-17,439.4,395.5,483.3,moving_average
SKU-1011,WH-001,2024-07-18,439.4,395.5,483.3,moving_average
SKU-1011,WH-001,2024-07-19,439.4,395.5,483.3,moving_average
SKU-1011,WH-001,2024-07-20,439.4,395.5,483.3,moving_average
SKU-1011,WH-001,2024-07-21,439.4,395.5,483.3,moving_average
SKU-1011,WH-001,2024-07-22,439.4,395.5,483.3,moving_average
SKU-1011,WH-001,2024-07-23,439.4,395.5,483.3,moving_average
SKU-1011,WH-001,2024-07-24,439.4,395.5,483.3,moving_average
SKU-1011,WH-001,2024-07-25,439.4,395.5,483.3,moving_average
SKU-1011,WH-001,2024-07-26,439.4,395.5,483.3,moving_average
SKU-1011,WH-001,2024-07-27,439.4,395.5,483.3,moving_average
SKU-1011,WH-001,2024-07-28,439.4,395.5,483.3,moving_average
SKU-1011,WH-001,2024-07-29,439.4,395.5,483.3,moving_average
SKU-1011,WH-001,2024-07-30,439.4,395.5,483.3,moving_average
SKU-1011,WH-001,2024-07-31,439.4,395.5,483.3,moving_average
SKU-1011,WH-001,2024-08-01,439.4,395.5,483.3,moving_average
SKU-1011,WH-001,2024-08-02,439.4,395.5,483.3,moving_average
SKU-1011,WH-001,2024-08-03,439.4,395.5,483.3,moving_average
SKU-1011,WH-001,2024-08-04,439.4,395.5,483.3,moving_average
SKU-1011,WH-001,2024-08-05,439.4,395.5,483.3,moving_average
SKU-1011,WH-001,2024-08-06,439.4,395.5,483.3,moving_average
SKU-1011,WH-001,2024-08-07,439.4,395.5,483.3,moving_average
SKU-1011,WH-001,2024-08-08,439.4,395.5,483.3,moving_average
SKU-1011,WH-001,2024-08-09,439.4,395.5,483.3,moving_average
SKU-1011,WH-001,2024-08-10,439.4,395.5,483.3,moving_average
SKU-1011,WH-001,2024-08-11,439.4,395.5,483.3,moving_average
SKU-1011,WH-001,2024-08-12,439.4,395.5,483.3,moving_average
SKU-1011,WH-001,2024-08-13,439.4,395.5,483.3,moving_average
SKU-1011,WH-001,2024-08-14,439.4,395.5,483.3,moving_average
SKU-1011,WH-001,2024-08-15,439.4,395.5,483.3,moving_average
SKU-1011,WH-001,2024-08-16,439.4,395.5,483.3,moving_average
SKU-1011,WH-001,2024-08-17,439.4,395.5,483.3,moving_average
SKU-1011,WH-001,2024-08-18,439.4,395.5,483.3,moving_average
SKU-1011,WH-001,2024-08-19,439.4,395.5,483.3,moving_average
SKU-1011,WH-001,2024-08-20,439.4,395.5,483.3,moving_average
SKU-1011,WH-001,2024-08-21,439.4,395.5,483.3,moving_average
SKU-1011,WH-001,2024-08-22,439.4,395.5,483.3,moving_average
SKU-1011,WH-001,2024-08-23,439.4,395.5,483.3,moving_average
SKU-1011,WH-001,2024-08-24,439.4,395.5,483.3,moving_average
SKU-1011,WH-001,2024-08-25,439.4,395.5,483.3,moving_average
SKU-1011,WH-001,2024-08-26,439.4,395.5,483.3,moving_average
SKU-1011,WH-001,2024-08-27,439.4,395.5,483.3,moving_average
SKU-1011,WH-001,2024-08-28,439.4,395.5,483.3,moving_average
SKU-1011,WH-001,2024-08-29,439.4,395.5,483.3,moving_average
SKU-1011,WH-001,2024-08-30,439.4,395.5,483.3,moving_average
SKU-1011,WH-001,2024-08-31,439.4,395.5,483.3,moving_average
SKU-1011,WH-001,2024-09-01,439.4,395.5,483.3,moving_average
SKU-1011,WH-001,2024-09-02,439.4,395.5,483.3,moving_average
SKU-1011,WH-001,2024-09-03,439.4,395.5,483.3,moving_average
SKU-1011,WH-001,2024-09-04,439.4,395.5,483.3,moving_average
SKU-1011,WH-001,2024-09-05,439.4,395.5,483.3,moving_average
SKU-1011,WH-001,2024-09-06,439.4,395.5,483.3,moving_average
SKU-1011,WH-001,2024-09-07,439.4,395.5,483.3,moving_average
SKU-1011,WH-001,2024-09-08,439.4,395.5,483.3,moving_average
SKU-1011,WH-001,2024-09-09,439.4,395.5,483.3,moving_average
SKU-1011,WH-001,2024-09-10,439.4,395.5,483.3,moving_average
SKU-1011,WH-001,2024-09-11,439.4,395.5,483.3,moving_average
SKU-1011,WH-001,2024-09-12,439.4,395.5,483.3,moving_average
SKU-1011,WH-001,2024-09-13,439.4,395.5,483.3,moving_average
SKU-1011,WH-001,2024-09-14,439.4,395.5,483.3,moving_average
SKU-1011,WH-001,2024-09-15,439.4,395.5,483.3,moving_average
SKU-1011,WH-001,2024-09-16,439.4,395.5,483.3,moving_average
SKU-1011,WH-001,2024-09-17,439.4,395.5,483.3,moving_average
SKU-1011,WH-001,2024-09-18,439.4,395.5,483.3,moving_average
SKU-1011,WH-001,2024-09-19,439.4,395.5,483.3,moving_average
SKU-1011,WH-001,2024-09-20,439.4,395.5,483.3,moving_average
SKU-1011,WH-001,2024-09-21,439.4,395.5,483.3,moving_average
SKU-1011,WH-001,2024-09-22,439.4,395.5,483.3,moving_average
SKU-1011,WH-001,2024-09-23,439.4,395.5,483.3,moving_average
SKU-1011,WH-001,2024-09-24,439.4,395.5,483.3,moving_average
SKU-1011,WH-001,2024-09-25,439.4,395.5,483.3,moving_average
SKU-1011,WH-001,2024-09-26,439.4,395.5,483.3,moving_average
SKU-1011,WH-002,2024-06-29,436.6,392.9,480.3,moving_average
SKU-1011,WH-002,2024-06-30,436.6,392.9,480.3,moving_average
SKU-1011,WH-002,2024-07-01,436.6,392.9,480.3,moving_average
SKU-1011,WH-002,2024-07-02,436.6,392.9,480.3,moving_average
SKU-1011,WH-002,2024-07-03,436.6,392.9,480.3,moving_average
SKU-1011,WH-002,2024-07-04,436.6,392.9,480.3,moving_average
SKU-1011,WH-002,2024-07-05,436.6,392.9,480.3,moving_average
SKU-1011,WH-002,2024-07-06,436.6,392.9,480.3,moving_average
SKU-1011,WH-002,2024-07-07,436.6,392.9,480.3,moving_average
SKU-1011,WH-002,2024-07-08,436.6,392.9,480.3,moving_average
SKU-1011,WH-002,2024-07-09,436.6,392.9,480.3,moving_average
SKU-1011,WH-002,2024-07-10,436.6,392.9,480.3,moving_average
SKU-1011,WH-002,2024-07-11,436.6,392.9,480.3,moving_average
SKU-1011,WH-002,2024-07-12,436.6,392.9,480.3,moving_average
SKU-1011,WH-002,2024-07-13,436.6,392.9,480.3,moving_average
SKU-1011,WH-002,2024-07-14,436.6,392.9,480.3,moving_average
SKU-1011,WH-002,2024-07-15,436.6,392.9,480.3,moving_average
SKU-1011,WH-002,2024-07-16,436.6,392.9,480.3,moving_average
SKU-1011,WH-002,2024-07-17,436.6,392.9,480.3,moving_average
SKU-1011,WH-002,2024-07-18,436.6,392.9,480.3,moving_average
SKU-1011,WH-002,2024-07-19,436.6,392.9,480.3,moving_average
SKU-1011,WH-002,2024-07-20,436.6,392.9,480.3,moving_average
SKU-1011,WH-002,2024-07-21,436.6,392.9,480.3,moving_average
SKU-1011,WH-002,2024-07-22,436.6,392.9,480.3,moving_average
SKU-1011,WH-002,2024-07-23,436.6,392.9,480.3,moving_average
SKU-1011,WH-002,2024-07-24,436.6,392.9,480.3,moving_average
SKU-1011,WH-002,2024-07-25,436.6,392.9,480.3,moving_average
SKU-1011,WH-002,2024-07-26,436.6,392.9,480.3,moving_average
SKU-1011,WH-002,2024-07-27,436.6,392.9,480.3,moving_average
SKU-1011,WH-002,2024-07-28,436.6,392.9,480.3,moving_average
SKU-1011,WH-002,2024-07-29,436.6,392.9,480.3,moving_average
SKU-1011,WH-002,2024-07-30,436.6,392.9,480.3,moving_average
SKU-1011,WH-002,2024-07-31,436.6,392.9,480.3,moving_average
SKU-1011,WH-002,2024-08-01,436.6,392.9,480.3,moving_average
SKU-1011,WH-002,2024-08-02,436.6,392.9,480.3,moving_average
SKU-1011,WH-002,2024-08-03,436.6,392.9,480.3,moving_average
SKU-1011,WH-002,2024-08-04,436.6,392.9,480.3,moving_average
SKU-1011,WH-002,2024-08-05,436.6,392.9,480.3,moving_average
SKU-1011,WH-002,2024-08-06,436.6,392.9,480.3,moving_average
SKU-1011,WH-002,2024-08-07,436.6,392.9,480.3,moving_average
SKU-1011,WH-002,2024-08-08,436.6,392.9,480.3,moving_average
SKU-1011,WH-002,2024-08-09,436.6,392.9,480.3,moving_average
SKU-1011,WH-002,2024-08-10,436.6,392.9,480.3,moving_average
SKU-1011,WH-002,2024-08-11,436.6,392.9,480.3,moving_average
SKU-1011,WH-002,2024-08-12,436.6,392.9,480.3,moving_average
SKU-1011,WH-002,2024-08-13,436.6,392.9,480.3,moving_average
SKU-1011,WH-002,2024-08-14,436.6,392.9,480.3,moving_average
SKU-1011,WH-002,2024-08-15,436.6,392.9,480.3,moving_average
SKU-1011,WH-002,2024-08-16,436.6,392.9,480.3,moving_average
SKU-1011,WH-002,2024-08-17,436.6,392.9,480.3,moving_average
SKU-1011,WH-002,2024-08-18,436.6,392.9,480.3,moving_average
SKU-1011,WH-002,2024-08-19,436.6,392.9,480.3,moving_average
SKU-1011,WH-002,2024-08-20,436.6,392.9,480.3,moving_average
SKU-1011,WH-002,2024-08-21,436.6,392.9,480.3,moving_average
SKU-1011,WH-002,2024-08-22,436.6,392.9,480.3,moving_average
SKU-1011,WH-002,2024-08-23,436.6,392.9,480.3,moving_average
SKU-1011,WH-002,2024-08-24,436.6,392.9,480.3,moving_average
SKU-1011,WH-002,2024-08-25,436.6,392.9,480.3,moving_average
SKU-1011,WH-002,2024-08-26,436.6,392.9,480.3,moving_average
SKU-1011,WH-002,2024-08-27,436.6,392.9,480.3,moving_average
SKU-1011,WH-002,2024-08-28,436.6,392.9,480.3,moving_average
SKU-1011,WH-002,2024-08-29,436.6,392.9,480.3,moving_average
SKU-1011,WH-002,2024-08-30,436.6,392.9,480.3,moving_average
SKU-1011,WH-002,2024-08-31,436.6,392.9,480.3,moving_average
SKU-1011,WH-002,2024-09-01,436.6,392.9,480.3,moving_average
SKU-1011,WH-002,2024-09-02,436.6,392.9,480.3,moving_average
SKU-1011,WH-002,2024-09-03,436.6,392.9,480.3,moving_average
SKU-1011,WH-002,2024-09-04,436.6,392.9,480.3,moving_average
SKU-1011,WH-002,2024-09-05,436.6,392.9,480.3,moving_average
SKU-1011,WH-002,2024-09-06,436.6,392.9,480.3,moving_average
SKU-1011,WH-002,2024-09-07,436.6,392.9,480.3,moving_average
SKU-1011,WH-002,2024-09-08,436.6,392.9,480.3,moving_average
SKU-1011,WH-002,2024-09-09,436.6,392.9,480.3,moving_average
SKU-1011,WH-002,2024-09-10,436.6,392.9,480.3,moving_average
SKU-1011,WH-002,2024-09-11,436.6,392.9,480.3,moving_average
SKU-1011,WH-002,2024-09-12,436.6,392.9,480.3,moving_average
SKU-1011,WH-002,2024-09-13,436.6,392.9,480.3,moving_average
SKU-1011,WH-002,2024-09-14,436.6,392.9,480.3,moving_average
SKU-1011,WH-002,2024-09-15,436.6,392.9,480.3,moving_average
SKU-1011,WH-002,2024-09-16,436.6,392.9,480.3,moving_average
SKU-1011,WH-002,2024-09-17,436.6,392.9,480.3,moving_average
SKU-1011,WH-002,2024-09-18,436.6,392.9,480.3,moving_average
SKU-1011,WH-002,2024-09-19,436.6,392.9,480.3,moving_average
SKU-1011,WH-002,2024-09-20,436.6,392.9,480.3,moving_average
SKU-1011,WH-002,2024-09-21,436.6,392.9,480.3,moving_average
SKU-1011,WH-002,2024-09-22,436.6,392.9,480.3,moving_average
SKU-1011,WH-002,2024-09-23,436.6,392.9,480.3,moving_average
SKU-1011,WH-002,2024-09-24,436.6,392.9,480.3,moving_average
SKU-1011,WH-002,2024-09-25,436.6,392.9,480.3,moving_average
SKU-1011,WH-002,2024-09-26,436.6,392.9,480.3,moving_average
SKU-1011,WH-003,2024-06-29,559.6,447.7,671.6,xgboost
SKU-1011,WH-003,2024-06-30,406.3,325.0,487.6,xgboost
SKU-1011,WH-003,2024-07-01,510.6,408.5,612.7,xgboost
SKU-1011,WH-003,2024-07-02,530.5,424.4,636.6,xgboost
SKU-1011,WH-003,2024-07-03,524.3,419.5,629.2,xgboost
SKU-1011,WH-003,2024-07-04,562.7,450.2,675.3,xgboost
SKU-1011,WH-003,2024-07-05,575.5,460.4,690.6,xgboost
SKU-1011,WH-003,2024-07-06,648.1,518.5,777.7,xgboost
SKU-1011,WH-003,2024-07-07,520.0,416.0,624.0,xgboost
SKU-1011,WH-003,2024-07-08,560.5,448.4,672.6,xgboost
SKU-1011,WH-003,2024-07-09,496.2,397.0,595.4,xgboost
SKU-1011,WH-003,2024-07-10,526.5,421.2,631.8,xgboost
SKU-1011,WH-003,2024-07-11,548.4,438.7,658.1,xgboost
SKU-1011,WH-003,2024-07-12,507.8,406.3,609.4,xgboost
SKU-1011,WH-003,2024-07-13,506.1,404.9,607.3,xgboost
SKU-1011,WH-003,2024-07-14,448.9,359.1,538.7,xgboost
SKU-1011,WH-003,2024-07-15,484.4,387.5,581.2,xgboost
SKU-1011,WH-003,2024-07-16,449.6,359.6,539.5,xgboost
SKU-1011,WH-003,2024-07-17,511.3,409.0,613.5,xgboost
SKU-1011,WH-003,2024-07-18,504.6,403.7,605.5,xgboost
SKU-1011,WH-003,2024-07-19,496.5,397.2,595.8,xgboost
SKU-1011,WH-003,2024-07-20,509.6,407.7,611.5,xgboost
SKU-1011,WH-003,2024-07-21,476.7,381.3,572.0,xgboost
SKU-1011,WH-003,2024-07-22,461.5,369.2,553.8,xgboost
SKU-1011,WH-003,2024-07-23,471.6,377.3,565.9,xgboost
SKU-1011,WH-003,2024-07-24,502.1,401.6,602.5,xgboost
SKU-1011,WH-003,2024-07-25,498.1,398.5,597.7,xgboost
SKU-1011,WH-003,2024-07-26,492.4,393.9,590.9,xgboost
SKU-1011,WH-003,2024-07-27,492.7,394.2,591.3,xgboost
SKU-1011,WH-003,2024-07-28,489.3,391.4,587.2,xgboost
SKU-1011,WH-003,2024-07-29,494.8,395.8,593.8,xgboost
SKU-1011,WH-003,2024-07-30,489.4,391.5,587.2,xgboost
SKU-1011,WH-003,2024-07-31,523.1,418.5,627.7,xgboost
SKU-1011,WH-003,2024-08-01,539.1,431.2,646.9,xgboost
SKU-1011,WH-003,2024-08-02,542.8,434.3,651.4,xgboost
SKU-1011,WH-003,2024-08-03,539.9,431.9,647.9,xgboost
SKU-1011,WH-003,2024-08-04,551.5,441.2,661.8,xgboost
SKU-1011,WH-003,2024-08-05,551.8,441.4,662.2,xgboost
SKU-1011,WH-003,2024-08-06,554.7,443.7,665.6,xgboost
SKU-1011,WH-003,2024-08-07,558.7,447.0,670.4,xgboost
SKU-1011,WH-003,2024-08-08,609.9,487.9,731.9,xgboost
SKU-1011,WH-003,2024-08-09,558.9,447.1,670.7,xgboost
SKU-1011,WH-003,2024-08-10,537.6,430.1,645.2,xgboost
SKU-1011,WH-003,2024-08-11,543.1,434.5,651.8,xgboost
SKU-1011,WH-003,2024-08-12,498.3,398.6,597.9,xgboost
SKU-1011,WH-003,2024-08-13,472.1,377.7,566.5,xgboost
SKU-1011,WH-003,2024-08-14,432.8,346.2,519.4,xgboost
SKU-1011,WH-003,2024-08-15,463.6,370.9,556.3,xgboost
SKU-1011,WH-003,2024-08-16,478.8,383.1,574.6,xgboost
SKU-1011,WH-003,2024-08-17,462.9,370.3,555.5,xgboost
SKU-1011,WH-003,2024-08-18,466.8,373.4,560.1,xgboost
SKU-1011,WH-003,2024-08-19,414.3,331.4,497.1,xgboost
SKU-1011,WH-003,2024-08-20,463.1,370.5,555.7,xgboost
SKU-1011,WH-003,2024-08-21,428.6,342.9,514.4,xgboost
SKU-1011,WH-003,2024-08-22,447.2,357.7,536.6,xgboost
SKU-1011,WH-003,2024-08-23,453.7,363.0,544.4,xgboost
SKU-1011,WH-003,2024-08-24,433.6,346.9,520.3,xgboost
SKU-1011,WH-003,2024-08-25,430.4,344.3,516.5,xgboost
SKU-1011,WH-003,2024-08-26,421.2,337.0,505.4,xgboost
SKU-1011,WH-003,2024-08-27,419.3,335.5,503.2,xgboost
SKU-1011,WH-003,2024-08-28,444.5,355.6,533.4,xgboost
SKU-1011,WH-003,2024-08-29,474.2,379.3,569.0,xgboost
SKU-1011,WH-003,2024-08-30,510.9,408.7,613.1,xgboost
SKU-1011,WH-003,2024-08-31,504.8,403.9,605.8,xgboost
SKU-1011,WH-003,2024-09-01,499.9,399.9,599.9,xgboost
SKU-1011,WH-003,2024-09-02,459.9,368.0,551.9,xgboost
SKU-1011,WH-003,2024-09-03,506.8,405.5,608.2,xgboost
SKU-1011,WH-003,2024-09-04,528.2,422.5,633.8,xgboost
SKU-1011,WH-003,2024-09-05,599.3,479.4,719.2,xgboost
SKU-1011,WH-003,2024-09-06,587.7,470.2,705.2,xgboost
SKU-1011,WH-003,2024-09-07,572.5,458.0,687.1,xgboost
SKU-1011,WH-003,2024-09-08,585.2,468.2,702.2,xgboost
SKU-1011,WH-003,2024-09-09,562.7,450.2,675.3,xgboost
SKU-1011,WH-003,2024-09-10,539.7,431.8,647.7,xgboost
SKU-1011,WH-003,2024-09-11,550.4,440.3,660.4,xgboost
SKU-1011,WH-003,2024-09-12,566.2,452.9,679.4,xgboost
SKU-1011,WH-003,2024-09-13,508.3,406.7,610.0,xgboost
SKU-1011,WH-003,2024-09-14,478.7,382.9,574.4,xgboost
SKU-1011,WH-003,2024-09-15,445.7,356.5,534.8,xgboost
SKU-1011,WH-003,2024-09-16,418.2,334.6,501.9,xgboost
SKU-1011,WH-003,2024-09-17,430.6,344.5,516.7,xgboost
SKU-1011,WH-003,2024-09-18,448.3,358.6,537.9,xgboost
SKU-1011,WH-003,2024-09-19,469.4,375.6,563.3,xgboost
SKU-1011,WH-003,2024-09-20,502.6,402.1,603.1,xgboost
SKU-1011,WH-003,2024-09-21,461.1,368.9,553.3,xgboost
SKU-1011,WH-003,2024-09-22,452.4,361.9,542.9,xgboost
SKU-1011,WH-003,2024-09-23,427.4,341.9,512.9,xgboost
SKU-1011,WH-003,2024-09-24,428.3,342.7,514.0,xgboost
SKU-1011,WH-003,2024-09-25,439.9,351.9,527.9,xgboost
SKU-1011,WH-003,2024-09-26,476.7,381.4,572.0,xgboost
SKU-1011,WH-004,2024-06-29,507.4,456.7,558.2,moving_average
SKU-1011,WH-004,2024-06-30,507.4,456.7,558.2,moving_average
SKU-1011,WH-004,2024-07-01,507.4,456.7,558.2,moving_average
SKU-1011,WH-004,2024-07-02,507.4,456.7,558.2,moving_average
SKU-1011,WH-004,2024-07-03,507.4,456.7,558.2,moving_average
SKU-1011,WH-004,2024-07-04,507.4,456.7,558.2,moving_average
SKU-1011,WH-004,2024-07-05,507.4,456.7,558.2,moving_average
SKU-1011,WH-004,2024-07-06,507.4,456.7,558.2,moving_average
SKU-1011,WH-004,2024-07-07,507.4,456.7,558.2,moving_average
SKU-1011,WH-004,2024-07-08,507.4,456.7,558.2,moving_average
SKU-1011,WH-004,2024-07-09,507.4,456.7,558.2,moving_average
SKU-1011,WH-004,2024-07-10,507.4,456.7,558.2,moving_average
SKU-1011,WH-004,2024-07-11,507.4,456.7,558.2,moving_average
SKU-1011,WH-004,2024-07-12,507.4,456.7,558.2,moving_average
SKU-1011,WH-004,2024-07-13,507.4,456.7,558.2,moving_average
SKU-1011,WH-004,2024-07-14,507.4,456.7,558.2,moving_average
SKU-1011,WH-004,2024-07-15,507.4,456.7,558.2,moving_average
SKU-1011,WH-004,2024-07-16,507.4,456.7,558.2,moving_average
SKU-1011,WH-004,2024-07-17,507.4,456.7,558.2,moving_average
SKU-1011,WH-004,2024-07-18,507.4,456.7,558.2,moving_average
SKU-1011,WH-004,2024-07-19,507.4,456.7,558.2,moving_average
SKU-1011,WH-004,2024-07-20,507.4,456.7,558.2,moving_average
SKU-1011,WH-004,2024-07-21,507.4,456.7,558.2,moving_average
SKU-1011,WH-004,2024-07-22,507.4,456.7,558.2,moving_average
SKU-1011,WH-004,2024-07-23,507.4,456.7,558.2,moving_average
SKU-1011,WH-004,2024-07-24,507.4,456.7,558.2,moving_average
SKU-1011,WH-004,2024-07-25,507.4,456.7,558.2,moving_average
SKU-1011,WH-004,2024-07-26,507.4,456.7,558.2,moving_average
SKU-1011,WH-004,2024-07-27,507.4,456.7,558.2,moving_average
SKU-1011,WH-004,2024-07-28,507.4,456.7,558.2,moving_average
SKU-1011,WH-004,2024-07-29,507.4,456.7,558.2,moving_average
SKU-1011,WH-004,2024-07-30,507.4,456.7,558.2,moving_average
SKU-1011,WH-004,2024-07-31,507.4,456.7,558.2,moving_average
SKU-1011,WH-004,2024-08-01,507.4,456.7,558.2,moving_average
SKU-1011,WH-004,2024-08-02,507.4,456.7,558.2,moving_average
SKU-1011,WH-004,2024-08-03,507.4,456.7,558.2,moving_average
SKU-1011,WH-004,2024-08-04,507.4,456.7,558.2,moving_average
SKU-1011,WH-004,2024-08-05,507.4,456.7,558.2,moving_average
SKU-1011,WH-004,2024-08-06,507.4,456.7,558.2,moving_average
SKU-1011,WH-004,2024-08-07,507.4,456.7,558.2,moving_average
SKU-1011,WH-004,2024-08-08,507.4,456.7,558.2,moving_average
SKU-1011,WH-004,2024-08-09,507.4,456.7,558.2,moving_average
SKU-1011,WH-004,2024-08-10,507.4,456.7,558.2,moving_average
SKU-1011,WH-004,2024-08-11,507.4,456.7,558.2,moving_average
SKU-1011,WH-004,2024-08-12,507.4,456.7,558.2,moving_average
SKU-1011,WH-004,2024-08-13,507.4,456.7,558.2,moving_average
SKU-1011,WH-004,2024-08-14,507.4,456.7,558.2,moving_average
SKU-1011,WH-004,2024-08-15,507.4,456.7,558.2,moving_average
SKU-1011,WH-004,2024-08-16,507.4,456.7,558.2,moving_average
SKU-1011,WH-004,2024-08-17,507.4,456.7,558.2,moving_average
SKU-1011,WH-004,2024-08-18,507.4,456.7,558.2,moving_average
SKU-1011,WH-004,2024-08-19,507.4,456.7,558.2,moving_average
SKU-1011,WH-004,2024-08-20,507.4,456.7,558.2,moving_average
SKU-1011,WH-004,2024-08-21,507.4,456.7,558.2,moving_average
SKU-1011,WH-004,2024-08-22,507.4,456.7,558.2,moving_average
SKU-1011,WH-004,2024-08-23,507.4,456.7,558.2,moving_average
SKU-1011,WH-004,2024-08-24,507.4,456.7,558.2,moving_average
SKU-1011,WH-004,2024-08-25,507.4,456.7,558.2,moving_average
SKU-1011,WH-004,2024-08-26,507.4,456.7,558.2,moving_average
SKU-1011,WH-004,2024-08-27,507.4,456.7,558.2,moving_average
SKU-1011,WH-004,2024-08-28,507.4,456.7,558.2,moving_average
SKU-1011,WH-004,2024-08-29,507.4,456.7,558.2,moving_average
SKU-1011,WH-004,2024-08-30,507.4,456.7,558.2,moving_average
SKU-1011,WH-004,2024-08-31,507.4,456.7,558.2,moving_average
SKU-1011,WH-004,2024-09-01,507.4,456.7,558.2,moving_average
SKU-1011,WH-004,2024-09-02,507.4,456.7,558.2,moving_average
SKU-1011,WH-004,2024-09-03,507.4,456.7,558.2,moving_average
SKU-1011,WH-004,2024-09-04,507.4,456.7,558.2,moving_average
SKU-1011,WH-004,2024-09-05,507.4,456.7,558.2,moving_average
SKU-1011,WH-004,2024-09-06,507.4,456.7,558.2,moving_average
SKU-1011,WH-004,2024-09-07,507.4,456.7,558.2,moving_average
SKU-1011,WH-004,2024-09-08,507.4,456.7,558.2,moving_average
SKU-1011,WH-004,2024-09-09,507.4,456.7,558.2,moving_average
SKU-1011,WH-004,2024-09-10,507.4,456.7,558.2,moving_average
SKU-1011,WH-004,2024-09-11,507.4,456.7,558.2,moving_average
SKU-1011,WH-004,2024-09-12,507.4,456.7,558.2,moving_average
SKU-1011,WH-004,2024-09-13,507.4,456.7,558.2,moving_average
SKU-1011,WH-004,2024-09-14,507.4,456.7,558.2,moving_average
SKU-1011,WH-004,2024-09-15,507.4,456.7,558.2,moving_average
SKU-1011,WH-004,2024-09-16,507.4,456.7,558.2,moving_average
SKU-1011,WH-004,2024-09-17,507.4,456.7,558.2,moving_average
SKU-1011,WH-004,2024-09-18,507.4,456.7,558.2,moving_average
SKU-1011,WH-004,2024-09-19,507.4,456.7,558.2,moving_average
SKU-1011,WH-004,2024-09-20,507.4,456.7,558.2,moving_average
SKU-1011,WH-004,2024-09-21,507.4,456.7,558.2,moving_average
SKU-1011,WH-004,2024-09-22,507.4,456.7,558.2,moving_average
SKU-1011,WH-004,2024-09-23,507.4,456.7,558.2,moving_average
SKU-1011,WH-004,2024-09-24,507.4,456.7,558.2,moving_average
SKU-1011,WH-004,2024-09-25,507.4,456.7,558.2,moving_average
SKU-1011,WH-004,2024-09-26,507.4,456.7,558.2,moving_average
SKU-1011,WH-005,2024-06-29,472.4,425.2,519.7,moving_average
SKU-1011,WH-005,2024-06-30,472.4,425.2,519.7,moving_average
SKU-1011,WH-005,2024-07-01,472.4,425.2,519.7,moving_average
SKU-1011,WH-005,2024-07-02,472.4,425.2,519.7,moving_average
SKU-1011,WH-005,2024-07-03,472.4,425.2,519.7,moving_average
SKU-1011,WH-005,2024-07-04,472.4,425.2,519.7,moving_average
SKU-1011,WH-005,2024-07-05,472.4,425.2,519.7,moving_average
SKU-1011,WH-005,2024-07-06,472.4,425.2,519.7,moving_average
SKU-1011,WH-005,2024-07-07,472.4,425.2,519.7,moving_average
SKU-1011,WH-005,2024-07-08,472.4,425.2,519.7,moving_average
SKU-1011,WH-005,2024-07-09,472.4,425.2,519.7,moving_average
SKU-1011,WH-005,2024-07-10,472.4,425.2,519.7,moving_average
SKU-1011,WH-005,2024-07-11,472.4,425.2,519.7,moving_average
SKU-1011,WH-005,2024-07-12,472.4,425.2,519.7,moving_average
SKU-1011,WH-005,2024-07-13,472.4,425.2,519.7,moving_average
SKU-1011,WH-005,2024-07-14,472.4,425.2,519.7,moving_average
SKU-1011,WH-005,2024-07-15,472.4,425.2,519.7,moving_average
SKU-1011,WH-005,2024-07-16,472.4,425.2,519.7,moving_average
SKU-1011,WH-005,2024-07-17,472.4,425.2,519.7,moving_average
SKU-1011,WH-005,2024-07-18,472.4,425.2,519.7,moving_average
SKU-1011,WH-005,2024-07-19,472.4,425.2,519.7,moving_average
SKU-1011,WH-005,2024-07-20,472.4,425.2,519.7,moving_average
SKU-1011,WH-005,2024-07-21,472.4,425.2,519.7,moving_average
SKU-1011,WH-005,2024-07-22,472.4,425.2,519.7,moving_average
SKU-1011,WH-005,2024-07-23,472.4,425.2,519.7,moving_average
SKU-1011,WH-005,2024-07-24,472.4,425.2,519.7,moving_average
SKU-1011,WH-005,2024-07-25,472.4,425.2,519.7,moving_average
SKU-1011,WH-005,2024-07-26,472.4,425.2,519.7,moving_average
SKU-1011,WH-005,2024-07-27,472.4,425.2,519.7,moving_average
SKU-1011,WH-005,2024-07-28,472.4,425.2,519.7,moving_average
SKU-1011,WH-005,2024-07-29,472.4,425.2,519.7,moving_average
SKU-1011,WH-005,2024-07-30,472.4,425.2,519.7,moving_average
SKU-1011,WH-005,2024-07-31,472.4,425.2,519.7,moving_average
SKU-1011,WH-005,2024-08-01,472.4,425.2,519.7,moving_average
SKU-1011,WH-005,2024-08-02,472.4,425.2,519.7,moving_average
SKU-1011,WH-005,2024-08-03,472.4,425.2,519.7,moving_average
SKU-1011,WH-005,2024-08-04,472.4,425.2,519.7,moving_average
SKU-1011,WH-005,2024-08-05,472.4,425.2,519.7,moving_average
SKU-1011,WH-005,2024-08-06,472.4,425.2,519.7,moving_average
SKU-1011,WH-005,2024-08-07,472.4,425.2,519.7,moving_average
SKU-1011,WH-005,2024-08-08,472.4,425.2,519.7,moving_average
SKU-1011,WH-005,2024-08-09,472.4,425.2,519.7,moving_average
SKU-1011,WH-005,2024-08-10,472.4,425.2,519.7,moving_average
SKU-1011,WH-005,2024-08-11,472.4,425.2,519.7,moving_average
SKU-1011,WH-005,2024-08-12,472.4,425.2,519.7,moving_average
SKU-1011,WH-005,2024-08-13,472.4,425.2,519.7,moving_average
SKU-1011,WH-005,2024-08-14,472.4,425.2,519.7,moving_average
SKU-1011,WH-005,2024-08-15,472.4,425.2,519.7,moving_average
SKU-1011,WH-005,2024-08-16,472.4,425.2,519.7,moving_average
SKU-1011,WH-005,2024-08-17,472.4,425.2,519.7,moving_average
SKU-1011,WH-005,2024-08-18,472.4,425.2,519.7,moving_average
SKU-1011,WH-005,2024-08-19,472.4,425.2,519.7,moving_average
SKU-1011,WH-005,2024-08-20,472.4,425.2,519.7,moving_average
SKU-1011,WH-005,2024-08-21,472.4,425.2,519.7,moving_average
SKU-1011,WH-005,2024-08-22,472.4,425.2,519.7,moving_average
SKU-1011,WH-005,2024-08-23,472.4,425.2,519.7,moving_average
SKU-1011,WH-005,2024-08-24,472.4,425.2,519.7,moving_average
SKU-1011,WH-005,2024-08-25,472.4,425.2,519.7,moving_average
SKU-1011,WH-005,2024-08-26,472.4,425.2,519.7,moving_average
SKU-1011,WH-005,2024-08-27,472.4,425.2,519.7,moving_average
SKU-1011,WH-005,2024-08-28,472.4,425.2,519.7,moving_average
SKU-1011,WH-005,2024-08-29,472.4,425.2,519.7,moving_average
SKU-1011,WH-005,2024-08-30,472.4,425.2,519.7,moving_average
SKU-1011,WH-005,2024-08-31,472.4,425.2,519.7,moving_average
SKU-1011,WH-005,2024-09-01,472.4,425.2,519.7,moving_average
SKU-1011,WH-005,2024-09-02,472.4,425.2,519.7,moving_average
SKU-1011,WH-005,2024-09-03,472.4,425.2,519.7,moving_average
SKU-1011,WH-005,2024-09-04,472.4,425.2,519.7,moving_average
SKU-1011,WH-005,2024-09-05,472.4,425.2,519.7,moving_average
SKU-1011,WH-005,2024-09-06,472.4,425.2,519.7,moving_average
SKU-1011,WH-005,2024-09-07,472.4,425.2,519.7,moving_average
SKU-1011,WH-005,2024-09-08,472.4,425.2,519.7,moving_average
SKU-1011,WH-005,2024-09-09,472.4,425.2,519.7,moving_average
SKU-1011,WH-005,2024-09-10,472.4,425.2,519.7,moving_average
SKU-1011,WH-005,2024-09-11,472.4,425.2,519.7,moving_average
SKU-1011,WH-005,2024-09-12,472.4,425.2,519.7,moving_average
SKU-1011,WH-005,2024-09-13,472.4,425.2,519.7,moving_average
SKU-1011,WH-005,2024-09-14,472.4,425.2,519.7,moving_average
SKU-1011,WH-005,2024-09-15,472.4,425.2,519.7,moving_average
SKU-1011,WH-005,2024-09-16,472.4,425.2,519.7,moving_average
SKU-1011,WH-005,2024-09-17,472.4,425.2,519.7,moving_average
SKU-1011,WH-005,2024-09-18,472.4,425.2,519.7,moving_average
SKU-1011,WH-005,2024-09-19,472.4,425.2,519.7,moving_average
SKU-1011,WH-005,2024-09-20,472.4,425.2,519.7,moving_average
SKU-1011,WH-005,2024-09-21,472.4,425.2,519.7,moving_average
SKU-1011,WH-005,2024-09-22,472.4,425.2,519.7,moving_average
SKU-1011,WH-005,2024-09-23,472.4,425.2,519.7,moving_average
SKU-1011,WH-005,2024-09-24,472.4,425.2,519.7,moving_average
SKU-1011,WH-005,2024-09-25,472.4,425.2,519.7,moving_average
SKU-1011,WH-005,2024-09-26,472.4,425.2,519.7,moving_average
SKU-1011,WH-006,2024-06-29,471.2,424.1,518.3,moving_average
SKU-1011,WH-006,2024-06-30,471.2,424.1,518.3,moving_average
SKU-1011,WH-006,2024-07-01,471.2,424.1,518.3,moving_average
SKU-1011,WH-006,2024-07-02,471.2,424.1,518.3,moving_average
SKU-1011,WH-006,2024-07-03,471.2,424.1,518.3,moving_average
SKU-1011,WH-006,2024-07-04,471.2,424.1,518.3,moving_average
SKU-1011,WH-006,2024-07-05,471.2,424.1,518.3,moving_average
SKU-1011,WH-006,2024-07-06,471.2,424.1,518.3,moving_average
SKU-1011,WH-006,2024-07-07,471.2,424.1,518.3,moving_average
SKU-1011,WH-006,2024-07-08,471.2,424.1,518.3,moving_average
SKU-1011,WH-006,2024-07-09,471.2,424.1,518.3,moving_average
SKU-1011,WH-006,2024-07-10,471.2,424.1,518.3,moving_average
SKU-1011,WH-006,2024-07-11,471.2,424.1,518.3,moving_average
SKU-1011,WH-006,2024-07-12,471.2,424.1,518.3,moving_average
SKU-1011,WH-006,2024-07-13,471.2,424.1,518.3,moving_average
SKU-1011,WH-006,2024-07-14,471.2,424.1,518.3,moving_average
SKU-1011,WH-006,2024-07-15,471.2,424.1,518.3,moving_average
SKU-1011,WH-006,2024-07-16,471.2,424.1,518.3,moving_average
SKU-1011,WH-006,2024-07-17,471.2,424.1,518.3,moving_average
SKU-1011,WH-006,2024-07-18,471.2,424.1,518.3,moving_average
SKU-1011,WH-006,2024-07-19,471.2,424.1,518.3,moving_average
SKU-1011,WH-006,2024-07-20,471.2,424.1,518.3,moving_average
SKU-1011,WH-006,2024-07-21,471.2,424.1,518.3,moving_average
SKU-1011,WH-006,2024-07-22,471.2,424.1,518.3,moving_average
SKU-1011,WH-006,2024-07-23,471.2,424.1,518.3,moving_average
SKU-1011,WH-006,2024-07-24,471.2,424.1,518.3,moving_average
SKU-1011,WH-006,2024-07-25,471.2,424.1,518.3,moving_average
SKU-1011,WH-006,2024-07-26,471.2,424.1,518.3,moving_average
SKU-1011,WH-006,2024-07-27,471.2,424.1,518.3,moving_average
SKU-1011,WH-006,2024-07-28,471.2,424.1,518.3,moving_average
SKU-1011,WH-006,2024-07-29,471.2,424.1,518.3,moving_average
SKU-1011,WH-006,2024-07-30,471.2,424.1,518.3,moving_average
SKU-1011,WH-006,2024-07-31,471.2,424.1,518.3,moving_average
SKU-1011,WH-006,2024-08-01,471.2,424.1,518.3,moving_average
SKU-1011,WH-006,2024-08-02,471.2,424.1,518.3,moving_average
SKU-1011,WH-006,2024-08-03,471.2,424.1,518.3,moving_average
SKU-1011,WH-006,2024-08-04,471.2,424.1,518.3,moving_average
SKU-1011,WH-006,2024-08-05,471.2,424.1,518.3,moving_average
SKU-1011,WH-006,2024-08-06,471.2,424.1,518.3,moving_average
SKU-1011,WH-006,2024-08-07,471.2,424.1,518.3,moving_average
SKU-1011,WH-006,2024-08-08,471.2,424.1,518.3,moving_average
SKU-1011,WH-006,2024-08-09,471.2,424.1,518.3,moving_average
SKU-1011,WH-006,2024-08-10,471.2,424.1,518.3,moving_average
SKU-1011,WH-006,2024-08-11,471.2,424.1,518.3,moving_average
SKU-1011,WH-006,2024-08-12,471.2,424.1,518.3,moving_average
SKU-1011,WH-006,2024-08-13,471.2,424.1,518.3,moving_average
SKU-1011,WH-006,2024-08-14,471.2,424.1,518.3,moving_average
SKU-1011,WH-006,2024-08-15,471.2,424.1,518.3,moving_average
SKU-1011,WH-006,2024-08-16,471.2,424.1,518.3,moving_average
SKU-1011,WH-006,2024-08-17,471.2,424.1,518.3,moving_average
SKU-1011,WH-006,2024-08-18,471.2,424.1,518.3,moving_average
SKU-1011,WH-006,2024-08-19,471.2,424.1,518.3,moving_average
SKU-1011,WH-006,2024-08-20,471.2,424.1,518.3,moving_average
SKU-1011,WH-006,2024-08-21,471.2,424.1,518.3,moving_average
SKU-1011,WH-006,2024-08-22,471.2,424.1,518.3,moving_average
SKU-1011,WH-006,2024-08-23,471.2,424.1,518.3,moving_average
SKU-1011,WH-006,2024-08-24,471.2,424.1,518.3,moving_average
SKU-1011,WH-006,2024-08-25,471.2,424.1,518.3,moving_average
SKU-1011,WH-006,2024-08-26,471.2,424.1,518.3,moving_average
SKU-1011,WH-006,2024-08-27,471.2,424.1,518.3,moving_average
SKU-1011,WH-006,2024-08-28,471.2,424.1,518.3,moving_average
SKU-1011,WH-006,2024-08-29,471.2,424.1,518.3,moving_average
SKU-1011,WH-006,2024-08-30,471.2,424.1,518.3,moving_average
SKU-1011,WH-006,2024-08-31,471.2,424.1,518.3,moving_average
SKU-1011,WH-006,2024-09-01,471.2,424.1,518.3,moving_average
SKU-1011,WH-006,2024-09-02,471.2,424.1,518.3,moving_average
SKU-1011,WH-006,2024-09-03,471.2,424.1,518.3,moving_average
SKU-1011,WH-006,2024-09-04,471.2,424.1,518.3,moving_average
SKU-1011,WH-006,2024-09-05,471.2,424.1,518.3,moving_average
SKU-1011,WH-006,2024-09-06,471.2,424.1,518.3,moving_average
SKU-1011,WH-006,2024-09-07,471.2,424.1,518.3,moving_average
SKU-1011,WH-006,2024-09-08,471.2,424.1,518.3,moving_average
SKU-1011,WH-006,2024-09-09,471.2,424.1,518.3,moving_average
SKU-1011,WH-006,2024-09-10,471.2,424.1,518.3,moving_average
SKU-1011,WH-006,2024-09-11,471.2,424.1,518.3,moving_average
SKU-1011,WH-006,2024-09-12,471.2,424.1,518.3,moving_average
SKU-1011,WH-006,2024-09-13,471.2,424.1,518.3,moving_average
SKU-1011,WH-006,2024-09-14,471.2,424.1,518.3,moving_average
SKU-1011,WH-006,2024-09-15,471.2,424.1,518.3,moving_average
SKU-1011,WH-006,2024-09-16,471.2,424.1,518.3,moving_average
SKU-1011,WH-006,2024-09-17,471.2,424.1,518.3,moving_average
SKU-1011,WH-006,2024-09-18,471.2,424.1,518.3,moving_average
SKU-1011,WH-006,2024-09-19,471.2,424.1,518.3,moving_average
SKU-1011,WH-006,2024-09-20,471.2,424.1,518.3,moving_average
SKU-1011,WH-006,2024-09-21,471.2,424.1,518.3,moving_average
SKU-1011,WH-006,2024-09-22,471.2,424.1,518.3,moving_average
SKU-1011,WH-006,2024-09-23,471.2,424.1,518.3,moving_average
SKU-1011,WH-006,2024-09-24,471.2,424.1,518.3,moving_average
SKU-1011,WH-006,2024-09-25,471.2,424.1,518.3,moving_average
SKU-1011,WH-006,2024-09-26,471.2,424.1,518.3,moving_average
SKU-1011,WH-007,2024-06-29,455.6,410.0,501.2,moving_average
SKU-1011,WH-007,2024-06-30,455.6,410.0,501.2,moving_average
SKU-1011,WH-007,2024-07-01,455.6,410.0,501.2,moving_average
SKU-1011,WH-007,2024-07-02,586.4,527.7,645.0,moving_average
SKU-1011,WH-007,2024-07-03,586.4,527.7,645.0,moving_average
SKU-1011,WH-007,2024-07-04,586.4,527.7,645.0,moving_average
SKU-1011,WH-007,2024-07-05,586.4,527.7,645.0,moving_average
SKU-1011,WH-007,2024-07-06,586.4,527.7,645.0,moving_average
SKU-1011,WH-007,2024-07-07,586.4,527.7,645.0,moving_average
SKU-1011,WH-007,2024-07-08,455.6,410.0,501.2,moving_average
SKU-1011,WH-007,2024-07-09,455.6,410.0,501.2,moving_average
SKU-1011,WH-007,2024-07-10,455.6,410.0,501.2,moving_average
SKU-1011,WH-007,2024-07-11,455.6,410.0,501.2,moving_average
SKU-1011,WH-007,2024-07-12,455.6,410.0,501.2,moving_average
SKU-1011,WH-007,2024-07-13,455.6,410.0,501.2,moving_average
SKU-1011,WH-007,2024-07-14,455.6,410.0,501.2,moving_average
SKU-1011,WH-007,2024-07-15,455.6,410.0,501.2,moving_average
SKU-1011,WH-007,2024-07-16,455.6,410.0,501.2,moving_average
SKU-1011,WH-007,2024-07-17,455.6,410.0,501.2,moving_average
SKU-1011,WH-007,2024-07-18,455.6,410.0,501.2,moving_average
SKU-1011,WH-007,2024-07-19,455.6,410.0,501.2,moving_average
SKU-1011,WH-007,2024-07-20,455.6,410.0,501.2,moving_average
SKU-1011,WH-007,2024-07-21,455.6,410.0,501.2,moving_average
SKU-1011,WH-007,2024-07-22,455.6,410.0,501.2,moving_average
SKU-1011,WH-007,2024-07-23,455.6,410.0,501.2,moving_average
SKU-1011,WH-007,2024-07-24,455.6,410.0,501.2,moving_average
SKU-1011,WH-007,2024-07-25,455.6,410.0,501.2,moving_average
SKU-1011,WH-007,2024-07-26,455.6,410.0,501.2,moving_average
SKU-1011,WH-007,2024-07-27,455.6,410.0,501.2,moving_average
SKU-1011,WH-007,2024-07-28,455.6,410.0,501.2,moving_average
SKU-1011,WH-007,2024-07-29,455.6,410.0,501.2,moving_average
SKU-1011,WH-007,2024-07-30,455.6,410.0,501.2,moving_average
SKU-1011,WH-007,2024-07-31,455.6,410.0,501.2,moving_average
SKU-1011,WH-007,2024-08-01,455.6,410.0,501.2,moving_average
SKU-1011,WH-007,2024-08-02,455.6,410.0,501.2,moving_average
SKU-1011,WH-007,2024-08-03,455.6,410.0,501.2,moving_average
SKU-1011,WH-007,2024-08-04,455.6,410.0,501.2,moving_average
SKU-1011,WH-007,2024-08-05,455.6,410.0,501.2,moving_average
SKU-1011,WH-007,2024-08-06,455.6,410.0,501.2,moving_average
SKU-1011,WH-007,2024-08-07,455.6,410.0,501.2,moving_average
SKU-1011,WH-007,2024-08-08,455.6,410.0,501.2,moving_average
SKU-1011,WH-007,2024-08-09,455.6,410.0,501.2,moving_average
SKU-1011,WH-007,2024-08-10,455.6,410.0,501.2,moving_average
SKU-1011,WH-007,2024-08-11,455.6,410.0,501.2,moving_average
SKU-1011,WH-007,2024-08-12,455.6,410.0,501.2,moving_average
SKU-1011,WH-007,2024-08-13,455.6,410.0,501.2,moving_average
SKU-1011,WH-007,2024-08-14,455.6,410.0,501.2,moving_average
SKU-1011,WH-007,2024-08-15,455.6,410.0,501.2,moving_average
SKU-1011,WH-007,2024-08-16,455.6,410.0,501.2,moving_average
SKU-1011,WH-007,2024-08-17,455.6,410.0,501.2,moving_average
SKU-1011,WH-007,2024-08-18,455.6,410.0,501.2,moving_average
SKU-1011,WH-007,2024-08-19,455.6,410.0,501.2,moving_average
SKU-1011,WH-007,2024-08-20,455.6,410.0,501.2,moving_average
SKU-1011,WH-007,2024-08-21,455.6,410.0,501.2,moving_average
SKU-1011,WH-007,2024-08-22,455.6,410.0,501.2,moving_average
SKU-1011,WH-007,2024-08-23,455.6,410.0,501.2,moving_average
SKU-1011,WH-007,2024-08-24,455.6,410.0,501.2,moving_average
SKU-1011,WH-007,2024-08-25,455.6,410.0,501.2,moving_average
SKU-1011,WH-007,2024-08-26,455.6,410.0,501.2,moving_average
SKU-1011,WH-007,2024-08-27,455.6,410.0,501.2,moving_average
SKU-1011,WH-007,2024-08-28,455.6,410.0,501.2,moving_average
SKU-1011,WH-007,2024-08-29,455.6,410.0,501.2,moving_average
SKU-1011,WH-007,2024-08-30,455.6,410.0,501.2,moving_average
SKU-1011,WH-007,2024-08-31,455.6,410.0,501.2,moving_average
SKU-1011,WH-007,2024-09-01,455.6,410.0,501.2,moving_average
SKU-1011,WH-007,2024-09-02,455.6,410.0,501.2,moving_average
SKU-1011,WH-007,2024-09-03,455.6,410.0,501.2,moving_average
SKU-1011,WH-007,2024-09-04,455.6,410.0,501.2,moving_average
SKU-1011,WH-007,2024-09-05,455.6,410.0,501.2,moving_average
SKU-1011,WH-007,2024-09-06,455.6,410.0,501.2,moving_average
SKU-1011,WH-007,2024-09-07,455.6,410.0,501.2,moving_average
SKU-1011,WH-007,2024-09-08,455.6,410.0,501.2,moving_average
SKU-1011,WH-007,2024-09-09,455.6,410.0,501.2,moving_average
SKU-1011,WH-007,2024-09-10,455.6,410.0,501.2,moving_average
SKU-1011,WH-007,2024-09-11,455.6,410.0,501.2,moving_average
SKU-1011,WH-007,2024-09-12,455.6,410.0,501.2,moving_average
SKU-1011,WH-007,2024-09-13,455.6,410.0,501.2,moving_average
SKU-1011,WH-007,2024-09-14,455.6,410.0,501.2,moving_average
SKU-1011,WH-007,2024-09-15,455.6,410.0,501.2,moving_average
SKU-1011,WH-007,2024-09-16,455.6,410.0,501.2,moving_average
SKU-1011,WH-007,2024-09-17,455.6,410.0,501.2,moving_average
SKU-1011,WH-007,2024-09-18,455.6,410.0,501.2,moving_average
SKU-1011,WH-007,2024-09-19,455.6,410.0,501.2,moving_average
SKU-1011,WH-007,2024-09-20,455.6,410.0,501.2,moving_average
SKU-1011,WH-007,2024-09-21,455.6,410.0,501.2,moving_average
SKU-1011,WH-007,2024-09-22,455.6,410.0,501.2,moving_average
SKU-1011,WH-007,2024-09-23,455.6,410.0,501.2,moving_average
SKU-1011,WH-007,2024-09-24,455.6,410.0,501.2,moving_average
SKU-1011,WH-007,2024-09-25,455.6,410.0,501.2,moving_average
SKU-1011,WH-007,2024-09-26,455.6,410.0,501.2,moving_average
SKU-1012,WH-001,2024-06-29,220.7,176.6,264.9,xgboost
SKU-1012,WH-001,2024-06-30,248.0,198.4,297.6,xgboost
SKU-1012,WH-001,2024-07-01,284.4,227.5,341.2,xgboost
SKU-1012,WH-001,2024-07-02,306.4,245.1,367.7,xgboost
SKU-1012,WH-001,2024-07-03,293.5,234.8,352.2,xgboost
SKU-1012,WH-001,2024-07-04,266.0,212.8,319.2,xgboost
SKU-1012,WH-001,2024-07-05,314.9,252.0,377.9,xgboost
SKU-1012,WH-001,2024-07-06,286.6,229.3,343.9,xgboost
SKU-1012,WH-001,2024-07-07,254.5,203.6,305.4,xgboost
SKU-1012,WH-001,2024-07-08,230.1,184.1,276.1,xgboost
SKU-1012,WH-001,2024-07-09,300.8,240.6,360.9,xgboost
SKU-1012,WH-001,2024-07-10,286.3,229.0,343.5,xgboost
SKU-1012,WH-001,2024-07-11,262.7,210.1,315.2,xgboost
SKU-1012,WH-001,2024-07-12,244.5,195.6,293.4,xgboost
SKU-1012,WH-001,2024-07-13,258.7,207.0,310.5,xgboost
SKU-1012,WH-001,2024-07-14,297.6,238.1,357.1,xgboost
SKU-1012,WH-001,2024-07-15,243.5,194.8,292.2,xgboost
SKU-1012,WH-001,2024-07-16,292.6,234.1,351.1,xgboost
SKU-1012,WH-001,2024-07-17,295.9,236.8,355.1,xgboost
SKU-1012,WH-001,2024-07-18,266.4,213.1,319.7,xgboost
SKU-1012,WH-001,2024-07-19,282.5,226.0,339.0,xgboost
SKU-1012,WH-001,2024-07-20,301.1,240.9,361.3,xgboost
SKU-1012,WH-001,2024-07-21,295.0,236.0,354.0,xgboost
SKU-1012,WH-001,2024-07-22,228.8,183.0,274.6,xgboost
SKU-1012,WH-001,2024-07-23,237.7,190.2,285.2,xgboost
SKU-1012,WH-001,2024-07-24,324.5,259.6,389.4,xgboost
SKU-1012,WH-001,2024-07-25,292.5,234.0,351.1,xgboost
SKU-1012,WH-001,2024-07-26,269.3,215.4,323.1,xgboost
SKU-1012,WH-001,2024-07-27,251.6,201.3,302.0,xgboost
SKU-1012,WH-001,2024-07-28,243.9,195.1,292.7,xgboost
SKU-1012,WH-001,2024-07-29,248.4,198.7,298.1,xgboost
SKU-1012,WH-001,2024-07-30,350.2,280.2,420.2,xgboost
SKU-1012,WH-001,2024-07-31,356.1,284.9,427.3,xgboost
SKU-1012,WH-001,2024-08-01,275.6,220.5,330.7,xgboost
SKU-1012,WH-001,2024-08-02,288.9,231.1,346.6,xgboost
SKU-1012,WH-001,2024-08-03,303.3,242.6,363.9,xgboost
SKU-1012,WH-001,2024-08-04,286.8,229.4,344.1,xgboost
SKU-1012,WH-001,2024-08-05,276.6,221.2,331.9,xgboost
SKU-1012,WH-001,2024-08-06,272.3,217.8,326.7,xgboost
SKU-1012,WH-001,2024-08-07,286.1,228.9,343.4,xgboost
SKU-1012,WH-001,2024-08-08,316.4,253.1,379.6,xgboost
SKU-1012,WH-001,2024-08-09,266.0,212.8,319.2,xgboost
SKU-1012,WH-001,2024-08-10,261.2,208.9,313.4,xgboost
SKU-1012,WH-001,2024-08-11,252.7,202.2,303.2,xgboost
SKU-1012,WH-001,2024-08-12,219.1,175.3,262.9,xgboost
SKU-1012,WH-001,2024-08-13,281.3,225.0,337.5,xgboost
SKU-1012,WH-001,2024-08-14,290.4,232.3,348.5,xgboost
SKU-1012,WH-001,2024-08-15,265.7,212.6,318.9,xgboost
SKU-1012,WH-001,2024-08-16,251.3,201.0,301.5,xgboost
SKU-1012,WH-001,2024-08-17,283.6,226.9,340.3,xgboost
SKU-1012,WH-001,2024-08-18,274.4,219.5,329.3,xgboost
SKU-1012,WH-001,2024-08-19,246.5,197.2,295.7,xgboost
SKU-1012,WH-001,2024-08-20,428.0,342.4,513.6,xgboost
SKU-1012,WH-001,2024-08-21,301.1,240.9,361.3,xgboost
SKU-1012,WH-001,2024-08-22,215.6,172.5,258.7,xgboost
SKU-1012,WH-001,2024-08-23,251.3,201.1,301.6,xgboost
SKU-1012,WH-001,2024-08-24,222.3,177.8,266.7,xgboost
SKU-1012,WH-001,2024-08-25,227.6,182.0,273.1,xgboost
SKU-1012,WH-001,2024-08-26,222.8,178.2,267.3,xgboost
SKU-1012,WH-001,2024-08-27,269.3,215.4,323.1,xgboost
SKU-1012,WH-001,2024-08-28,271.0,216.8,325.2,xgboost
SKU-1012,WH-001,2024-08-29,253.1,202.5,303.7,xgboost
SKU-1012,WH-001,2024-08-30,311.9,249.6,374.3,xgboost
SKU-1012,WH-001,2024-08-31,282.3,225.9,338.8,xgboost
SKU-1012,WH-001,2024-09-01,290.8,232.6,349.0,xgboost
SKU-1012,WH-001,2024-09-02,282.8,226.3,339.4,xgboost
SKU-1012,WH-001,2024-09-03,324.1,259.3,388.9,xgboost
SKU-1012,WH-001,2024-09-04,278.4,222.7,334.0,xgboost
SKU-1012,WH-001,2024-09-05,321.1,256.9,385.3,xgboost
SKU-1012,WH-001,2024-09-06,283.2,226.5,339.8,xgboost
SKU-1012,WH-001,2024-09-07,278.1,222.5,333.8,xgboost
SKU-1012,WH-001,2024-09-08,273.9,219.1,328.7,xgboost
SKU-1012,WH-001,2024-09-09,267.1,213.7,320.5,xgboost
SKU-1012,WH-001,2024-09-10,274.5,219.6,329.3,xgboost
SKU-1012,WH-001,2024-09-11,263.5,210.8,316.2,xgboost
SKU-1012,WH-001,2024-09-12,243.9,195.1,292.7,xgboost
SKU-1012,WH-001,2024-09-13,228.5,182.8,274.2,xgboost
SKU-1012,WH-001,2024-09-14,287.7,230.1,345.2,xgboost
SKU-1012,WH-001,2024-09-15,278.9,223.1,334.6,xgboost
SKU-1012,WH-001,2024-09-16,248.3,198.6,297.9,xgboost
SKU-1012,WH-001,2024-09-17,335.1,268.1,402.2,xgboost
SKU-1012,WH-001,2024-09-18,295.5,236.4,354.6,xgboost
SKU-1012,WH-001,2024-09-19,312.5,250.0,375.0,xgboost
SKU-1012,WH-001,2024-09-20,272.5,218.0,327.0,xgboost
SKU-1012,WH-001,2024-09-21,303.9,243.1,364.6,xgboost
SKU-1012,WH-001,2024-09-22,259.6,207.6,311.5,xgboost
SKU-1012,WH-001,2024-09-23,235.8,188.6,283.0,xgboost
SKU-1012,WH-001,2024-09-24,285.3,228.2,342.3,xgboost
SKU-1012,WH-001,2024-09-25,271.0,216.8,325.1,xgboost
SKU-1012,WH-001,2024-09-26,204.2,163.4,245.0,xgboost
SKU-1012,WH-002,2024-06-29,274.7,247.2,302.2,moving_average
SKU-1012,WH-002,2024-06-30,274.7,247.2,302.2,moving_average
SKU-1012,WH-002,2024-07-01,274.7,247.2,302.2,moving_average
SKU-1012,WH-002,2024-07-02,274.7,247.2,302.2,moving_average
SKU-1012,WH-002,2024-07-03,274.7,247.2,302.2,moving_average
SKU-1012,WH-002,2024-07-04,274.7,247.2,302.2,moving_average
SKU-1012,WH-002,2024-07-05,274.7,247.2,302.2,moving_average
SKU-1012,WH-002,2024-07-06,274.7,247.2,302.2,moving_average
SKU-1012,WH-002,2024-07-07,274.7,247.2,302.2,moving_average
SKU-1012,WH-002,2024-07-08,274.7,247.2,302.2,moving_average
SKU-1012,WH-002,2024-07-09,274.7,247.2,302.2,moving_average
SKU-1012,WH-002,2024-07-10,274.7,247.2,302.2,moving_average
SKU-1012,WH-002,2024-07-11,274.7,247.2,302.2,moving_average
SKU-1012,WH-002,2024-07-12,274.7,247.2,302.2,moving_average
SKU-1012,WH-002,2024-07-13,274.7,247.2,302.2,moving_average
SKU-1012,WH-002,2024-07-14,274.7,247.2,302.2,moving_average
SKU-1012,WH-002,2024-07-15,274.7,247.2,302.2,moving_average
SKU-1012,WH-002,2024-07-16,274.7,247.2,302.2,moving_average
SKU-1012,WH-002,2024-07-17,274.7,247.2,302.2,moving_average
SKU-1012,WH-002,2024-07-18,274.7,247.2,302.2,moving_average
SKU-1012,WH-002,2024-07-19,274.7,247.2,302.2,moving_average
SKU-1012,WH-002,2024-07-20,274.7,247.2,302.2,moving_average
SKU-1012,WH-002,2024-07-21,274.7,247.2,302.2,moving_average
SKU-1012,WH-002,2024-07-22,274.7,247.2,302.2,moving_average
SKU-1012,WH-002,2024-07-23,274.7,247.2,302.2,moving_average
SKU-1012,WH-002,2024-07-24,274.7,247.2,302.2,moving_average
SKU-1012,WH-002,2024-07-25,274.7,247.2,302.2,moving_average
SKU-1012,WH-002,2024-07-26,274.7,247.2,302.2,moving_average
SKU-1012,WH-002,2024-07-27,274.7,247.2,302.2,moving_average
SKU-1012,WH-002,2024-07-28,274.7,247.2,302.2,moving_average
SKU-1012,WH-002,2024-07-29,274.7,247.2,302.2,moving_average
SKU-1012,WH-002,2024-07-30,274.7,247.2,302.2,moving_average
SKU-1012,WH-002,2024-07-31,274.7,247.2,302.2,moving_average
SKU-1012,WH-002,2024-08-01,274.7,247.2,302.2,moving_average
SKU-1012,WH-002,2024-08-02,274.7,247.2,302.2,moving_average
SKU-1012,WH-002,2024-08-03,274.7,247.2,302.2,moving_average
SKU-1012,WH-002,2024-08-04,274.7,247.2,302.2,moving_average
SKU-1012,WH-002,2024-08-05,274.7,247.2,302.2,moving_average
SKU-1012,WH-002,2024-08-06,274.7,247.2,302.2,moving_average
SKU-1012,WH-002,2024-08-07,274.7,247.2,302.2,moving_average
SKU-1012,WH-002,2024-08-08,274.7,247.2,302.2,moving_average
SKU-1012,WH-002,2024-08-09,274.7,247.2,302.2,moving_average
SKU-1012,WH-002,2024-08-10,274.7,247.2,302.2,moving_average
SKU-1012,WH-002,2024-08-11,274.7,247.2,302.2,moving_average
SKU-1012,WH-002,2024-08-12,274.7,247.2,302.2,moving_average
SKU-1012,WH-002,2024-08-13,274.7,247.2,302.2,moving_average
SKU-1012,WH-002,2024-08-14,274.7,247.2,302.2,moving_average
SKU-1012,WH-002,2024-08-15,274.7,247.2,302.2,moving_average
SKU-1012,WH-002,2024-08-16,274.7,247.2,302.2,moving_average
SKU-1012,WH-002,2024-08-17,274.7,247.2,302.2,moving_average
SKU-1012,WH-002,2024-08-18,274.7,247.2,302.2,moving_average
SKU-1012,WH-002,2024-08-19,274.7,247.2,302.2,moving_average
SKU-1012,WH-002,2024-08-20,274.7,247.2,302.2,moving_average
SKU-1012,WH-002,2024-08-21,274.7,247.2,302.2,moving_average
SKU-1012,WH-002,2024-08-22,274.7,247.2,302.2,moving_average
SKU-1012,WH-002,2024-08-23,274.7,247.2,302.2,moving_average
SKU-1012,WH-002,2024-08-24,274.7,247.2,302.2,moving_average
SKU-1012,WH-002,2024-08-25,274.7,247.2,302.2,moving_average
SKU-1012,WH-002,2024-08-26,274.7,247.2,302.2,moving_average
SKU-1012,WH-002,2024-08-27,274.7,247.2,302.2,moving_average
SKU-1012,WH-002,2024-08-28,274.7,247.2,302.2,moving_average
SKU-1012,WH-002,2024-08-29,274.7,247.2,302.2,moving_average
SKU-1012,WH-002,2024-08-30,274.7,247.2,302.2,moving_average
SKU-1012,WH-002,2024-08-31,274.7,247.2,302.2,moving_average
SKU-1012,WH-002,2024-09-01,274.7,247.2,302.2,moving_average
SKU-1012,WH-002,2024-09-02,274.7,247.2,302.2,moving_average
SKU-1012,WH-002,2024-09-03,274.7,247.2,302.2,moving_average
SKU-1012,WH-002,2024-09-04,274.7,247.2,302.2,moving_average
SKU-1012,WH-002,2024-09-05,274.7,247.2,302.2,moving_average
SKU-1012,WH-002,2024-09-06,274.7,247.2,302.2,moving_average
SKU-1012,WH-002,2024-09-07,274.7,247.2,302.2,moving_average
SKU-1012,WH-002,2024-09-08,274.7,247.2,302.2,moving_average
SKU-1012,WH-002,2024-09-09,274.7,247.2,302.2,moving_average
SKU-1012,WH-002,2024-09-10,274.7,247.2,302.2,moving_average
SKU-1012,WH-002,2024-09-11,274.7,247.2,302.2,moving_average
SKU-1012,WH-002,2024-09-12,274.7,247.2,302.2,moving_average
SKU-1012,WH-002,2024-09-13,274.7,247.2,302.2,moving_average
SKU-1012,WH-002,2024-09-14,274.7,247.2,302.2,moving_average
SKU-1012,WH-002,2024-09-15,274.7,247.2,302.2,moving_average
SKU-1012,WH-002,2024-09-16,274.7,247.2,302.2,moving_average
SKU-1012,WH-002,2024-09-17,274.7,247.2,302.2,moving_average
SKU-1012,WH-002,2024-09-18,274.7,247.2,302.2,moving_average
SKU-1012,WH-002,2024-09-19,274.7,247.2,302.2,moving_average
SKU-1012,WH-002,2024-09-20,274.7,247.2,302.2,moving_average
SKU-1012,WH-002,2024-09-21,274.7,247.2,302.2,moving_average
SKU-1012,WH-002,2024-09-22,274.7,247.2,302.2,moving_average
SKU-1012,WH-002,2024-09-23,274.7,247.2,302.2,moving_average
SKU-1012,WH-002,2024-09-24,274.7,247.2,302.2,moving_average
SKU-1012,WH-002,2024-09-25,274.7,247.2,302.2,moving_average
SKU-1012,WH-002,2024-09-26,274.7,247.2,302.2,moving_average
SKU-1012,WH-003,2024-06-29,281.5,253.3,309.7,moving_average
SKU-1012,WH-003,2024-06-30,281.5,253.3,309.7,moving_average
SKU-1012,WH-003,2024-07-01,281.5,253.3,309.7,moving_average
SKU-1012,WH-003,2024-07-02,281.5,253.3,309.7,moving_average
SKU-1012,WH-003,2024-07-03,281.5,253.3,309.7,moving_average
SKU-1012,WH-003,2024-07-04,281.5,253.3,309.7,moving_average
SKU-1012,WH-003,2024-07-05,281.5,253.3,309.7,moving_average
SKU-1012,WH-003,2024-07-06,281.5,253.3,309.7,moving_average
SKU-1012,WH-003,2024-07-07,281.5,253.3,309.7,moving_average
SKU-1012,WH-003,2024-07-08,281.5,253.3,309.7,moving_average
SKU-1012,WH-003,2024-07-09,281.5,253.3,309.7,moving_average
SKU-1012,WH-003,2024-07-10,281.5,253.3,309.7,moving_average
SKU-1012,WH-003,2024-07-11,281.5,253.3,309.7,moving_average
SKU-1012,WH-003,2024-07-12,281.5,253.3,309.7,moving_average
SKU-1012,WH-003,2024-07-13,281.5,253.3,309.7,moving_average
SKU-1012,WH-003,2024-07-14,281.5,253.3,309.7,moving_average
SKU-1012,WH-003,2024-07-15,281.5,253.3,309.7,moving_average
SKU-1012,WH-003,2024-07-16,281.5,253.3,309.7,moving_average
SKU-1012,WH-003,2024-07-17,281.5,253.3,309.7,moving_average
SKU-1012,WH-003,2024-07-18,281.5,253.3,309.7,moving_average
SKU-1012,WH-003,2024-07-19,281.5,253.3,309.7,moving_average
SKU-1012,WH-003,2024-07-20,281.5,253.3,309.7,moving_average
SKU-1012,WH-003,2024-07-21,281.5,253.3,309.7,moving_average
SKU-1012,WH-003,2024-07-22,281.5,253.3,309.7,moving_average
SKU-1012,WH-003,2024-07-23,281.5,253.3,309.7,moving_average
SKU-1012,WH-003,2024-07-24,281.5,253.3,309.7,moving_average
SKU-1012,WH-003,2024-07-25,281.5,253.3,309.7,moving_average
SKU-1012,WH-003,2024-07-26,401.4,361.3,441.6,moving_average
SKU-1012,WH-003,2024-07-27,401.4,361.3,441.6,moving_average
SKU-1012,WH-003,2024-07-28,401.4,361.3,441.6,moving_average
SKU-1012,WH-003,2024-07-29,401.4,361.3,441.6,moving_average
SKU-1012,WH-003,2024-07-30,401.4,361.3,441.6,moving_average
SKU-1012,WH-003,2024-07-31,401.4,361.3,441.6,moving_average
SKU-1012,WH-003,2024-08-01,401.4,361.3,441.6,moving_average
SKU-1012,WH-003,2024-08-02,401.4,361.3,441.6,moving_average
SKU-1012,WH-003,2024-08-03,401.4,361.3,441.6,moving_average
SKU-1012,WH-003,2024-08-04,401.4,361.3,441.6,moving_average
SKU-1012,WH-003,2024-08-05,401.4,361.3,441.6,moving_average
SKU-1012,WH-003,2024-08-06,401.4,361.3,441.6,moving_average
SKU-1012,WH-003,2024-08-07,401.4,361.3,441.6,moving_average
SKU-1012,WH-003,2024-08-08,401.4,361.3,441.6,moving_average
SKU-1012,WH-003,2024-08-09,281.5,253.3,309.7,moving_average
SKU-1012,WH-003,2024-08-10,281.5,253.3,309.7,moving_average
SKU-1012,WH-003,2024-08-11,281.5,253.3,309.7,moving_average
SKU-1012,WH-003,2024-08-12,281.5,253.3,309.7,moving_average
SKU-1012,WH-003,2024-08-13,281.5,253.3,309.7,moving_average
SKU-1012,WH-003,2024-08-14,281.5,253.3,309.7,moving_average
SKU-1012,WH-003,2024-08-15,281.5,253.3,309.7,moving_average
SKU-1012,WH-003,2024-08-16,281.5,253.3,309.7,moving_average
SKU-1012,WH-003,2024-08-17,281.5,253.3,309.7,moving_average
SKU-1012,WH-003,2024-08-18,281.5,253.3,309.7,moving_average
SKU-1012,WH-003,2024-08-19,281.5,253.3,309.7,moving_average
SKU-1012,WH-003,2024-08-20,281.5,253.3,309.7,moving_average
SKU-1012,WH-003,2024-08-21,281.5,253.3,309.7,moving_average
SKU-1012,WH-003,2024-08-22,281.5,253.3,309.7,moving_average
SKU-1012,WH-003,2024-08-23,281.5,253.3,309.7,moving_average
SKU-1012,WH-003,2024-08-24,281.5,253.3,309.7,moving_average
SKU-1012,WH-003,2024-08-25,281.5,253.3,309.7,moving_average
SKU-1012,WH-003,2024-08-26,281.5,253.3,309.7,moving_average
SKU-1012,WH-003,2024-08-27,281.5,253.3,309.7,moving_average
SKU-1012,WH-003,2024-08-28,281.5,253.3,309.7,moving_average
SKU-1012,WH-003,2024-08-29,281.5,253.3,309.7,moving_average
SKU-1012,WH-003,2024-08-30,281.5,253.3,309.7,moving_average
SKU-1012,WH-003,2024-08-31,281.5,253.3,309.7,moving_average
SKU-1012,WH-003,2024-09-01,281.5,253.3,309.7,moving_average
SKU-1012,WH-003,2024-09-02,281.5,253.3,309.7,moving_average
SKU-1012,WH-003,2024-09-03,281.5,253.3,309.7,moving_average
SKU-1012,WH-003,2024-09-04,281.5,253.3,309.7,moving_average
SKU-1012,WH-003,2024-09-05,281.5,253.3,309.7,moving_average
SKU-1012,WH-003,2024-09-06,281.5,253.3,309.7,moving_average
SKU-1012,WH-003,2024-09-07,281.5,253.3,309.7,moving_average
SKU-1012,WH-003,2024-09-08,281.5,253.3,309.7,moving_average
SKU-1012,WH-003,2024-09-09,281.5,253.3,309.7,moving_average
SKU-1012,WH-003,2024-09-10,281.5,253.3,309.7,moving_average
SKU-1012,WH-003,2024-09-11,281.5,253.3,309.7,moving_average
SKU-1012,WH-003,2024-09-12,281.5,253.3,309.7,moving_average
SKU-1012,WH-003,2024-09-13,281.5,253.3,309.7,moving_average
SKU-1012,WH-003,2024-09-14,281.5,253.3,309.7,moving_average
SKU-1012,WH-003,2024-09-15,281.5,253.3,309.7,moving_average
SKU-1012,WH-003,2024-09-16,281.5,253.3,309.7,moving_average
SKU-1012,WH-003,2024-09-17,281.5,253.3,309.7,moving_average
SKU-1012,WH-003,2024-09-18,281.5,253.3,309.7,moving_average
SKU-1012,WH-003,2024-09-19,281.5,253.3,309.7,moving_average
SKU-1012,WH-003,2024-09-20,281.5,253.3,309.7,moving_average
SKU-1012,WH-003,2024-09-21,281.5,253.3,309.7,moving_average
SKU-1012,WH-003,2024-09-22,281.5,253.3,309.7,moving_average
SKU-1012,WH-003,2024-09-23,281.5,253.3,309.7,moving_average
SKU-1012,WH-003,2024-09-24,281.5,253.3,309.7,moving_average
SKU-1012,WH-003,2024-09-25,281.5,253.3,309.7,moving_average
SKU-1012,WH-003,2024-09-26,281.5,253.3,309.7,moving_average
SKU-1012,WH-004,2024-06-29,314.8,283.3,346.3,moving_average
SKU-1012,WH-004,2024-06-30,314.8,283.3,346.3,moving_average
SKU-1012,WH-004,2024-07-01,314.8,283.3,346.3,moving_average
SKU-1012,WH-004,2024-07-02,314.8,283.3,346.3,moving_average
SKU-1012,WH-004,2024-07-03,314.8,283.3,346.3,moving_average
SKU-1012,WH-004,2024-07-04,314.8,283.3,346.3,moving_average
SKU-1012,WH-004,2024-07-05,314.8,283.3,346.3,moving_average
SKU-1012,WH-004,2024-07-06,314.8,283.3,346.3,moving_average
SKU-1012,WH-004,2024-07-07,314.8,283.3,346.3,moving_average
SKU-1012,WH-004,2024-07-08,314.8,283.3,346.3,moving_average
SKU-1012,WH-004,2024-07-09,314.8,283.3,346.3,moving_average
SKU-1012,WH-004,2024-07-10,314.8,283.3,346.3,moving_average
SKU-1012,WH-004,2024-07-11,314.8,283.3,346.3,moving_average
SKU-1012,WH-004,2024-07-12,314.8,283.3,346.3,moving_average
SKU-1012,WH-004,2024-07-13,314.8,283.3,346.3,moving_average
SKU-1012,WH-004,2024-07-14,314.8,283.3,346.3,moving_average
SKU-1012,WH-004,2024-07-15,314.8,283.3,346.3,moving_average
SKU-1012,WH-004,2024-07-16,314.8,283.3,346.3,moving_average
SKU-1012,WH-004,2024-07-17,314.8,283.3,346.3,moving_average
SKU-1012,WH-004,2024-07-18,314.8,283.3,346.3,moving_average
SKU-1012,WH-004,2024-07-19,314.8,283.3,346.3,moving_average
SKU-1012,WH-004,2024-07-20,314.8,283.3,346.3,moving_average
SKU-1012,WH-004,2024-07-21,314.8,283.3,346.3,moving_average
SKU-1012,WH-004,2024-07-22,314.8,283.3,346.3,moving_average
SKU-1012,WH-004,2024-07-23,314.8,283.3,346.3,moving_average
SKU-1012,WH-004,2024-07-24,314.8,283.3,346.3,moving_average
SKU-1012,WH-004,2024-07-25,314.8,283.3,346.3,moving_average
SKU-1012,WH-004,2024-07-26,314.8,283.3,346.3,moving_average
SKU-1012,WH-004,2024-07-27,314.8,283.3,346.3,moving_average
SKU-1012,WH-004,2024-07-28,314.8,283.3,346.3,moving_average
SKU-1012,WH-004,2024-07-29,314.8,283.3,346.3,moving_average
SKU-1012,WH-004,2024-07-30,314.8,283.3,346.3,moving_average
SKU-1012,WH-004,2024-07-31,314.8,283.3,346.3,moving_average
SKU-1012,WH-004,2024-08-01,314.8,283.3,346.3,moving_average
SKU-1012,WH-004,2024-08-02,314.8,283.3,346.3,moving_average
SKU-1012,WH-004,2024-08-03,314.8,283.3,346.3,moving_average
SKU-1012,WH-004,2024-08-04,314.8,283.3,346.3,moving_average
SKU-1012,WH-004,2024-08-05,314.8,283.3,346.3,moving_average
SKU-1012,WH-004,2024-08-06,314.8,283.3,346.3,moving_average
SKU-1012,WH-004,2024-08-07,314.8,283.3,346.3,moving_average
SKU-1012,WH-004,2024-08-08,314.8,283.3,346.3,moving_average
SKU-1012,WH-004,2024-08-09,314.8,283.3,346.3,moving_average
SKU-1012,WH-004,2024-08-10,314.8,283.3,346.3,moving_average
SKU-1012,WH-004,2024-08-11,314.8,283.3,346.3,moving_average
SKU-1012,WH-004,2024-08-12,314.8,283.3,346.3,moving_average
SKU-1012,WH-004,2024-08-13,314.8,283.3,346.3,moving_average
SKU-1012,WH-004,2024-08-14,314.8,283.3,346.3,moving_average
SKU-1012,WH-004,2024-08-15,314.8,283.3,346.3,moving_average
SKU-1012,WH-004,2024-08-16,314.8,283.3,346.3,moving_average
SKU-1012,WH-004,2024-08-17,314.8,283.3,346.3,moving_average
SKU-1012,WH-004,2024-08-18,314.8,283.3,346.3,moving_average
SKU-1012,WH-004,2024-08-19,314.8,283.3,346.3,moving_average
SKU-1012,WH-004,2024-08-20,314.8,283.3,346.3,moving_average
SKU-1012,WH-004,2024-08-21,314.8,283.3,346.3,moving_average
SKU-1012,WH-004,2024-08-22,314.8,283.3,346.3,moving_average
SKU-1012,WH-004,2024-08-23,314.8,283.3,346.3,moving_average
SKU-1012,WH-004,2024-08-24,314.8,283.3,346.3,moving_average
SKU-1012,WH-004,2024-08-25,314.8,283.3,346.3,moving_average
SKU-1012,WH-004,2024-08-26,314.8,283.3,346.3,moving_average
SKU-1012,WH-004,2024-08-27,314.8,283.3,346.3,moving_average
SKU-1012,WH-004,2024-08-28,314.8,283.3,346.3,moving_average
SKU-1012,WH-004,2024-08-29,314.8,283.3,346.3,moving_average
SKU-1012,WH-004,2024-08-30,314.8,283.3,346.3,moving_average
SKU-1012,WH-004,2024-08-31,314.8,283.3,346.3,moving_average
SKU-1012,WH-004,2024-09-01,314.8,283.3,346.3,moving_average
SKU-1012,WH-004,2024-09-02,314.8,283.3,346.3,moving_average
SKU-1012,WH-004,2024-09-03,314.8,283.3,346.3,moving_average
SKU-1012,WH-004,2024-09-04,314.8,283.3,346.3,moving_average
SKU-1012,WH-004,2024-09-05,314.8,283.3,346.3,moving_average
SKU-1012,WH-004,2024-09-06,314.8,283.3,346.3,moving_average
SKU-1012,WH-004,2024-09-07,314.8,283.3,346.3,moving_average
SKU-1012,WH-004,2024-09-08,314.8,283.3,346.3,moving_average
SKU-1012,WH-004,2024-09-09,314.8,283.3,346.3,moving_average
SKU-1012,WH-004,2024-09-10,314.8,283.3,346.3,moving_average
SKU-1012,WH-004,2024-09-11,314.8,283.3,346.3,moving_average
SKU-1012,WH-004,2024-09-12,314.8,283.3,346.3,moving_average
SKU-1012,WH-004,2024-09-13,314.8,283.3,346.3,moving_average
SKU-1012,WH-004,2024-09-14,314.8,283.3,346.3,moving_average
SKU-1012,WH-004,2024-09-15,314.8,283.3,346.3,moving_average
SKU-1012,WH-004,2024-09-16,314.8,283.3,346.3,moving_average
SKU-1012,WH-004,2024-09-17,314.8,283.3,346.3,moving_average
SKU-1012,WH-004,2024-09-18,314.8,283.3,346.3,moving_average
SKU-1012,WH-004,2024-09-19,314.8,283.3,346.3,moving_average
SKU-1012,WH-004,2024-09-20,314.8,283.3,346.3,moving_average
SKU-1012,WH-004,2024-09-21,314.8,283.3,346.3,moving_average
SKU-1012,WH-004,2024-09-22,314.8,283.3,346.3,moving_average
SKU-1012,WH-004,2024-09-23,314.8,283.3,346.3,moving_average
SKU-1012,WH-004,2024-09-24,314.8,283.3,346.3,moving_average
SKU-1012,WH-004,2024-09-25,314.8,283.3,346.3,moving_average
SKU-1012,WH-004,2024-09-26,314.8,283.3,346.3,moving_average
SKU-1012,WH-005,2024-06-29,288.9,260.0,317.8,moving_average
SKU-1012,WH-005,2024-06-30,288.9,260.0,317.8,moving_average
SKU-1012,WH-005,2024-07-01,288.9,260.0,317.8,moving_average
SKU-1012,WH-005,2024-07-02,288.9,260.0,317.8,moving_average
SKU-1012,WH-005,2024-07-03,288.9,260.0,317.8,moving_average
SKU-1012,WH-005,2024-07-04,288.9,260.0,317.8,moving_average
SKU-1012,WH-005,2024-07-05,288.9,260.0,317.8,moving_average
SKU-1012,WH-005,2024-07-06,288.9,260.0,317.8,moving_average
SKU-1012,WH-005,2024-07-07,288.9,260.0,317.8,moving_average
SKU-1012,WH-005,2024-07-08,288.9,260.0,317.8,moving_average
SKU-1012,WH-005,2024-07-09,288.9,260.0,317.8,moving_average
SKU-1012,WH-005,2024-07-10,288.9,260.0,317.8,moving_average
SKU-1012,WH-005,2024-07-11,288.9,260.0,317.8,moving_average
SKU-1012,WH-005,2024-07-12,288.9,260.0,317.8,moving_average
SKU-1012,WH-005,2024-07-13,288.9,260.0,317.8,moving_average
SKU-1012,WH-005,2024-07-14,288.9,260.0,317.8,moving_average
SKU-1012,WH-005,2024-07-15,288.9,260.0,317.8,moving_average
SKU-1012,WH-005,2024-07-16,288.9,260.0,317.8,moving_average
SKU-1012,WH-005,2024-07-17,288.9,260.0,317.8,moving_average
SKU-1012,WH-005,2024-07-18,288.9,260.0,317.8,moving_average
SKU-1012,WH-005,2024-07-19,288.9,260.0,317.8,moving_average
SKU-1012,WH-005,2024-07-20,288.9,260.0,317.8,moving_average
SKU-1012,WH-005,2024-07-21,288.9,260.0,317.8,moving_average
SKU-1012,WH-005,2024-07-22,288.9,260.0,317.8,moving_average
SKU-1012,WH-005,2024-07-23,288.9,260.0,317.8,moving_average
SKU-1012,WH-005,2024-07-24,288.9,260.0,317.8,moving_average
SKU-1012,WH-005,2024-07-25,288.9,260.0,317.8,moving_average
SKU-1012,WH-005,2024-07-26,288.9,260.0,317.8,moving_average
SKU-1012,WH-005,2024-07-27,288.9,260.0,317.8,moving_average
SKU-1012,WH-005,2024-07-28,288.9,260.0,317.8,moving_average
SKU-1012,WH-005,2024-07-29,288.9,260.0,317.8,moving_average
SKU-1012,WH-005,2024-07-30,288.9,260.0,317.8,moving_average
SKU-1012,WH-005,2024-07-31,288.9,260.0,317.8,moving_average
SKU-1012,WH-005,2024-08-01,288.9,260.0,317.8,moving_average
SKU-1012,WH-005,2024-08-02,288.9,260.0,317.8,moving_average
SKU-1012,WH-005,2024-08-03,288.9,260.0,317.8,moving_average
SKU-1012,WH-005,2024-08-04,288.9,260.0,317.8,moving_average
SKU-1012,WH-005,2024-08-05,288.9,260.0,317.8,moving_average
SKU-1012,WH-005,2024-08-06,288.9,260.0,317.8,moving_average
SKU-1012,WH-005,2024-08-07,288.9,260.0,317.8,moving_average
SKU-1012,WH-005,2024-08-08,288.9,260.0,317.8,moving_average
SKU-1012,WH-005,2024-08-09,288.9,260.0,317.8,moving_average
SKU-1012,WH-005,2024-08-10,288.9,260.0,317.8,moving_average
SKU-1012,WH-005,2024-08-11,288.9,260.0,317.8,moving_average
SKU-1012,WH-005,2024-08-12,288.9,260.0,317.8,moving_average
SKU-1012,WH-005,2024-08-13,288.9,260.0,317.8,moving_average
SKU-1012,WH-005,2024-08-14,288.9,260.0,317.8,moving_average
SKU-1012,WH-005,2024-08-15,288.9,260.0,317.8,moving_average
SKU-1012,WH-005,2024-08-16,288.9,260.0,317.8,moving_average
SKU-1012,WH-005,2024-08-17,288.9,260.0,317.8,moving_average
SKU-1012,WH-005,2024-08-18,288.9,260.0,317.8,moving_average
SKU-1012,WH-005,2024-08-19,288.9,260.0,317.8,moving_average
SKU-1012,WH-005,2024-08-20,288.9,260.0,317.8,moving_average
SKU-1012,WH-005,2024-08-21,288.9,260.0,317.8,moving_average
SKU-1012,WH-005,2024-08-22,288.9,260.0,317.8,moving_average
SKU-1012,WH-005,2024-08-23,288.9,260.0,317.8,moving_average
SKU-1012,WH-005,2024-08-24,288.9,260.0,317.8,moving_average
SKU-1012,WH-005,2024-08-25,288.9,260.0,317.8,moving_average
SKU-1012,WH-005,2024-08-26,288.9,260.0,317.8,moving_average
SKU-1012,WH-005,2024-08-27,288.9,260.0,317.8,moving_average
SKU-1012,WH-005,2024-08-28,288.9,260.0,317.8,moving_average
SKU-1012,WH-005,2024-08-29,288.9,260.0,317.8,moving_average
SKU-1012,WH-005,2024-08-30,288.9,260.0,317.8,moving_average
SKU-1012,WH-005,2024-08-31,288.9,260.0,317.8,moving_average
SKU-1012,WH-005,2024-09-01,288.9,260.0,317.8,moving_average
SKU-1012,WH-005,2024-09-02,288.9,260.0,317.8,moving_average
SKU-1012,WH-005,2024-09-03,288.9,260.0,317.8,moving_average
SKU-1012,WH-005,2024-09-04,288.9,260.0,317.8,moving_average
SKU-1012,WH-005,2024-09-05,288.9,260.0,317.8,moving_average
SKU-1012,WH-005,2024-09-06,288.9,260.0,317.8,moving_average
SKU-1012,WH-005,2024-09-07,288.9,260.0,317.8,moving_average
SKU-1012,WH-005,2024-09-08,288.9,260.0,317.8,moving_average
SKU-1012,WH-005,2024-09-09,288.9,260.0,317.8,moving_average
SKU-1012,WH-005,2024-09-10,288.9,260.0,317.8,moving_average
SKU-1012,WH-005,2024-09-11,288.9,260.0,317.8,moving_average
SKU-1012,WH-005,2024-09-12,288.9,260.0,317.8,moving_average
SKU-1012,WH-005,2024-09-13,288.9,260.0,317.8,moving_average
SKU-1012,WH-005,2024-09-14,288.9,260.0,317.8,moving_average
SKU-1012,WH-005,2024-09-15,288.9,260.0,317.8,moving_average
SKU-1012,WH-005,2024-09-16,288.9,260.0,317.8,moving_average
SKU-1012,WH-005,2024-09-17,288.9,260.0,317.8,moving_average
SKU-1012,WH-005,2024-09-18,288.9,260.0,317.8,moving_average
SKU-1012,WH-005,2024-09-19,288.9,260.0,317.8,moving_average
SKU-1012,WH-005,2024-09-20,288.9,260.0,317.8,moving_average
SKU-1012,WH-005,2024-09-21,288.9,260.0,317.8,moving_average
SKU-1012,WH-005,2024-09-22,288.9,260.0,317.8,moving_average
SKU-1012,WH-005,2024-09-23,288.9,260.0,317.8,moving_average
SKU-1012,WH-005,2024-09-24,288.9,260.0,317.8,moving_average
SKU-1012,WH-005,2024-09-25,288.9,260.0,317.8,moving_average
SKU-1012,WH-005,2024-09-26,288.9,260.0,317.8,moving_average
SKU-1012,WH-006,2024-06-29,248.1,210.9,285.3,exponential_smoothing
SKU-1012,WH-006,2024-06-30,256.4,218.0,294.9,exponential_smoothing
SKU-1012,WH-006,2024-07-01,287.1,244.0,330.2,exponential_smoothing
SKU-1012,WH-006,2024-07-02,289.5,246.1,332.9,exponential_smoothing
SKU-1012,WH-006,2024-07-03,320.3,272.2,368.3,exponential_smoothing
SKU-1012,WH-006,2024-07-04,301.9,256.6,347.2,exponential_smoothing
SKU-1012,WH-006,2024-07-05,276.8,235.3,318.3,exponential_smoothing
SKU-1012,WH-006,2024-07-06,248.6,211.3,285.9,exponential_smoothing
SKU-1012,WH-006,2024-07-07,257.0,218.4,295.5,exponential_smoothing
SKU-1012,WH-006,2024-07-08,287.6,244.5,330.8,exponential_smoothing
SKU-1012,WH-006,2024-07-09,290.0,246.5,333.5,exponential_smoothing
SKU-1012,WH-006,2024-07-10,320.8,272.7,368.9,exponential_smoothing
SKU-1012,WH-006,2024-07-11,302.4,257.1,347.8,exponential_smoothing
SKU-1012,WH-006,2024-07-12,277.3,235.7,318.9,exponential_smoothing
SKU-1012,WH-006,2024-07-13,249.1,211.8,286.5,exponential_smoothing
SKU-1012,WH-006,2024-07-14,257.5,218.9,296.1,exponential_smoothing
SKU-1012,WH-006,2024-07-15,288.2,244.9,331.4,exponential_smoothing
SKU-1012,WH-006,2024-07-16,290.6,247.0,334.1,exponential_smoothing
SKU-1012,WH-006,2024-07-17,321.3,273.1,369.5,exponential_smoothing
SKU-1012,WH-006,2024-07-18,302.9,257.5,348.4,exponential_smoothing
SKU-1012,WH-006,2024-07-19,277.8,236.2,319.5,exponential_smoothing
SKU-1012,WH-006,2024-07-20,249.6,212.2,287.1,exponential_smoothing
SKU-1012,WH-006,2024-07-21,258.0,219.3,296.7,exponential_smoothing
SKU-1012,WH-006,2024-07-22,288.7,245.4,332.0,exponential_smoothing
SKU-1012,WH-006,2024-07-23,291.1,247.4,334.7,exponential_smoothing
SKU-1012,WH-006,2024-07-24,321.8,273.6,370.1,exponential_smoothing
SKU-1012,WH-006,2024-07-25,303.5,257.9,349.0,exponential_smoothing
SKU-1012,WH-006,2024-07-26,278.3,236.6,320.1,exponential_smoothing
SKU-1012,WH-006,2024-07-27,250.2,212.6,287.7,exponential_smoothing
SKU-1012,WH-006,2024-07-28,258.5,219.8,297.3,exponential_smoothing
SKU-1012,WH-006,2024-07-29,289.2,245.8,332.6,exponential_smoothing
SKU-1012,WH-006,2024-07-30,291.6,247.9,335.3,exponential_smoothing
SKU-1012,WH-006,2024-07-31,322.4,274.0,370.7,exponential_smoothing
SKU-1012,WH-006,2024-08-01,304.0,258.4,349.6,exponential_smoothing
SKU-1012,WH-006,2024-08-02,278.9,237.0,320.7,exponential_smoothing
SKU-1012,WH-006,2024-08-03,250.7,213.1,288.3,exponential_smoothing
SKU-1012,WH-006,2024-08-04,259.1,220.2,297.9,exponential_smoothing
SKU-1012,WH-006,2024-08-05,289.7,246.3,333.2,exponential_smoothing
SKU-1012,WH-006,2024-08-06,413.3,351.3,475.4,exponential_smoothing
SKU-1012,WH-006,2024-08-07,456.9,388.3,525.4,exponential_smoothing
SKU-1012,WH-006,2024-08-08,430.9,366.2,495.5,exponential_smoothing
SKU-1012,WH-006,2024-08-09,395.3,336.0,454.6,exponential_smoothing
SKU-1012,WH-006,2024-08-10,355.5,302.1,408.8,exponential_smoothing
SKU-1012,WH-006,2024-08-11,367.3,312.2,422.4,exponential_smoothing
SKU-1012,WH-006,2024-08-12,410.7,349.1,472.3,exponential_smoothing
SKU-1012,WH-006,2024-08-13,414.1,352.0,476.2,exponential_smoothing
SKU-1012,WH-006,2024-08-14,457.6,389.0,526.3,exponential_smoothing
SKU-1012,WH-006,2024-08-15,431.6,366.9,496.3,exponential_smoothing
SKU-1012,WH-006,2024-08-16,396.1,336.7,455.5,exponential_smoothing
SKU-1012,WH-006,2024-08-17,356.2,302.8,409.6,exponential_smoothing
SKU-1012,WH-006,2024-08-18,368.0,312.8,423.2,exponential_smoothing
SKU-1012,WH-006,2024-08-19,290.8,247.1,334.4,exponential_smoothing
SKU-1012,WH-006,2024-08-20,293.2,249.2,337.1,exponential_smoothing
SKU-1012,WH-006,2024-08-21,323.9,275.3,372.5,exponential_smoothing
SKU-1012,WH-006,2024-08-22,305.5,259.7,351.4,exponential_smoothing
SKU-1012,WH-006,2024-08-23,280.4,238.4,322.5,exponential_smoothing
SKU-1012,WH-006,2024-08-24,252.3,214.4,290.1,exponential_smoothing
SKU-1012,WH-006,2024-08-25,260.6,221.5,299.7,exponential_smoothing
SKU-1012,WH-006,2024-08-26,291.3,247.6,335.0,exponential_smoothing
SKU-1012,WH-006,2024-08-27,293.7,249.6,337.7,exponential_smoothing
SKU-1012,WH-006,2024-08-28,324.4,275.8,373.1,exponential_smoothing
SKU-1012,WH-006,2024-08-29,306.1,260.2,352.0,exponential_smoothing
SKU-1012,WH-006,2024-08-30,281.0,238.8,323.1,exponential_smoothing
SKU-1012,WH-006,2024-08-31,252.8,214.9,290.7,exponential_smoothing
SKU-1012,WH-006,2024-09-01,261.1,222.0,300.3,exponential_smoothing
SKU-1012,WH-006,2024-09-02,291.8,248.0,335.6,exponential_smoothing
SKU-1012,WH-006,2024-09-03,294.2,250.1,338.3,exponential_smoothing
SKU-1012,WH-006,2024-09-04,325.0,276.2,373.7,exponential_smoothing
SKU-1012,WH-006,2024-09-05,306.6,260.6,352.6,exponential_smoothing
SKU-1012,WH-006,2024-09-06,281.5,239.3,323.7,exponential_smoothing
SKU-1012,WH-006,2024-09-07,253.3,215.3,291.3,exponential_smoothing
SKU-1012,WH-006,2024-09-08,261.7,222.4,300.9,exponential_smoothing
SKU-1012,WH-006,2024-09-09,292.3,248.5,336.2,exponential_smoothing
SKU-1012,WH-006,2024-09-10,294.7,250.5,338.9,exponential_smoothing
SKU-1012,WH-006,2024-09-11,325.5,276.7,374.3,exponential_smoothing
SKU-1012,WH-006,2024-09-12,307.1,261.0,353.2,exponential_smoothing
SKU-1012,WH-006,2024-09-13,282.0,239.7,324.3,exponential_smoothing
SKU-1012,WH-006,2024-09-14,253.8,215.7,291.9,exponential_smoothing
SKU-1012,WH-006,2024-09-15,262.2,222.9,301.5,exponential_smoothing
SKU-1012,WH-006,2024-09-16,292.8,248.9,336.8,exponential_smoothing
SKU-1012,WH-006,2024-09-17,295.2,251.0,339.5,exponential_smoothing
SKU-1012,WH-006,2024-09-18,326.0,277.1,374.9,exponential_smoothing
SKU-1012,WH-006,2024-09-19,307.6,261.5,353.8,exponential_smoothing
SKU-1012,WH-006,2024-09-20,282.5,240.1,324.9,exponential_smoothing
SKU-1012,WH-006,2024-09-21,254.3,216.2,292.5,exponential_smoothing
SKU-1012,WH-006,2024-09-22,262.7,223.3,302.1,exponential_smoothing
SKU-1012,WH-006,2024-09-23,293.4,249.4,337.4,exponential_smoothing
SKU-1012,WH-006,2024-09-24,295.8,251.4,340.1,exponential_smoothing
SKU-1012,WH-006,2024-09-25,326.5,277.6,375.5,exponential_smoothing
SKU-1012,WH-006,2024-09-26,308.2,261.9,354.4,exponential_smoothing
SKU-1012,WH-007,2024-06-29,271.7,244.5,298.9,moving_average
SKU-1012,WH-007,2024-06-30,271.7,244.5,298.9,moving_average
SKU-1012,WH-007,2024-07-01,271.7,244.5,298.9,moving_average
SKU-1012,WH-007,2024-07-02,271.7,244.5,298.9,moving_average
SKU-1012,WH-007,2024-07-03,271.7,244.5,298.9,moving_average
SKU-1012,WH-007,2024-07-04,271.7,244.5,298.9,moving_average
SKU-1012,WH-007,2024-07-05,271.7,244.5,298.9,moving_average
SKU-1012,WH-007,2024-07-06,271.7,244.5,298.9,moving_average
SKU-1012,WH-007,2024-07-07,271.7,244.5,298.9,moving_average
SKU-1012,WH-007,2024-07-08,271.7,244.5,298.9,moving_average
SKU-1012,WH-007,2024-07-09,271.7,244.5,298.9,moving_average
SKU-1012,WH-007,2024-07-10,271.7,244.5,298.9,moving_average
SKU-1012,WH-007,2024-07-11,271.7,244.5,298.9,moving_average
SKU-1012,WH-007,2024-07-12,271.7,244.5,298.9,moving_average
SKU-1012,WH-007,2024-07-13,271.7,244.5,298.9,moving_average
SKU-1012,WH-007,2024-07-14,271.7,244.5,298.9,moving_average
SKU-1012,WH-007,2024-07-15,271.7,244.5,298.9,moving_average
SKU-1012,WH-007,2024-07-16,271.7,244.5,298.9,moving_average
SKU-1012,WH-007,2024-07-17,271.7,244.5,298.9,moving_average
SKU-1012,WH-007,2024-07-18,271.7,244.5,298.9,moving_average
SKU-1012,WH-007,2024-07-19,271.7,244.5,298.9,moving_average
SKU-1012,WH-007,2024-07-20,271.7,244.5,298.9,moving_average
SKU-1012,WH-007,2024-07-21,271.7,244.5,298.9,moving_average
SKU-1012,WH-007,2024-07-22,271.7,244.5,298.9,moving_average
SKU-1012,WH-007,2024-07-23,271.7,244.5,298.9,moving_average
SKU-1012,WH-007,2024-07-24,271.7,244.5,298.9,moving_average
SKU-1012,WH-007,2024-07-25,271.7,244.5,298.9,moving_average
SKU-1012,WH-007,2024-07-26,271.7,244.5,298.9,moving_average
SKU-1012,WH-007,2024-07-27,271.7,244.5,298.9,moving_average
SKU-1012,WH-007,2024-07-28,271.7,244.5,298.9,moving_average
SKU-1012,WH-007,2024-07-29,271.7,244.5,298.9,moving_average
SKU-1012,WH-007,2024-07-30,271.7,244.5,298.9,moving_average
SKU-1012,WH-007,2024-07-31,271.7,244.5,298.9,moving_average
SKU-1012,WH-007,2024-08-01,271.7,244.5,298.9,moving_average
SKU-1012,WH-007,2024-08-02,271.7,244.5,298.9,moving_average
SKU-1012,WH-007,2024-08-03,271.7,244.5,298.9,moving_average
SKU-1012,WH-007,2024-08-04,271.7,244.5,298.9,moving_average
SKU-1012,WH-007,2024-08-05,271.7,244.5,298.9,moving_average
SKU-1012,WH-007,2024-08-06,271.7,244.5,298.9,moving_average
SKU-1012,WH-007,2024-08-07,271.7,244.5,298.9,moving_average
SKU-1012,WH-007,2024-08-08,271.7,244.5,298.9,moving_average
SKU-1012,WH-007,2024-08-09,271.7,244.5,298.9,moving_average
SKU-1012,WH-007,2024-08-10,271.7,244.5,298.9,moving_average
SKU-1012,WH-007,2024-08-11,271.7,244.5,298.9,moving_average
SKU-1012,WH-007,2024-08-12,271.7,244.5,298.9,moving_average
SKU-1012,WH-007,2024-08-13,271.7,244.5,298.9,moving_average
SKU-1012,WH-007,2024-08-14,271.7,244.5,298.9,moving_average
SKU-1012,WH-007,2024-08-15,271.7,244.5,298.9,moving_average
SKU-1012,WH-007,2024-08-16,271.7,244.5,298.9,moving_average
SKU-1012,WH-007,2024-08-17,271.7,244.5,298.9,moving_average
SKU-1012,WH-007,2024-08-18,271.7,244.5,298.9,moving_average
SKU-1012,WH-007,2024-08-19,271.7,244.5,298.9,moving_average
SKU-1012,WH-007,2024-08-20,271.7,244.5,298.9,moving_average
SKU-1012,WH-007,2024-08-21,271.7,244.5,298.9,moving_average
SKU-1012,WH-007,2024-08-22,271.7,244.5,298.9,moving_average
SKU-1012,WH-007,2024-08-23,271.7,244.5,298.9,moving_average
SKU-1012,WH-007,2024-08-24,271.7,244.5,298.9,moving_average
SKU-1012,WH-007,2024-08-25,271.7,244.5,298.9,moving_average
SKU-1012,WH-007,2024-08-26,271.7,244.5,298.9,moving_average
SKU-1012,WH-007,2024-08-27,271.7,244.5,298.9,moving_average
SKU-1012,WH-007,2024-08-28,271.7,244.5,298.9,moving_average
SKU-1012,WH-007,2024-08-29,271.7,244.5,298.9,moving_average
SKU-1012,WH-007,2024-08-30,271.7,244.5,298.9,moving_average
SKU-1012,WH-007,2024-08-31,271.7,244.5,298.9,moving_average
SKU-1012,WH-007,2024-09-01,271.7,244.5,298.9,moving_average
SKU-1012,WH-007,2024-09-02,271.7,244.5,298.9,moving_average
SKU-1012,WH-007,2024-09-03,271.7,244.5,298.9,moving_average
SKU-1012,WH-007,2024-09-04,271.7,244.5,298.9,moving_average
SKU-1012,WH-007,2024-09-05,271.7,244.5,298.9,moving_average
SKU-1012,WH-007,2024-09-06,271.7,244.5,298.9,moving_average
SKU-1012,WH-007,2024-09-07,271.7,244.5,298.9,moving_average
SKU-1012,WH-007,2024-09-08,271.7,244.5,298.9,moving_average
SKU-1012,WH-007,2024-09-09,271.7,244.5,298.9,moving_average
SKU-1012,WH-007,2024-09-10,271.7,244.5,298.9,moving_average
SKU-1012,WH-007,2024-09-11,271.7,244.5,298.9,moving_average
SKU-1012,WH-007,2024-09-12,271.7,244.5,298.9,moving_average
SKU-1012,WH-007,2024-09-13,271.7,244.5,298.9,moving_average
SKU-1012,WH-007,2024-09-14,271.7,244.5,298.9,moving_average
SKU-1012,WH-007,2024-09-15,271.7,244.5,298.9,moving_average
SKU-1012,WH-007,2024-09-16,271.7,244.5,298.9,moving_average
SKU-1012,WH-007,2024-09-17,271.7,244.5,298.9,moving_average
SKU-1012,WH-007,2024-09-18,271.7,244.5,298.9,moving_average
SKU-1012,WH-007,2024-09-19,271.7,244.5,298.9,moving_average
SKU-1012,WH-007,2024-09-20,271.7,244.5,298.9,moving_average
SKU-1012,WH-007,2024-09-21,271.7,244.5,298.9,moving_average
SKU-1012,WH-007,2024-09-22,271.7,244.5,298.9,moving_average
SKU-1012,WH-007,2024-09-23,271.7,244.5,298.9,moving_average
SKU-1012,WH-007,2024-09-24,271.7,244.5,298.9,moving_average
SKU-1012,WH-007,2024-09-25,271.7,244.5,298.9,moving_average
SKU-1012,WH-007,2024-09-26,271.7,244.5,298.9,moving_average
SKU-1013,WH-001,2024-06-29,312.7,250.1,375.2,xgboost
SKU-1013,WH-001,2024-06-30,336.7,269.4,404.1,xgboost
SKU-1013,WH-001,2024-07-01,315.3,252.2,378.4,xgboost
SKU-1013,WH-001,2024-07-02,326.6,261.3,391.9,xgboost
SKU-1013,WH-001,2024-07-03,441.0,352.8,529.2,xgboost
SKU-1013,WH-001,2024-07-04,415.9,332.7,499.1,xgboost
SKU-1013,WH-001,2024-07-05,353.5,282.8,424.2,xgboost
SKU-1013,WH-001,2024-07-06,371.9,297.5,446.3,xgboost
SKU-1013,WH-001,2024-07-07,411.3,329.0,493.5,xgboost
SKU-1013,WH-001,2024-07-08,416.9,333.5,500.2,xgboost
SKU-1013,WH-001,2024-07-09,361.9,289.5,434.3,xgboost
SKU-1013,WH-001,2024-07-10,390.4,312.3,468.4,xgboost
SKU-1013,WH-001,2024-07-11,406.9,325.5,488.3,xgboost
SKU-1013,WH-001,2024-07-12,332.0,265.6,398.4,xgboost
SKU-1013,WH-001,2024-07-13,397.8,318.3,477.4,xgboost
SKU-1013,WH-001,2024-07-14,406.1,324.9,487.3,xgboost
SKU-1013,WH-001,2024-07-15,408.1,326.5,489.7,xgboost
SKU-1013,WH-001,2024-07-16,499.6,399.6,599.5,xgboost
SKU-1013,WH-001,2024-07-17,519.5,415.6,623.3,xgboost
SKU-1013,WH-001,2024-07-18,539.7,431.8,647.7,xgboost
SKU-1013,WH-001,2024-07-19,524.4,419.5,629.2,xgboost
SKU-1013,WH-001,2024-07-20,454.3,363.4,545.1,xgboost
SKU-1013,WH-001,2024-07-21,374.2,299.4,449.1,xgboost
SKU-1013,WH-001,2024-07-22,287.6,230.1,345.1,xgboost
SKU-1013,WH-001,2024-07-23,254.7,203.8,305.6,xgboost
SKU-1013,WH-001,2024-07-24,326.9,261.5,392.2,xgboost
SKU-1013,WH-001,2024-07-25,362.9,290.3,435.5,xgboost
SKU-1013,WH-001,2024-07-26,380.8,304.7,457.0,xgboost
SKU-1013,WH-001,2024-07-27,325.5,260.4,390.6,xgboost
SKU-1013,WH-001,2024-07-28,366.6,293.3,440.0,xgboost
SKU-1013,WH-001,2024-07-29,351.5,281.2,421.8,xgboost
SKU-1013,WH-001,2024-07-30,380.0,304.0,456.0,xgboost
SKU-1013,WH-001,2024-07-31,406.3,325.0,487.5,xgboost
SKU-1013,WH-001,2024-08-01,404.0,323.2,484.8,xgboost
SKU-1013,WH-001,2024-08-02,406.1,324.9,487.3,xgboost
SKU-1013,WH-001,2024-08-03,473.3,378.7,568.0,xgboost
SKU-1013,WH-001,2024-08-04,431.5,345.2,517.8,xgboost
SKU-1013,WH-001,2024-08-05,402.5,322.0,482.9,xgboost
SKU-1013,WH-001,2024-08-06,338.8,271.0,406.5,xgboost
SKU-1013,WH-001,2024-08-07,337.1,269.7,404.6,xgboost
SKU-1013,WH-001,2024-08-08,398.4,318.8,478.1,xgboost
SKU-1013,WH-001,2024-08-09,394.2,315.3,473.0,xgboost
SKU-1013,WH-001,2024-08-10,397.8,318.2,477.3,xgboost
SKU-1013,WH-001,2024-08-11,366.4,293.2,439.7,xgboost
SKU-1013,WH-001,2024-08-12,376.4,301.1,451.7,xgboost
SKU-1013,WH-001,2024-08-13,372.2,297.7,446.6,xgboost
SKU-1013,WH-001,2024-08-14,397.8,318.2,477.4,xgboost
SKU-1013,WH-001,2024-08-15,371.3,297.1,445.6,xgboost
SKU-1013,WH-001,2024-08-16,287.1,229.7,344.5,xgboost
SKU-1013,WH-001,2024-08-17,284.0,227.2,340.9,xgboost
SKU-1013,WH-001,2024-08-18,407.2,325.8,488.7,xgboost
SKU-1013,WH-001,2024-08-19,381.5,305.2,457.8,xgboost
SKU-1013,WH-001,2024-08-20,468.3,374.6,562.0,xgboost
SKU-1013,WH-001,2024-08-21,452.7,362.2,543.3,xgboost
SKU-1013,WH-001,2024-08-22,348.8,279.1,418.6,xgboost
SKU-1013,WH-001,2024-08-23,306.4,245.1,367.7,xgboost
SKU-1013,WH-001,2024-08-24,307.1,245.7,368.5,xgboost
SKU-1013,WH-001,2024-08-25,378.2,302.5,453.8,xgboost
SKU-1013,WH-001,2024-08-26,392.5,314.0,470.9,xgboost
SKU-1013,WH-001,2024-08-27,357.0,285.6,428.4,xgboost
SKU-1013,WH-001,2024-08-28,322.0,257.6,386.4,xgboost
SKU-1013,WH-001,2024-08-29,329.7,263.8,395.6,xgboost
SKU-1013,WH-001,2024-08-30,377.6,302.0,453.1,xgboost
SKU-1013,WH-001,2024-08-31,443.0,354.4,531.6,xgboost
SKU-1013,WH-001,2024-09-01,450.8,360.7,541.0,xgboost
SKU-1013,WH-001,2024-09-02,378.9,303.1,454.7,xgboost
SKU-1013,WH-001,2024-09-03,372.7,298.1,447.2,xgboost
SKU-1013,WH-001,2024-09-04,431.4,345.1,517.7,xgboost
SKU-1013,WH-001,2024-09-05,485.3,388.3,582.4,xgboost
SKU-1013,WH-001,2024-09-06,395.9,316.7,475.1,xgboost
SKU-1013,WH-001,2024-09-07,333.3,266.7,400.0,xgboost
SKU-1013,WH-001,2024-09-08,360.7,288.6,432.8,xgboost
SKU-1013,WH-001,2024-09-09,384.1,307.3,460.9,xgboost
SKU-1013,WH-001,2024-09-10,317.4,253.9,380.9,xgboost
SKU-1013,WH-001,2024-09-11,336.2,268.9,403.4,xgboost
SKU-1013,WH-001,2024-09-12,342.6,274.1,411.1,xgboost
SKU-1013,WH-001,2024-09-13,505.5,404.4,606.6,xgboost
SKU-1013,WH-001,2024-09-14,429.0,343.2,514.8,xgboost
SKU-1013,WH-001,2024-09-15,311.0,248.8,373.2,xgboost
SKU-1013,WH-001,2024-09-16,305.3,244.2,366.3,xgboost
SKU-1013,WH-001,2024-09-17,340.9,272.7,409.1,xgboost
SKU-1013,WH-001,2024-09-18,384.1,307.3,460.9,xgboost
SKU-1013,WH-001,2024-09-19,419.6,335.7,503.5,xgboost
SKU-1013,WH-001,2024-09-20,846.4,677.1,1015.7,xgboost
SKU-1013,WH-001,2024-09-21,475.5,380.4,570.5,xgboost
SKU-1013,WH-001,2024-09-22,525.8,420.7,631.0,xgboost
SKU-1013,WH-001,2024-09-23,553.2,442.5,663.8,xgboost
SKU-1013,WH-001,2024-09-24,541.1,432.9,649.3,xgboost
SKU-1013,WH-001,2024-09-25,465.8,372.6,558.9,xgboost
SKU-1013,WH-001,2024-09-26,510.5,408.4,612.6,xgboost
SKU-1013,WH-002,2024-06-29,375.9,319.5,432.3,exponential_smoothing
SKU-1013,WH-002,2024-06-30,331.5,281.8,381.2,exponential_smoothing
SKU-1013,WH-002,2024-07-01,453.1,385.1,521.1,exponential_smoothing
SKU-1013,WH-002,2024-07-02,448.3,381.1,515.6,exponential_smoothing
SKU-1013,WH-002,2024-07-03,400.5,340.4,460.6,exponential_smoothing
SKU-1013,WH-002,2024-07-04,378.5,321.7,435.3,exponential_smoothing
SKU-1013,WH-002,2024-07-05,375.1,318.9,431.4,exponential_smoothing
SKU-1013,WH-002,2024-07-06,373.7,317.6,429.8,exponential_smoothing
SKU-1013,WH-002,2024-07-07,329.3,279.9,378.7,exponential_smoothing
SKU-1013,WH-002,2024-07-08,450.9,383.3,518.5,exponential_smoothing
SKU-1013,WH-002,2024-07-09,446.1,379.2,513.1,exponential_smoothing
SKU-1013,WH-002,2024-07-10,398.3,338.5,458.0,exponential_smoothing
SKU-1013,WH-002,2024-07-11,376.3,319.8,432.7,exponential_smoothing
SKU-1013,WH-002,2024-07-12,372.9,317.0,428.9,exponential_smoothing
SKU-1013,WH-002,2024-07-13,371.5,315.8,427.2,exponential_smoothing
SKU-1013,WH-002,2024-07-14,327.1,278.0,376.1,exponential_smoothing
SKU-1013,WH-002,2024-07-15,448.7,381.4,516.0,exponential_smoothing
SKU-1013,WH-002,2024-07-16,443.9,377.3,510.5,exponential_smoothing
SKU-1013,WH-002,2024-07-17,396.1,336.6,455.5,exponential_smoothing
SKU-1013,WH-002,2024-07-18,374.1,318.0,430.2,exponential_smoothing
SKU-1013,WH-002,2024-07-19,370.7,315.1,426.3,exponential_smoothing
SKU-1013,WH-002,2024-07-20,369.3,313.9,424.7,exponential_smoothing
SKU-1013,WH-002,2024-07-21,324.9,276.1,373.6,exponential_smoothing
SKU-1013,WH-002,2024-07-22,446.5,379.5,513.4,exponential_smoothing
SKU-1013,WH-002,2024-07-23,441.7,375.4,508.0,exponential_smoothing
SKU-1013,WH-002,2024-07-24,393.8,334.8,452.9,exponential_smoothing
SKU-1013,WH-002,2024-07-25,371.8,316.1,427.6,exponential_smoothing
SKU-1013,WH-002,2024-07-26,368.5,313.2,423.8,exponential_smoothing
SKU-1013,WH-002,2024-07-27,367.1,312.0,422.1,exponential_smoothing
SKU-1013,WH-002,2024-07-28,322.7,274.3,371.0,exponential_smoothing
SKU-1013,WH-002,2024-07-29,444.3,377.6,510.9,exponential_smoothing
SKU-1013,WH-002,2024-07-30,439.5,373.6,505.4,exponential_smoothing
SKU-1013,WH-002,2024-07-31,391.6,332.9,450.4,exponential_smoothing
SKU-1013,WH-002,2024-08-01,369.6,314.2,425.1,exponential_smoothing
SKU-1013,WH-002,2024-08-02,366.3,311.3,421.2,exponential_smoothing
SKU-1013,WH-002,2024-08-03,364.8,310.1,419.6,exponential_smoothing
SKU-1013,WH-002,2024-08-04,320.4,272.4,368.5,exponential_smoothing
SKU-1013,WH-002,2024-08-05,442.0,375.7,508.3,exponential_smoothing
SKU-1013,WH-002,2024-08-06,437.3,371.7,502.9,exponential_smoothing
SKU-1013,WH-002,2024-08-07,389.4,331.0,447.8,exponential_smoothing
SKU-1013,WH-002,2024-08-08,367.4,312.3,422.5,exponential_smoothing
SKU-1013,WH-002,2024-08-09,364.1,309.5,418.7,exponential_smoothing
SKU-1013,WH-002,2024-08-10,362.6,308.2,417.0,exponential_smoothing
SKU-1013,WH-002,2024-08-11,318.2,270.5,366.0,exponential_smoothing
SKU-1013,WH-002,2024-08-12,439.8,373.9,505.8,exponential_smoothing
SKU-1013,WH-002,2024-08-13,435.1,369.8,500.3,exponential_smoothing
SKU-1013,WH-002,2024-08-14,387.2,329.1,445.3,exponential_smoothing
SKU-1013,WH-002,2024-08-15,365.2,310.4,420.0,exponential_smoothing
SKU-1013,WH-002,2024-08-16,361.9,307.6,416.1,exponential_smoothing
SKU-1013,WH-002,2024-08-17,360.4,306.4,414.5,exponential_smoothing
SKU-1013,WH-002,2024-08-18,316.0,268.6,363.4,exponential_smoothing
SKU-1013,WH-002,2024-08-19,437.6,372.0,503.3,exponential_smoothing
SKU-1013,WH-002,2024-08-20,432.8,367.9,497.8,exponential_smoothing
SKU-1013,WH-002,2024-08-21,385.0,327.2,442.7,exponential_smoothing
SKU-1013,WH-002,2024-08-22,363.0,308.5,417.4,exponential_smoothing
SKU-1013,WH-002,2024-08-23,359.7,305.7,413.6,exponential_smoothing
SKU-1013,WH-002,2024-08-24,358.2,304.5,411.9,exponential_smoothing
SKU-1013,WH-002,2024-08-25,313.8,266.7,360.9,exponential_smoothing
SKU-1013,WH-002,2024-08-26,435.4,370.1,500.7,exponential_smoothing
SKU-1013,WH-002,2024-08-27,430.6,366.0,495.2,exponential_smoothing
SKU-1013,WH-002,2024-08-28,382.8,325.4,440.2,exponential_smoothing
SKU-1013,WH-002,2024-08-29,360.8,306.7,414.9,exponential_smoothing
SKU-1013,WH-002,2024-08-30,357.4,303.8,411.1,exponential_smoothing
SKU-1013,WH-002,2024-08-31,356.0,302.6,409.4,exponential_smoothing
SKU-1013,WH-002,2024-09-01,311.6,264.8,358.3,exponential_smoothing
SKU-1013,WH-002,2024-09-02,433.2,368.2,498.2,exponential_smoothing
SKU-1013,WH-002,2024-09-03,428.4,364.2,492.7,exponential_smoothing
SKU-1013,WH-002,2024-09-04,380.6,323.5,437.6,exponential_smoothing
SKU-1013,WH-002,2024-09-05,358.6,304.8,412.3,exponential_smoothing
SKU-1013,WH-002,2024-09-06,355.2,301.9,408.5,exponential_smoothing
SKU-1013,WH-002,2024-09-07,353.8,300.7,406.8,exponential_smoothing
SKU-1013,WH-002,2024-09-08,309.4,263.0,355.8,exponential_smoothing
SKU-1013,WH-002,2024-09-09,431.0,366.3,495.6,exponential_smoothing
SKU-1013,WH-002,2024-09-10,426.2,362.3,490.1,exponential_smoothing
SKU-1013,WH-002,2024-09-11,378.3,321.6,435.1,exponential_smoothing
SKU-1013,WH-002,2024-09-12,356.4,302.9,409.8,exponential_smoothing
SKU-1013,WH-002,2024-09-13,353.0,300.1,406.0,exponential_smoothing
SKU-1013,WH-002,2024-09-14,351.6,298.8,404.3,exponential_smoothing
SKU-1013,WH-002,2024-09-15,307.2,261.1,353.2,exponential_smoothing
SKU-1013,WH-002,2024-09-16,428.8,364.4,493.1,exponential_smoothing
SKU-1013,WH-002,2024-09-17,424.0,360.4,487.6,exponential_smoothing
SKU-1013,WH-002,2024-09-18,376.1,319.7,432.5,exponential_smoothing
SKU-1013,WH-002,2024-09-19,354.1,301.0,407.3,exponential_smoothing
SKU-1013,WH-002,2024-09-20,350.8,298.2,403.4,exponential_smoothing
SKU-1013,WH-002,2024-09-21,349.4,296.9,401.8,exponential_smoothing
SKU-1013,WH-002,2024-09-22,304.9,259.2,350.7,exponential_smoothing
SKU-1013,WH-002,2024-09-23,426.5,362.6,490.5,exponential_smoothing
SKU-1013,WH-002,2024-09-24,421.8,358.5,485.0,exponential_smoothing
SKU-1013,WH-002,2024-09-25,373.9,317.8,430.0,exponential_smoothing
SKU-1013,WH-002,2024-09-26,351.9,299.1,404.7,exponential_smoothing
SKU-1013,WH-003,2024-06-29,372.8,316.9,428.8,exponential_smoothing
SKU-1013,WH-003,2024-06-30,342.9,291.5,394.3,exponential_smoothing
SKU-1013,WH-003,2024-07-01,438.2,372.5,504.0,exponential_smoothing
SKU-1013,WH-003,2024-07-02,406.5,345.5,467.4,exponential_smoothing
SKU-1013,WH-003,2024-07-03,405.1,344.4,465.9,exponential_smoothing
SKU-1013,WH-003,2024-07-04,391.0,332.4,449.7,exponential_smoothing
SKU-1013,WH-003,2024-07-05,384.4,326.8,442.1,exponential_smoothing
SKU-1013,WH-003,2024-07-06,371.7,315.9,427.4,exponential_smoothing
SKU-1013,WH-003,2024-07-07,341.7,290.5,393.0,exponential_smoothing
SKU-1013,WH-003,2024-07-08,437.1,371.5,502.7,exponential_smoothing
SKU-1013,WH-003,2024-07-09,405.3,344.5,466.1,exponential_smoothing
SKU-1013,WH-003,2024-07-10,404.0,343.4,464.6,exponential_smoothing
SKU-1013,WH-003,2024-07-11,389.9,331.4,448.4,exponential_smoothing
SKU-1013,WH-003,2024-07-12,383.3,325.8,440.8,exponential_smoothing
SKU-1013,WH-003,2024-07-13,370.5,315.0,426.1,exponential_smoothing
SKU-1013,WH-003,2024-07-14,340.6,289.5,391.7,exponential_smoothing
SKU-1013,WH-003,2024-07-15,435.9,370.5,501.3,exponential_smoothing
SKU-1013,WH-003,2024-07-16,404.2,343.5,464.8,exponential_smoothing
SKU-1013,WH-003,2024-07-17,402.8,342.4,463.3,exponential_smoothing
SKU-1013,WH-003,2024-07-18,388.7,330.4,447.0,exponential_smoothing
SKU-1013,WH-003,2024-07-19,382.1,324.8,439.5,exponential_smoothing
SKU-1013,WH-003,2024-07-20,369.4,314.0,424.8,exponential_smoothing
SKU-1013,WH-003,2024-07-21,339.4,288.5,390.3,exponential_smoothing
SKU-1013,WH-003,2024-07-22,434.8,369.6,500.0,exponential_smoothing
SKU-1013,WH-003,2024-07-23,403.0,342.6,463.5,exponential_smoothing
SKU-1013,WH-003,2024-07-24,401.7,341.4,461.9,exponential_smoothing
SKU-1013,WH-003,2024-07-25,387.6,329.4,445.7,exponential_smoothing
SKU-1013,WH-003,2024-07-26,381.0,323.8,438.1,exponential_smoothing
SKU-1013,WH-003,2024-07-27,368.2,313.0,423.5,exponential_smoothing
SKU-1013,WH-003,2024-07-28,338.3,287.5,389.0,exponential_smoothing
SKU-1013,WH-003,2024-07-29,433.6,368.6,498.7,exponential_smoothing
SKU-1013,WH-003,2024-07-30,401.9,341.6,462.1,exponential_smoothing
SKU-1013,WH-003,2024-07-31,400.5,340.5,460.6,exponential_smoothing
SKU-1013,WH-003,2024-08-01,386.4,328.5,444.4,exponential_smoothing
SKU-1013,WH-003,2024-08-02,379.8,322.9,436.8,exponential_smoothing
SKU-1013,WH-003,2024-08-03,367.1,312.0,422.1,exponential_smoothing
SKU-1013,WH-003,2024-08-04,337.1,286.6,387.7,exponential_smoothing
SKU-1013,WH-003,2024-08-05,432.5,367.6,497.4,exponential_smoothing
SKU-1013,WH-003,2024-08-06,400.7,340.6,460.8,exponential_smoothing
SKU-1013,WH-003,2024-08-07,399.4,339.5,459.3,exponential_smoothing
SKU-1013,WH-003,2024-08-08,385.3,327.5,443.1,exponential_smoothing
SKU-1013,WH-003,2024-08-09,378.7,321.9,435.5,exponential_smoothing
SKU-1013,WH-003,2024-08-10,365.9,311.0,420.8,exponential_smoothing
SKU-1013,WH-003,2024-08-11,336.0,285.6,386.4,exponential_smoothing
SKU-1013,WH-003,2024-08-12,431.3,366.6,496.0,exponential_smoothing
SKU-1013,WH-003,2024-08-13,399.5,339.6,459.5,exponential_smoothing
SKU-1013,WH-003,2024-08-14,398.2,338.5,458.0,exponential_smoothing
SKU-1013,WH-003,2024-08-15,384.1,326.5,441.7,exponential_smoothing
SKU-1013,WH-003,2024-08-16,377.5,320.9,434.2,exponential_smoothing
SKU-1013,WH-003,2024-08-17,364.8,310.1,419.5,exponential_smoothing
SKU-1013,WH-003,2024-08-18,334.8,284.6,385.0,exponential_smoothing
SKU-1013,WH-003,2024-08-19,430.2,365.7,494.7,exponential_smoothing
SKU-1013,WH-003,2024-08-20,398.4,338.6,458.2,exponential_smoothing
SKU-1013,WH-003,2024-08-21,397.1,337.5,456.6,exponential_smoothing
SKU-1013,WH-003,2024-08-22,383.0,325.5,440.4,exponential_smoothing
SKU-1013,WH-003,2024-08-23,376.4,319.9,432.8,exponential_smoothing
SKU-1013,WH-003,2024-08-24,363.6,309.1,418.2,exponential_smoothing
SKU-1013,WH-003,2024-08-25,333.7,283.6,383.7,exponential_smoothing
SKU-1013,WH-003,2024-08-26,429.0,364.7,493.4,exponential_smoothing
SKU-1013,WH-003,2024-08-27,397.2,337.7,456.8,exponential_smoothing
SKU-1013,WH-003,2024-08-28,395.9,336.5,455.3,exponential_smoothing
SKU-1013,WH-003,2024-08-29,381.8,324.5,439.1,exponential_smoothing
SKU-1013,WH-003,2024-08-30,375.2,318.9,431.5,exponential_smoothing
SKU-1013,WH-003,2024-08-31,362.5,308.1,416.8,exponential_smoothing
SKU-1013,WH-003,2024-09-01,332.5,282.6,382.4,exponential_smoothing
SKU-1013,WH-003,2024-09-02,427.9,363.7,492.1,exponential_smoothing
SKU-1013,WH-003,2024-09-03,396.1,336.7,455.5,exponential_smoothing
SKU-1013,WH-003,2024-09-04,394.8,335.6,454.0,exponential_smoothing
SKU-1013,WH-003,2024-09-05,380.7,323.6,437.8,exponential_smoothing
SKU-1013,WH-003,2024-09-06,374.1,318.0,430.2,exponential_smoothing
SKU-1013,WH-003,2024-09-07,361.3,307.1,415.5,exponential_smoothing
SKU-1013,WH-003,2024-09-08,331.4,281.7,381.1,exponential_smoothing
SKU-1013,WH-003,2024-09-09,426.7,362.7,490.7,exponential_smoothing
SKU-1013,WH-003,2024-09-10,394.9,335.7,454.2,exponential_smoothing
SKU-1013,WH-003,2024-09-11,393.6,334.6,452.7,exponential_smoothing
SKU-1013,WH-003,2024-09-12,379.5,322.6,436.4,exponential_smoothing
SKU-1013,WH-003,2024-09-13,372.9,317.0,428.9,exponential_smoothing
SKU-1013,WH-003,2024-09-14,360.2,306.1,414.2,exponential_smoothing
SKU-1013,WH-003,2024-09-15,330.2,280.7,379.7,exponential_smoothing
SKU-1013,WH-003,2024-09-16,425.6,361.7,489.4,exponential_smoothing
SKU-1013,WH-003,2024-09-17,393.8,334.7,452.9,exponential_smoothing
SKU-1013,WH-003,2024-09-18,392.5,333.6,451.3,exponential_smoothing
SKU-1013,WH-003,2024-09-19,378.4,321.6,435.1,exponential_smoothing
SKU-1013,WH-003,2024-09-20,371.8,316.0,427.5,exponential_smoothing
SKU-1013,WH-003,2024-09-21,359.0,305.2,412.9,exponential_smoothing
SKU-1013,WH-003,2024-09-22,329.1,279.7,378.4,exponential_smoothing
SKU-1013,WH-003,2024-09-23,424.4,360.8,488.1,exponential_smoothing
SKU-1013,WH-003,2024-09-24,392.6,333.7,451.5,exponential_smoothing
SKU-1013,WH-003,2024-09-25,391.3,332.6,450.0,exponential_smoothing
SKU-1013,WH-003,2024-09-26,377.2,320.6,433.8,exponential_smoothing
SKU-1013,WH-004,2024-06-29,449.6,404.6,494.6,moving_average
SKU-1013,WH-004,2024-06-30,449.6,404.6,494.6,moving_average
SKU-1013,WH-004,2024-07-01,449.6,404.6,494.6,moving_average
SKU-1013,WH-004,2024-07-02,449.6,404.6,494.6,moving_average
SKU-1013,WH-004,2024-07-03,449.6,404.6,494.6,moving_average
SKU-1013,WH-004,2024-07-04,449.6,404.6,494.6,moving_average
SKU-1013,WH-004,2024-07-05,449.6,404.6,494.6,moving_average
SKU-1013,WH-004,2024-07-06,449.6,404.6,494.6,moving_average
SKU-1013,WH-004,2024-07-07,449.6,404.6,494.6,moving_average
SKU-1013,WH-004,2024-07-08,449.6,404.6,494.6,moving_average
SKU-1013,WH-004,2024-07-09,449.6,404.6,494.6,moving_average
SKU-1013,WH-004,2024-07-10,449.6,404.6,494.6,moving_average
SKU-1013,WH-004,2024-07-11,449.6,404.6,494.6,moving_average
SKU-1013,WH-004,2024-07-12,449.6,404.6,494.6,moving_average
SKU-1013,WH-004,2024-07-13,449.6,404.6,494.6,moving_average
SKU-1013,WH-004,2024-07-14,449.6,404.6,494.6,moving_average
SKU-1013,WH-004,2024-07-15,449.6,404.6,494.6,moving_average
SKU-1013,WH-004,2024-07-16,449.6,404.6,494.6,moving_average
SKU-1013,WH-004,2024-07-17,449.6,404.6,494.6,moving_average
SKU-1013,WH-004,2024-07-18,449.6,404.6,494.6,moving_average
SKU-1013,WH-004,2024-07-19,449.6,404.6,494.6,moving_average
SKU-1013,WH-004,2024-07-20,449.6,404.6,494.6,moving_average
SKU-1013,WH-004,2024-07-21,449.6,404.6,494.6,moving_average
SKU-1013,WH-004,2024-07-22,449.6,404.6,494.6,moving_average
SKU-1013,WH-004,2024-07-23,449.6,404.6,494.6,moving_average
SKU-1013,WH-004,2024-07-24,449.6,404.6,494.6,moving_average
SKU-1013,WH-004,2024-07-25,449.6,404.6,494.6,moving_average
SKU-1013,WH-004,2024-07-26,449.6,404.6,494.6,moving_average
SKU-1013,WH-004,2024-07-27,449.6,404.6,494.6,moving_average
SKU-1013,WH-004,2024-07-28,449.6,404.6,494.6,moving_average
SKU-1013,WH-004,2024-07-29,449.6,404.6,494.6,moving_average
SKU-1013,WH-004,2024-07-30,449.6,404.6,494.6,moving_average
SKU-1013,WH-004,2024-07-31,449.6,404.6,494.6,moving_average
SKU-1013,WH-004,2024-08-01,449.6,404.6,494.6,moving_average
SKU-1013,WH-004,2024-08-02,449.6,404.6,494.6,moving_average
SKU-1013,WH-004,2024-08-03,449.6,404.6,494.6,moving_average
SKU-1013,WH-004,2024-08-04,449.6,404.6,494.6,moving_average
SKU-1013,WH-004,2024-08-05,449.6,404.6,494.6,moving_average
SKU-1013,WH-004,2024-08-06,449.6,404.6,494.6,moving_average
SKU-1013,WH-004,2024-08-07,449.6,404.6,494.6,moving_average
SKU-1013,WH-004,2024-08-08,449.6,404.6,494.6,moving_average
SKU-1013,WH-004,2024-08-09,449.6,404.6,494.6,moving_average
SKU-1013,WH-004,2024-08-10,449.6,404.6,494.6,moving_average
SKU-1013,WH-004,2024-08-11,449.6,404.6,494.6,moving_average
SKU-1013,WH-004,2024-08-12,449.6,404.6,494.6,moving_average
SKU-1013,WH-004,2024-08-13,449.6,404.6,494.6,moving_average
SKU-1013,WH-004,2024-08-14,449.6,404.6,494.6,moving_average
SKU-1013,WH-004,2024-08-15,449.6,404.6,494.6,moving_average
SKU-1013,WH-004,2024-08-16,449.6,404.6,494.6,moving_average
SKU-1013,WH-004,2024-08-17,449.6,404.6,494.6,moving_average
SKU-1013,WH-004,2024-08-18,449.6,404.6,494.6,moving_average
SKU-1013,WH-004,2024-08-19,449.6,404.6,494.6,moving_average
SKU-1013,WH-004,2024-08-20,449.6,404.6,494.6,moving_average
SKU-1013,WH-004,2024-08-21,449.6,404.6,494.6,moving_average
SKU-1013,WH-004,2024-08-22,449.6,404.6,494.6,moving_average
SKU-1013,WH-004,2024-08-23,449.6,404.6,494.6,moving_average
SKU-1013,WH-004,2024-08-24,449.6,404.6,494.6,moving_average
SKU-1013,WH-004,2024-08-25,449.6,404.6,494.6,moving_average
SKU-1013,WH-004,2024-08-26,449.6,404.6,494.6,moving_average
SKU-1013,WH-004,2024-08-27,449.6,404.6,494.6,moving_average
SKU-1013,WH-004,2024-08-28,449.6,404.6,494.6,moving_average
SKU-1013,WH-004,2024-08-29,449.6,404.6,494.6,moving_average
SKU-1013,WH-004,2024-08-30,449.6,404.6,494.6,moving_average
SKU-1013,WH-004,2024-08-31,449.6,404.6,494.6,moving_average
SKU-1013,WH-004,2024-09-01,449.6,404.6,494.6,moving_average
SKU-1013,WH-004,2024-09-02,449.6,404.6,494.6,moving_average
SKU-1013,WH-004,2024-09-03,449.6,404.6,494.6,moving_average
SKU-1013,WH-004,2024-09-04,449.6,404.6,494.6,moving_average
SKU-1013,WH-004,2024-09-05,449.6,404.6,494.6,moving_average
SKU-1013,WH-004,2024-09-06,449.6,404.6,494.6,moving_average
SKU-1013,WH-004,2024-09-07,449.6,404.6,494.6,moving_average
SKU-1013,WH-004,2024-09-08,449.6,404.6,494.6,moving_average
SKU-1013,WH-004,2024-09-09,449.6,404.6,494.6,moving_average
SKU-1013,WH-004,2024-09-10,449.6,404.6,494.6,moving_average
SKU-1013,WH-004,2024-09-11,449.6,404.6,494.6,moving_average
SKU-1013,WH-004,2024-09-12,449.6,404.6,494.6,moving_average
SKU-1013,WH-004,2024-09-13,449.6,404.6,494.6,moving_average
SKU-1013,WH-004,2024-09-14,449.6,404.6,494.6,moving_average
SKU-1013,WH-004,2024-09-15,449.6,404.6,494.6,moving_average
SKU-1013,WH-004,2024-09-16,449.6,404.6,494.6,moving_average
SKU-1013,WH-004,2024-09-17,449.6,404.6,494.6,moving_average
SKU-1013,WH-004,2024-09-18,449.6,404.6,494.6,moving_average
SKU-1013,WH-004,2024-09-19,449.6,404.6,494.6,moving_average
SKU-1013,WH-004,2024-09-20,449.6,404.6,494.6,moving_average
SKU-1013,WH-004,2024-09-21,449.6,404.6,494.6,moving_average
SKU-1013,WH-004,2024-09-22,449.6,404.6,494.6,moving_average
SKU-1013,WH-004,2024-09-23,449.6,404.6,494.6,moving_average
SKU-1013,WH-004,2024-09-24,449.6,404.6,494.6,moving_average
SKU-1013,WH-004,2024-09-25,449.6,404.6,494.6,moving_average
SKU-1013,WH-004,2024-09-26,449.6,404.6,494.6,moving_average
SKU-1013,WH-005,2024-06-29,270.2,216.2,324.3,xgboost
SKU-1013,WH-005,2024-06-30,357.3,285.8,428.7,xgboost
SKU-1013,WH-005,2024-07-01,342.2,273.8,410.7,xgboost
SKU-1013,WH-005,2024-07-02,387.9,310.4,465.5,xgboost
SKU-1013,WH-005,2024-07-03,456.2,365.0,547.5,xgboost
SKU-1013,WH-005,2024-07-04,407.7,326.2,489.3,xgboost
SKU-1013,WH-005,2024-07-05,371.8,297.4,446.2,xgboost
SKU-1013,WH-005,2024-07-06,460.2,368.2,552.2,xgboost
SKU-1013,WH-005,2024-07-07,374.1,299.3,448.9,xgboost
SKU-1013,WH-005,2024-07-08,452.0,361.6,542.4,xgboost
SKU-1013,WH-005,2024-07-09,428.6,342.9,514.3,xgboost
SKU-1013,WH-005,2024-07-10,444.7,355.7,533.6,xgboost
SKU-1013,WH-005,2024-07-11,327.8,262.2,393.3,xgboost
SKU-1013,WH-005,2024-07-12,514.6,411.6,617.5,xgboost
SKU-1013,WH-005,2024-07-13,528.3,422.7,634.0,xgboost
SKU-1013,WH-005,2024-07-14,492.7,394.2,591.3,xgboost
SKU-1013,WH-005,2024-07-15,496.7,397.3,596.0,xgboost
SKU-1013,WH-005,2024-07-16,390.4,312.4,468.5,xgboost
SKU-1013,WH-005,2024-07-17,350.9,280.7,421.1,xgboost
SKU-1013,WH-005,2024-07-18,328.6,262.9,394.3,xgboost
SKU-1013,WH-005,2024-07-19,396.6,317.3,475.9,xgboost
SKU-1013,WH-005,2024-07-20,359.6,287.7,431.5,xgboost
SKU-1013,WH-005,2024-07-21,392.9,314.3,471.5,xgboost
SKU-1013,WH-005,2024-07-22,441.3,353.0,529.5,xgboost
SKU-1013,WH-005,2024-07-23,406.6,325.3,487.9,xgboost
SKU-1013,WH-005,2024-07-24,473.0,378.4,567.6,xgboost
SKU-1013,WH-005,2024-07-25,385.7,308.5,462.8,xgboost
SKU-1013,WH-005,2024-07-26,424.2,339.4,509.1,xgboost
SKU-1013,WH-005,2024-07-27,387.0,309.6,464.4,xgboost
SKU-1013,WH-005,2024-07-28,382.1,305.7,458.5,xgboost
SKU-1013,WH-005,2024-07-29,346.4,277.2,415.7,xgboost
SKU-1013,WH-005,2024-07-30,315.8,252.7,379.0,xgboost
SKU-1013,WH-005,2024-07-31,347.9,278.3,417.5,xgboost
SKU-1013,WH-005,2024-08-01,272.7,218.2,327.2,xgboost
SKU-1013,WH-005,2024-08-02,393.4,314.7,472.1,xgboost
SKU-1013,WH-005,2024-08-03,415.3,332.2,498.3,xgboost
SKU-1013,WH-005,2024-08-04,401.9,321.5,482.3,xgboost
SKU-1013,WH-005,2024-08-05,452.5,362.0,543.0,xgboost
SKU-1013,WH-005,2024-08-06,394.4,315.5,473.2,xgboost
SKU-1013,WH-005,2024-08-07,417.3,333.9,500.8,xgboost
SKU-1013,WH-005,2024-08-08,376.3,301.1,451.6,xgboost
SKU-1013,WH-005,2024-08-09,398.8,319.1,478.6,xgboost
SKU-1013,WH-005,2024-08-10,403.2,322.6,483.9,xgboost
SKU-1013,WH-005,2024-08-11,438.2,350.5,525.8,xgboost
SKU-1013,WH-005,2024-08-12,488.6,390.9,586.4,xgboost
SKU-1013,WH-005,2024-08-13,467.6,374.1,561.1,xgboost
SKU-1013,WH-005,2024-08-14,528.2,422.5,633.8,xgboost
SKU-1013,WH-005,2024-08-15,473.5,378.8,568.2,xgboost
SKU-1013,WH-005,2024-08-16,565.0,452.0,678.0,xgboost
SKU-1013,WH-005,2024-08-17,408.4,326.7,490.1,xgboost
SKU-1013,WH-005,2024-08-18,426.3,341.1,511.6,xgboost
SKU-1013,WH-005,2024-08-19,334.5,267.6,401.4,xgboost
SKU-1013,WH-005,2024-08-20,301.7,241.4,362.1,xgboost
SKU-1013,WH-005,2024-08-21,299.8,239.8,359.7,xgboost
SKU-1013,WH-005,2024-08-22,309.3,247.4,371.1,xgboost
SKU-1013,WH-005,2024-08-23,385.8,308.7,463.0,xgboost
SKU-1013,WH-005,2024-08-24,391.6,313.3,469.9,xgboost
SKU-1013,WH-005,2024-08-25,460.4,368.3,552.5,xgboost
SKU-1013,WH-005,2024-08-26,422.7,338.1,507.2,xgboost
SKU-1013,WH-005,2024-08-27,461.6,369.2,553.9,xgboost
SKU-1013,WH-005,2024-08-28,380.1,304.1,456.1,xgboost
SKU-1013,WH-005,2024-08-29,385.5,308.4,462.6,xgboost
SKU-1013,WH-005,2024-08-30,355.8,284.6,426.9,xgboost
SKU-1013,WH-005,2024-08-31,423.3,338.6,508.0,xgboost
SKU-1013,WH-005,2024-09-01,370.9,296.7,445.0,xgboost
SKU-1013,WH-005,2024-09-02,365.6,292.5,438.7,xgboost
SKU-1013,WH-005,2024-09-03,307.1,245.7,368.5,xgboost
SKU-1013,WH-005,2024-09-04,365.3,292.3,438.4,xgboost
SKU-1013,WH-005,2024-09-05,434.7,347.7,521.6,xgboost
SKU-1013,WH-005,2024-09-06,488.4,390.7,586.1,xgboost
SKU-1013,WH-005,2024-09-07,432.1,345.7,518.5,xgboost
SKU-1013,WH-005,2024-09-08,400.5,320.4,480.6,xgboost
SKU-1013,WH-005,2024-09-09,410.5,328.4,492.6,xgboost
SKU-1013,WH-005,2024-09-10,418.4,334.7,502.1,xgboost
SKU-1013,WH-005,2024-09-11,404.7,323.8,485.6,xgboost
SKU-1013,WH-005,2024-09-12,415.7,332.6,498.9,xgboost
SKU-1013,WH-005,2024-09-13,391.6,313.3,469.9,xgboost
SKU-1013,WH-005,2024-09-14,419.0,335.2,502.9,xgboost
SKU-1013,WH-005,2024-09-15,473.6,378.9,568.3,xgboost
SKU-1013,WH-005,2024-09-16,486.5,389.2,583.8,xgboost
SKU-1013,WH-005,2024-09-17,513.5,410.8,616.1,xgboost
SKU-1013,WH-005,2024-09-18,461.6,369.3,554.0,xgboost
SKU-1013,WH-005,2024-09-19,444.9,356.0,533.9,xgboost
SKU-1013,WH-005,2024-09-20,409.8,327.8,491.7,xgboost
SKU-1013,WH-005,2024-09-21,376.1,300.9,451.4,xgboost
SKU-1013,WH-005,2024-09-22,387.0,309.6,464.4,xgboost
SKU-1013,WH-005,2024-09-23,339.9,271.9,407.9,xgboost
SKU-1013,WH-005,2024-09-24,352.0,281.6,422.4,xgboost
SKU-1013,WH-005,2024-09-25,315.8,252.6,378.9,xgboost
SKU-1013,WH-005,2024-09-26,355.5,284.4,426.6,xgboost
SKU-1013,WH-006,2024-06-29,415.1,373.6,456.7,moving_average
SKU-1013,WH-006,2024-06-30,415.1,373.6,456.7,moving_average
SKU-1013,WH-006,2024-07-01,415.1,373.6,456.7,moving_average
SKU-1013,WH-006,2024-07-02,415.1,373.6,456.7,moving_average
SKU-1013,WH-006,2024-07-03,415.1,373.6,456.7,moving_average
SKU-1013,WH-006,2024-07-04,415.1,373.6,456.7,moving_average
SKU-1013,WH-006,2024-07-05,415.1,373.6,456.7,moving_average
SKU-1013,WH-006,2024-07-06,415.1,373.6,456.7,moving_average
SKU-1013,WH-006,2024-07-07,415.1,373.6,456.7,moving_average
SKU-1013,WH-006,2024-07-08,415.1,373.6,456.7,moving_average
SKU-1013,WH-006,2024-07-09,415.1,373.6,456.7,moving_average
SKU-1013,WH-006,2024-07-10,415.1,373.6,456.7,moving_average
SKU-1013,WH-006,2024-07-11,415.1,373.6,456.7,moving_average
SKU-1013,WH-006,2024-07-12,415.1,373.6,456.7,moving_average
SKU-1013,WH-006,2024-07-13,415.1,373.6,456.7,moving_average
SKU-1013,WH-006,2024-07-14,415.1,373.6,456.7,moving_average
SKU-1013,WH-006,2024-07-15,415.1,373.6,456.7,moving_average
SKU-1013,WH-006,2024-07-16,415.1,373.6,456.7,moving_average
SKU-1013,WH-006,2024-07-17,415.1,373.6,456.7,moving_average
SKU-1013,WH-006,2024-07-18,415.1,373.6,456.7,moving_average
SKU-1013,WH-006,2024-07-19,415.1,373.6,456.7,moving_average
SKU-1013,WH-006,2024-07-20,415.1,373.6,456.7,moving_average
SKU-1013,WH-006,2024-07-21,415.1,373.6,456.7,moving_average
SKU-1013,WH-006,2024-07-22,415.1,373.6,456.7,moving_average
SKU-1013,WH-006,2024-07-23,415.1,373.6,456.7,moving_average
SKU-1013,WH-006,2024-07-24,415.1,373.6,456.7,moving_average
SKU-1013,WH-006,2024-07-25,415.1,373.6,456.7,moving_average
SKU-1013,WH-006,2024-07-26,415.1,373.6,456.7,moving_average
SKU-1013,WH-006,2024-07-27,415.1,373.6,456.7,moving_average
SKU-1013,WH-006,2024-07-28,415.1,373.6,456.7,moving_average
SKU-1013,WH-006,2024-07-29,415.1,373.6,456.7,moving_average
SKU-1013,WH-006,2024-07-30,415.1,373.6,456.7,moving_average
SKU-1013,WH-006,2024-07-31,415.1,373.6,456.7,moving_average
SKU-1013,WH-006,2024-08-01,415.1,373.6,456.7,moving_average
SKU-1013,WH-006,2024-08-02,415.1,373.6,456.7,moving_average
SKU-1013,WH-006,2024-08-03,415.1,373.6,456.7,moving_average
SKU-1013,WH-006,2024-08-04,415.1,373.6,456.7,moving_average
SKU-1013,WH-006,2024-08-05,415.1,373.6,456.7,moving_average
SKU-1013,WH-006,2024-08-06,415.1,373.6,456.7,moving_average
SKU-1013,WH-006,2024-08-07,415.1,373.6,456.7,moving_average
SKU-1013,WH-006,2024-08-08,415.1,373.6,456.7,moving_average
SKU-1013,WH-006,2024-08-09,415.1,373.6,456.7,moving_average
SKU-1013,WH-006,2024-08-10,415.1,373.6,456.7,moving_average
SKU-1013,WH-006,2024-08-11,415.1,373.6,456.7,moving_average
SKU-1013,WH-006,2024-08-12,415.1,373.6,456.7,moving_average
SKU-1013,WH-006,2024-08-13,415.1,373.6,456.7,moving_average
SKU-1013,WH-006,2024-08-14,415.1,373.6,456.7,moving_average
SKU-1013,WH-006,2024-08-15,415.1,373.6,456.7,moving_average
SKU-1013,WH-006,2024-08-16,415.1,373.6,456.7,moving_average
SKU-1013,WH-006,2024-08-17,415.1,373.6,456.7,moving_average
SKU-1013,WH-006,2024-08-18,415.1,373.6,456.7,moving_average
SKU-1013,WH-006,2024-08-19,415.1,373.6,456.7,moving_average
SKU-1013,WH-006,2024-08-20,415.1,373.6,456.7,moving_average
SKU-1013,WH-006,2024-08-21,415.1,373.6,456.7,moving_average
SKU-1013,WH-006,2024-08-22,415.1,373.6,456.7,moving_average
SKU-1013,WH-006,2024-08-23,415.1,373.6,456.7,moving_average
SKU-1013,WH-006,2024-08-24,415.1,373.6,456.7,moving_average
SKU-1013,WH-006,2024-08-25,415.1,373.6,456.7,moving_average
SKU-1013,WH-006,2024-08-26,415.1,373.6,456.7,moving_average
SKU-1013,WH-006,2024-08-27,415.1,373.6,456.7,moving_average
SKU-1013,WH-006,2024-08-28,415.1,373.6,456.7,moving_average
SKU-1013,WH-006,2024-08-29,415.1,373.6,456.7,moving_average
SKU-1013,WH-006,2024-08-30,415.1,373.6,456.7,moving_average
SKU-1013,WH-006,2024-08-31,415.1,373.6,456.7,moving_average
SKU-1013,WH-006,2024-09-01,415.1,373.6,456.7,moving_average
SKU-1013,WH-006,2024-09-02,415.1,373.6,456.7,moving_average
SKU-1013,WH-006,2024-09-03,415.1,373.6,456.7,moving_average
SKU-1013,WH-006,2024-09-04,415.1,373.6,456.7,moving_average
SKU-1013,WH-006,2024-09-05,415.1,373.6,456.7,moving_average
SKU-1013,WH-006,2024-09-06,415.1,373.6,456.7,moving_average
SKU-1013,WH-006,2024-09-07,415.1,373.6,456.7,moving_average
SKU-1013,WH-006,2024-09-08,415.1,373.6,456.7,moving_average
SKU-1013,WH-006,2024-09-09,415.1,373.6,456.7,moving_average
SKU-1013,WH-006,2024-09-10,415.1,373.6,456.7,moving_average
SKU-1013,WH-006,2024-09-11,415.1,373.6,456.7,moving_average
SKU-1013,WH-006,2024-09-12,415.1,373.6,456.7,moving_average
SKU-1013,WH-006,2024-09-13,415.1,373.6,456.7,moving_average
SKU-1013,WH-006,2024-09-14,415.1,373.6,456.7,moving_average
SKU-1013,WH-006,2024-09-15,415.1,373.6,456.7,moving_average
SKU-1013,WH-006,2024-09-16,415.1,373.6,456.7,moving_average
SKU-1013,WH-006,2024-09-17,415.1,373.6,456.7,moving_average
SKU-1013,WH-006,2024-09-18,415.1,373.6,456.7,moving_average
SKU-1013,WH-006,2024-09-19,415.1,373.6,456.7,moving_average
SKU-1013,WH-006,2024-09-20,415.1,373.6,456.7,moving_average
SKU-1013,WH-006,2024-09-21,415.1,373.6,456.7,moving_average
SKU-1013,WH-006,2024-09-22,415.1,373.6,456.7,moving_average
SKU-1013,WH-006,2024-09-23,415.1,373.6,456.7,moving_average
SKU-1013,WH-006,2024-09-24,415.1,373.6,456.7,moving_average
SKU-1013,WH-006,2024-09-25,415.1,373.6,456.7,moving_average
SKU-1013,WH-006,2024-09-26,415.1,373.6,456.7,moving_average
SKU-1013,WH-007,2024-06-29,403.7,363.3,444.0,moving_average
SKU-1013,WH-007,2024-06-30,403.7,363.3,444.0,moving_average
SKU-1013,WH-007,2024-07-01,403.7,363.3,444.0,moving_average
SKU-1013,WH-007,2024-07-02,403.7,363.3,444.0,moving_average
SKU-1013,WH-007,2024-07-03,403.7,363.3,444.0,moving_average
SKU-1013,WH-007,2024-07-04,403.7,363.3,444.0,moving_average
SKU-1013,WH-007,2024-07-05,403.7,363.3,444.0,moving_average
SKU-1013,WH-007,2024-07-06,403.7,363.3,444.0,moving_average
SKU-1013,WH-007,2024-07-07,403.7,363.3,444.0,moving_average
SKU-1013,WH-007,2024-07-08,403.7,363.3,444.0,moving_average
SKU-1013,WH-007,2024-07-09,403.7,363.3,444.0,moving_average
SKU-1013,WH-007,2024-07-10,403.7,363.3,444.0,moving_average
SKU-1013,WH-007,2024-07-11,403.7,363.3,444.0,moving_average
SKU-1013,WH-007,2024-07-12,403.7,363.3,444.0,moving_average
SKU-1013,WH-007,2024-07-13,403.7,363.3,444.0,moving_average
SKU-1013,WH-007,2024-07-14,403.7,363.3,444.0,moving_average
SKU-1013,WH-007,2024-07-15,403.7,363.3,444.0,moving_average
SKU-1013,WH-007,2024-07-16,403.7,363.3,444.0,moving_average
SKU-1013,WH-007,2024-07-17,403.7,363.3,444.0,moving_average
SKU-1013,WH-007,2024-07-18,403.7,363.3,444.0,moving_average
SKU-1013,WH-007,2024-07-19,403.7,363.3,444.0,moving_average
SKU-1013,WH-007,2024-07-20,403.7,363.3,444.0,moving_average
SKU-1013,WH-007,2024-07-21,403.7,363.3,444.0,moving_average
SKU-1013,WH-007,2024-07-22,403.7,363.3,444.0,moving_average
SKU-1013,WH-007,2024-07-23,403.7,363.3,444.0,moving_average
SKU-1013,WH-007,2024-07-24,403.7,363.3,444.0,moving_average
SKU-1013,WH-007,2024-07-25,403.7,363.3,444.0,moving_average
SKU-1013,WH-007,2024-07-26,403.7,363.3,444.0,moving_average
SKU-1013,WH-007,2024-07-27,403.7,363.3,444.0,moving_average
SKU-1013,WH-007,2024-07-28,403.7,363.3,444.0,moving_average
SKU-1013,WH-007,2024-07-29,403.7,363.3,444.0,moving_average
SKU-1013,WH-007,2024-07-30,403.7,363.3,444.0,moving_average
SKU-1013,WH-007,2024-07-31,403.7,363.3,444.0,moving_average
SKU-1013,WH-007,2024-08-01,403.7,363.3,444.0,moving_average
SKU-1013,WH-007,2024-08-02,403.7,363.3,444.0,moving_average
SKU-1013,WH-007,2024-08-03,403.7,363.3,444.0,moving_average
SKU-1013,WH-007,2024-08-04,403.7,363.3,444.0,moving_average
SKU-1013,WH-007,2024-08-05,403.7,363.3,444.0,moving_average
SKU-1013,WH-007,2024-08-06,403.7,363.3,444.0,moving_average
SKU-1013,WH-007,2024-08-07,403.7,363.3,444.0,moving_average
SKU-1013,WH-007,2024-08-08,403.7,363.3,444.0,moving_average
SKU-1013,WH-007,2024-08-09,403.7,363.3,444.0,moving_average
SKU-1013,WH-007,2024-08-10,403.7,363.3,444.0,moving_average
SKU-1013,WH-007,2024-08-11,403.7,363.3,444.0,moving_average
SKU-1013,WH-007,2024-08-12,403.7,363.3,444.0,moving_average
SKU-1013,WH-007,2024-08-13,403.7,363.3,444.0,moving_average
SKU-1013,WH-007,2024-08-14,403.7,363.3,444.0,moving_average
SKU-1013,WH-007,2024-08-15,403.7,363.3,444.0,moving_average
SKU-1013,WH-007,2024-08-16,403.7,363.3,444.0,moving_average
SKU-1013,WH-007,2024-08-17,403.7,363.3,444.0,moving_average
SKU-1013,WH-007,2024-08-18,403.7,363.3,444.0,moving_average
SKU-1013,WH-007,2024-08-19,403.7,363.3,444.0,moving_average
SKU-1013,WH-007,2024-08-20,403.7,363.3,444.0,moving_average
SKU-1013,WH-007,2024-08-21,403.7,363.3,444.0,moving_average
SKU-1013,WH-007,2024-08-22,403.7,363.3,444.0,moving_average
SKU-1013,WH-007,2024-08-23,403.7,363.3,444.0,moving_average
SKU-1013,WH-007,2024-08-24,403.7,363.3,444.0,moving_average
SKU-1013,WH-007,2024-08-25,403.7,363.3,444.0,moving_average
SKU-1013,WH-007,2024-08-26,403.7,363.3,444.0,moving_average
SKU-1013,WH-007,2024-08-27,403.7,363.3,444.0,moving_average
SKU-1013,WH-007,2024-08-28,403.7,363.3,444.0,moving_average
SKU-1013,WH-007,2024-08-29,403.7,363.3,444.0,moving_average
SKU-1013,WH-007,2024-08-30,403.7,363.3,444.0,moving_average
SKU-1013,WH-007,2024-08-31,403.7,363.3,444.0,moving_average
SKU-1013,WH-007,2024-09-01,403.7,363.3,444.0,moving_average
SKU-1013,WH-007,2024-09-02,403.7,363.3,444.0,moving_average
SKU-1013,WH-007,2024-09-03,403.7,363.3,444.0,moving_average
SKU-1013,WH-007,2024-09-04,403.7,363.3,444.0,moving_average
SKU-1013,WH-007,2024-09-05,403.7,363.3,444.0,moving_average
SKU-1013,WH-007,2024-09-06,403.7,363.3,444.0,moving_average
SKU-1013,WH-007,2024-09-07,403.7,363.3,444.0,moving_average
SKU-1013,WH-007,2024-09-08,403.7,363.3,444.0,moving_average
SKU-1013,WH-007,2024-09-09,403.7,363.3,444.0,moving_average
SKU-1013,WH-007,2024-09-10,403.7,363.3,444.0,moving_average
SKU-1013,WH-007,2024-09-11,403.7,363.3,444.0,moving_average
SKU-1013,WH-007,2024-09-12,403.7,363.3,444.0,moving_average
SKU-1013,WH-007,2024-09-13,403.7,363.3,444.0,moving_average
SKU-1013,WH-007,2024-09-14,403.7,363.3,444.0,moving_average
SKU-1013,WH-007,2024-09-15,403.7,363.3,444.0,moving_average
SKU-1013,WH-007,2024-09-16,403.7,363.3,444.0,moving_average
SKU-1013,WH-007,2024-09-17,403.7,363.3,444.0,moving_average
SKU-1013,WH-007,2024-09-18,403.7,363.3,444.0,moving_average
SKU-1013,WH-007,2024-09-19,403.7,363.3,444.0,moving_average
SKU-1013,WH-007,2024-09-20,403.7,363.3,444.0,moving_average
SKU-1013,WH-007,2024-09-21,403.7,363.3,444.0,moving_average
SKU-1013,WH-007,2024-09-22,403.7,363.3,444.0,moving_average
SKU-1013,WH-007,2024-09-23,403.7,363.3,444.0,moving_average
SKU-1013,WH-007,2024-09-24,403.7,363.3,444.0,moving_average
SKU-1013,WH-007,2024-09-25,403.7,363.3,444.0,moving_average
SKU-1013,WH-007,2024-09-26,403.7,363.3,444.0,moving_average
SKU-1014,WH-001,2024-06-29,389.1,311.3,467.0,xgboost
SKU-1014,WH-001,2024-06-30,473.5,378.8,568.2,xgboost
SKU-1014,WH-001,2024-07-01,549.8,439.8,659.7,xgboost
SKU-1014,WH-001,2024-07-02,481.9,385.5,578.3,xgboost
SKU-1014,WH-001,2024-07-03,468.2,374.6,561.9,xgboost
SKU-1014,WH-001,2024-07-04,539.2,431.4,647.0,xgboost
SKU-1014,WH-001,2024-07-05,450.8,360.7,541.0,xgboost
SKU-1014,WH-001,2024-07-06,382.9,306.4,459.5,xgboost
SKU-1014,WH-001,2024-07-07,393.2,314.5,471.8,xgboost
SKU-1014,WH-001,2024-07-08,415.3,332.2,498.3,xgboost
SKU-1014,WH-001,2024-07-09,442.5,354.0,530.9,xgboost
SKU-1014,WH-001,2024-07-10,406.6,325.3,488.0,xgboost
SKU-1014,WH-001,2024-07-11,385.0,308.0,462.0,xgboost
SKU-1014,WH-001,2024-07-12,393.3,314.7,472.0,xgboost
SKU-1014,WH-001,2024-07-13,401.4,321.1,481.7,xgboost
SKU-1014,WH-001,2024-07-14,495.5,396.4,594.6,xgboost
SKU-1014,WH-001,2024-07-15,404.2,323.4,485.1,xgboost
SKU-1014,WH-001,2024-07-16,457.9,366.3,549.5,xgboost
SKU-1014,WH-001,2024-07-17,433.6,346.9,520.3,xgboost
SKU-1014,WH-001,2024-07-18,368.2,294.6,441.9,xgboost
SKU-1014,WH-001,2024-07-19,360.1,288.1,432.2,xgboost
SKU-1014,WH-001,2024-07-20,496.1,396.9,595.3,xgboost
SKU-1014,WH-001,2024-07-21,473.2,378.5,567.8,xgboost
SKU-1014,WH-001,2024-07-22,411.0,328.8,493.2,xgboost
SKU-1014,WH-001,2024-07-23,412.7,330.1,495.2,xgboost
SKU-1014,WH-001,2024-07-24,375.2,300.1,450.2,xgboost
SKU-1014,WH-001,2024-07-25,403.5,322.8,484.2,xgboost
SKU-1014,WH-001,2024-07-26,418.2,334.6,501.9,xgboost
SKU-1014,WH-001,2024-07-27,427.7,342.2,513.3,xgboost
SKU-1014,WH-001,2024-07-28,387.6,310.1,465.1,xgboost
SKU-1014,WH-001,2024-07-29,422.7,338.2,507.3,xgboost
SKU-1014,WH-001,2024-07-30,494.6,395.7,593.5,xgboost
SKU-1014,WH-001,2024-07-31,407.4,325.9,488.9,xgboost
SKU-1014,WH-001,2024-08-01,458.1,366.5,549.7,xgboost
SKU-1014,WH-001,2024-08-02,460.8,368.6,552.9,xgboost
SKU-1014,WH-001,2024-08-03,353.3,282.7,424.0,xgboost
SKU-1014,WH-001,2024-08-04,390.2,312.2,468.2,xgboost
SKU-1014,WH-001,2024-08-05,483.2,386.6,579.9,xgboost
SKU-1014,WH-001,2024-08-06,371.0,296.8,445.2,xgboost
SKU-1014,WH-001,2024-08-07,359.0,287.2,430.8,xgboost
SKU-1014,WH-001,2024-08-08,372.7,298.2,447.3,xgboost
SKU-1014,WH-001,2024-08-09,430.7,344.6,516.9,xgboost
SKU-1014,WH-001,2024-08-10,369.2,295.4,443.1,xgboost
SKU-1014,WH-001,2024-08-11,400.3,320.3,480.4,xgboost
SKU-1014,WH-001,2024-08-12,472.0,377.6,566.4,xgboost
SKU-1014,WH-001,2024-08-13,410.7,328.5,492.8,xgboost
SKU-1014,WH-001,2024-08-14,365.5,292.4,438.6,xgboost
SKU-1014,WH-001,2024-08-15,405.9,324.7,487.1,xgboost
SKU-1014,WH-001,2024-08-16,497.0,397.6,596.4,xgboost
SKU-1014,WH-001,2024-08-17,414.7,331.7,497.6,xgboost
SKU-1014,WH-001,2024-08-18,489.9,391.9,587.8,xgboost
SKU-1014,WH-001,2024-08-19,405.1,324.1,486.2,xgboost
SKU-1014,WH-001,2024-08-20,388.4,310.7,466.1,xgboost
SKU-1014,WH-001,2024-08-21,373.0,298.4,447.6,xgboost
SKU-1014,WH-001,2024-08-22,405.5,324.4,486.6,xgboost
SKU-1014,WH-001,2024-08-23,376.5,301.2,451.8,xgboost
SKU-1014,WH-001,2024-08-24,389.8,311.8,467.7,xgboost
SKU-1014,WH-001,2024-08-25,374.3,299.5,449.2,xgboost
SKU-1014,WH-001,2024-08-26,403.5,322.8,484.2,xgboost
SKU-1014,WH-001,2024-08-27,457.9,366.3,549.5,xgboost
SKU-1014,WH-001,2024-08-28,546.3,437.0,655.5,xgboost
SKU-1014,WH-001,2024-08-29,419.4,335.5,503.3,xgboost
SKU-1014,WH-001,2024-08-30,441.4,353.1,529.6,xgboost
SKU-1014,WH-001,2024-08-31,409.9,328.0,491.9,xgboost
SKU-1014,WH-001,2024-09-01,464.0,371.2,556.8,xgboost
SKU-1014,WH-001,2024-09-02,424.7,339.7,509.6,xgboost
SKU-1014,WH-001,2024-09-03,419.0,335.2,502.8,xgboost
SKU-1014,WH-001,2024-09-04,313.5,250.8,376.2,xgboost
SKU-1014,WH-001,2024-09-05,370.5,296.4,444.6,xgboost
SKU-1014,WH-001,2024-09-06,375.0,300.0,450.0,xgboost
SKU-1014,WH-001,2024-09-07,351.5,281.2,421.8,xgboost
SKU-1014,WH-001,2024-09-08,395.9,316.7,475.0,xgboost
SKU-1014,WH-001,2024-09-09,455.2,364.1,546.2,xgboost
SKU-1014,WH-001,2024-09-10,463.3,370.7,556.0,xgboost
SKU-1014,WH-001,2024-09-11,364.5,291.6,437.3,xgboost
SKU-1014,WH-001,2024-09-12,449.0,359.2,538.7,xgboost
SKU-1014,WH-001,2024-09-13,479.1,383.3,574.9,xgboost
SKU-1014,WH-001,2024-09-14,448.3,358.6,537.9,xgboost
SKU-1014,WH-001,2024-09-15,469.1,375.3,562.9,xgboost
SKU-1014,WH-001,2024-09-16,425.2,340.1,510.2,xgboost
SKU-1014,WH-001,2024-09-17,382.6,306.1,459.2,xgboost
SKU-1014,WH-001,2024-09-18,363.3,290.6,436.0,xgboost
SKU-1014,WH-001,2024-09-19,413.8,331.1,496.6,xgboost
SKU-1014,WH-001,2024-09-20,420.0,336.0,504.0,xgboost
SKU-1014,WH-001,2024-09-21,368.4,294.8,442.1,xgboost
SKU-1014,WH-001,2024-09-22,407.9,326.3,489.5,xgboost
SKU-1014,WH-001,2024-09-23,478.4,382.7,574.0,xgboost
SKU-1014,WH-001,2024-09-24,410.3,328.3,492.4,xgboost
SKU-1014,WH-001,2024-09-25,368.7,295.0,442.4,xgboost
SKU-1014,WH-001,2024-09-26,434.5,347.6,521.4,xgboost
SKU-1014,WH-002,2024-06-29,468.8,398.5,539.1,exponential_smoothing
SKU-1014,WH-002,2024-06-30,422.0,358.7,485.3,exponential_smoothing
SKU-1014,WH-002,2024-07-01,552.9,469.9,635.8,exponential_smoothing
SKU-1014,WH-002,2024-07-02,546.2,464.3,628.1,exponential_smoothing
SKU-1014,WH-002,2024-07-03,490.9,417.3,564.5,exponential_smoothing
SKU-1014,WH-002,2024-07-04,466.8,396.8,536.9,exponential_smoothing
SKU-1014,WH-002,2024-07-05,463.8,394.2,533.4,exponential_smoothing
SKU-1014,WH-002,2024-07-06,470.6,400.0,541.1,exponential_smoothing
SKU-1014,WH-002,2024-07-07,423.8,360.2,487.4,exponential_smoothing
SKU-1014,WH-002,2024-07-08,554.6,471.4,637.8,exponential_smoothing
SKU-1014,WH-002,2024-07-09,548.0,465.8,630.2,exponential_smoothing
SKU-1014,WH-002,2024-07-10,492.7,418.8,566.6,exponential_smoothing
SKU-1014,WH-002,2024-07-11,468.6,398.3,538.9,exponential_smoothing
SKU-1014,WH-002,2024-07-12,465.6,395.7,535.4,exponential_smoothing
SKU-1014,WH-002,2024-07-13,472.3,401.5,543.2,exponential_smoothing
SKU-1014,WH-002,2024-07-14,425.6,361.7,489.4,exponential_smoothing
SKU-1014,WH-002,2024-07-15,556.4,473.0,639.9,exponential_smoothing
SKU-1014,WH-002,2024-07-16,549.8,467.3,632.2,exponential_smoothing
SKU-1014,WH-002,2024-07-17,494.5,420.3,568.6,exponential_smoothing
SKU-1014,WH-002,2024-07-18,470.4,399.9,541.0,exponential_smoothing
SKU-1014,WH-002,2024-07-19,467.4,397.3,537.5,exponential_smoothing
SKU-1014,WH-002,2024-07-20,474.1,403.0,545.2,exponential_smoothing
SKU-1014,WH-002,2024-07-21,427.4,363.3,491.5,exponential_smoothing
SKU-1014,WH-002,2024-07-22,558.2,474.5,641.9,exponential_smoothing
SKU-1014,WH-002,2024-07-23,551.5,468.8,634.3,exponential_smoothing
SKU-1014,WH-002,2024-07-24,496.2,421.8,570.7,exponential_smoothing
SKU-1014,WH-002,2024-07-25,472.2,401.4,543.0,exponential_smoothing
SKU-1014,WH-002,2024-07-26,469.2,398.8,539.5,exponential_smoothing
SKU-1014,WH-002,2024-07-27,475.9,404.5,547.3,exponential_smoothing
SKU-1014,WH-002,2024-07-28,429.1,364.8,493.5,exponential_smoothing
SKU-1014,WH-002,2024-07-29,560.0,476.0,644.0,exponential_smoothing
SKU-1014,WH-002,2024-07-30,553.3,470.3,636.3,exponential_smoothing
SKU-1014,WH-002,2024-07-31,498.0,423.3,572.7,exponential_smoothing
SKU-1014,WH-002,2024-08-01,474.0,402.9,545.1,exponential_smoothing
SKU-1014,WH-002,2024-08-02,470.9,400.3,541.6,exponential_smoothing
SKU-1014,WH-002,2024-08-03,477.7,406.0,549.3,exponential_smoothing
SKU-1014,WH-002,2024-08-04,430.9,366.3,495.6,exponential_smoothing
SKU-1014,WH-002,2024-08-05,561.8,477.5,646.0,exponential_smoothing
SKU-1014,WH-002,2024-08-06,555.1,471.8,638.4,exponential_smoothing
SKU-1014,WH-002,2024-08-07,499.8,424.8,574.8,exponential_smoothing
SKU-1014,WH-002,2024-08-08,475.8,404.4,547.1,exponential_smoothing
SKU-1014,WH-002,2024-08-09,472.7,401.8,543.6,exponential_smoothing
SKU-1014,WH-002,2024-08-10,479.5,407.6,551.4,exponential_smoothing
SKU-1014,WH-002,2024-08-11,432.7,367.8,497.6,exponential_smoothing
SKU-1014,WH-002,2024-08-12,563.6,479.0,648.1,exponential_smoothing
SKU-1014,WH-002,2024-08-13,556.9,473.4,640.4,exponential_smoothing
SKU-1014,WH-002,2024-08-14,501.6,426.4,576.8,exponential_smoothing
SKU-1014,WH-002,2024-08-15,477.6,405.9,549.2,exponential_smoothing
SKU-1014,WH-002,2024-08-16,474.5,403.3,545.7,exponential_smoothing
SKU-1014,WH-002,2024-08-17,481.3,409.1,553.4,exponential_smoothing
SKU-1014,WH-002,2024-08-18,434.5,369.3,499.7,exponential_smoothing
SKU-1014,WH-002,2024-08-19,565.3,480.5,650.2,exponential_smoothing
SKU-1014,WH-002,2024-08-20,558.7,474.9,642.5,exponential_smoothing
SKU-1014,WH-002,2024-08-21,503.4,427.9,578.9,exponential_smoothing
SKU-1014,WH-002,2024-08-22,479.3,407.4,551.2,exponential_smoothing
SKU-1014,WH-002,2024-08-23,476.3,404.8,547.7,exponential_smoothing
SKU-1014,WH-002,2024-08-24,483.0,410.6,555.5,exponential_smoothing
SKU-1014,WH-002,2024-08-25,436.3,370.8,501.7,exponential_smoothing
SKU-1014,WH-002,2024-08-26,567.1,482.1,652.2,exponential_smoothing
SKU-1014,WH-002,2024-08-27,560.5,476.4,644.5,exponential_smoothing
SKU-1014,WH-002,2024-08-28,505.2,429.4,580.9,exponential_smoothing
SKU-1014,WH-002,2024-08-29,481.1,409.0,553.3,exponential_smoothing
SKU-1014,WH-002,2024-08-30,478.1,406.4,549.8,exponential_smoothing
SKU-1014,WH-002,2024-08-31,484.8,412.1,557.6,exponential_smoothing
SKU-1014,WH-002,2024-09-01,438.1,372.4,503.8,exponential_smoothing
SKU-1014,WH-002,2024-09-02,568.9,483.6,654.3,exponential_smoothing
SKU-1014,WH-002,2024-09-03,562.3,477.9,646.6,exponential_smoothing
SKU-1014,WH-002,2024-09-04,506.9,430.9,583.0,exponential_smoothing
SKU-1014,WH-002,2024-09-05,482.9,410.5,555.3,exponential_smoothing
SKU-1014,WH-002,2024-09-06,479.9,407.9,551.8,exponential_smoothing
SKU-1014,WH-002,2024-09-07,486.6,413.6,559.6,exponential_smoothing
SKU-1014,WH-002,2024-09-08,439.9,373.9,505.8,exponential_smoothing
SKU-1014,WH-002,2024-09-09,570.7,485.1,656.3,exponential_smoothing
SKU-1014,WH-002,2024-09-10,564.0,479.4,648.6,exponential_smoothing
SKU-1014,WH-002,2024-09-11,508.7,432.4,585.0,exponential_smoothing
SKU-1014,WH-002,2024-09-12,484.7,412.0,557.4,exponential_smoothing
SKU-1014,WH-002,2024-09-13,481.6,409.4,553.9,exponential_smoothing
SKU-1014,WH-002,2024-09-14,488.4,415.1,561.7,exponential_smoothing
SKU-1014,WH-002,2024-09-15,441.6,375.4,507.9,exponential_smoothing
SKU-1014,WH-002,2024-09-16,572.5,486.6,658.4,exponential_smoothing
SKU-1014,WH-002,2024-09-17,565.8,480.9,650.7,exponential_smoothing
SKU-1014,WH-002,2024-09-18,510.5,433.9,587.1,exponential_smoothing
SKU-1014,WH-002,2024-09-19,486.5,413.5,559.4,exponential_smoothing
SKU-1014,WH-002,2024-09-20,483.4,410.9,555.9,exponential_smoothing
SKU-1014,WH-002,2024-09-21,490.2,416.7,563.7,exponential_smoothing
SKU-1014,WH-002,2024-09-22,443.4,376.9,509.9,exponential_smoothing
SKU-1014,WH-002,2024-09-23,574.3,488.1,660.4,exponential_smoothing
SKU-1014,WH-002,2024-09-24,567.6,482.5,652.7,exponential_smoothing
SKU-1014,WH-002,2024-09-25,512.3,435.5,589.1,exponential_smoothing
SKU-1014,WH-002,2024-09-26,488.3,415.0,561.5,exponential_smoothing
SKU-1014,WH-003,2024-06-29,474.1,403.0,545.2,exponential_smoothing
SKU-1014,WH-003,2024-06-30,428.1,363.9,492.3,exponential_smoothing
SKU-1014,WH-003,2024-07-01,540.9,459.8,622.1,exponential_smoothing
SKU-1014,WH-003,2024-07-02,502.4,427.0,577.7,exponential_smoothing
SKU-1014,WH-003,2024-07-03,508.8,432.4,585.1,exponential_smoothing
SKU-1014,WH-003,2024-07-04,496.5,422.1,571.0,exponential_smoothing
SKU-1014,WH-003,2024-07-05,497.9,423.2,572.5,exponential_smoothing
SKU-1014,WH-003,2024-07-06,475.2,404.0,546.5,exponential_smoothing
SKU-1014,WH-003,2024-07-07,429.2,364.8,493.6,exponential_smoothing
SKU-1014,WH-003,2024-07-08,542.1,460.7,623.4,exponential_smoothing
SKU-1014,WH-003,2024-07-09,503.5,428.0,579.0,exponential_smoothing
SKU-1014,WH-003,2024-07-10,509.9,433.4,586.4,exponential_smoothing
SKU-1014,WH-003,2024-07-11,497.7,423.0,572.3,exponential_smoothing
SKU-1014,WH-003,2024-07-12,499.0,424.1,573.8,exponential_smoothing
SKU-1014,WH-003,2024-07-13,476.4,404.9,547.8,exponential_smoothing
SKU-1014,WH-003,2024-07-14,430.3,365.8,494.9,exponential_smoothing
SKU-1014,WH-003,2024-07-15,543.2,461.7,624.7,exponential_smoothing
SKU-1014,WH-003,2024-07-16,504.6,428.9,580.3,exponential_smoothing
SKU-1014,WH-003,2024-07-17,511.0,434.4,587.7,exponential_smoothing
SKU-1014,WH-003,2024-07-18,498.8,424.0,573.6,exponential_smoothing
SKU-1014,WH-003,2024-07-19,500.1,425.1,575.1,exponential_smoothing
SKU-1014,WH-003,2024-07-20,477.5,405.9,549.1,exponential_smoothing
SKU-1014,WH-003,2024-07-21,431.5,366.7,496.2,exponential_smoothing
SKU-1014,WH-003,2024-07-22,544.3,462.7,626.0,exponential_smoothing
SKU-1014,WH-003,2024-07-23,505.7,429.9,581.6,exponential_smoothing
SKU-1014,WH-003,2024-07-24,512.1,435.3,589.0,exponential_smoothing
SKU-1014,WH-003,2024-07-25,499.9,424.9,574.9,exponential_smoothing
SKU-1014,WH-003,2024-07-26,501.2,426.1,576.4,exponential_smoothing
SKU-1014,WH-003,2024-07-27,478.6,406.8,550.4,exponential_smoothing
SKU-1014,WH-003,2024-07-28,432.6,367.7,497.5,exponential_smoothing
SKU-1014,WH-003,2024-07-29,545.4,463.6,627.3,exponential_smoothing
SKU-1014,WH-003,2024-07-30,506.9,430.8,582.9,exponential_smoothing
SKU-1014,WH-003,2024-07-31,513.3,436.3,590.2,exponential_smoothing
SKU-1014,WH-003,2024-08-01,501.0,425.9,576.2,exponential_smoothing
SKU-1014,WH-003,2024-08-02,502.4,427.0,577.7,exponential_smoothing
SKU-1014,WH-003,2024-08-03,479.7,407.8,551.7,exponential_smoothing
SKU-1014,WH-003,2024-08-04,433.7,368.7,498.8,exponential_smoothing
SKU-1014,WH-003,2024-08-05,546.6,464.6,628.5,exponential_smoothing
SKU-1014,WH-003,2024-08-06,508.0,431.8,584.2,exponential_smoothing
SKU-1014,WH-003,2024-08-07,514.4,437.2,591.5,exponential_smoothing
SKU-1014,WH-003,2024-08-08,502.2,426.8,577.5,exponential_smoothing
SKU-1014,WH-003,2024-08-09,503.5,428.0,579.0,exponential_smoothing
SKU-1014,WH-003,2024-08-10,480.9,408.7,553.0,exponential_smoothing
SKU-1014,WH-003,2024-08-11,434.8,369.6,500.1,exponential_smoothing
SKU-1014,WH-003,2024-08-12,547.7,465.5,629.8,exponential_smoothing
SKU-1014,WH-003,2024-08-13,509.1,432.7,585.5,exponential_smoothing
SKU-1014,WH-003,2024-08-14,515.5,438.2,592.8,exponential_smoothing
SKU-1014,WH-003,2024-08-15,503.3,427.8,578.8,exponential_smoothing
SKU-1014,WH-003,2024-08-16,504.6,428.9,580.3,exponential_smoothing
SKU-1014,WH-003,2024-08-17,482.0,409.7,554.3,exponential_smoothing
SKU-1014,WH-003,2024-08-18,436.0,370.6,501.4,exponential_smoothing
SKU-1014,WH-003,2024-08-19,548.8,466.5,631.1,exponential_smoothing
SKU-1014,WH-003,2024-08-20,510.2,433.7,586.8,exponential_smoothing
SKU-1014,WH-003,2024-08-21,516.6,439.1,594.1,exponential_smoothing
SKU-1014,WH-003,2024-08-22,504.4,428.8,580.1,exponential_smoothing
SKU-1014,WH-003,2024-08-23,505.8,429.9,581.6,exponential_smoothing
SKU-1014,WH-003,2024-08-24,483.1,410.7,555.6,exponential_smoothing
SKU-1014,WH-003,2024-08-25,437.1,371.5,502.7,exponential_smoothing
SKU-1014,WH-003,2024-08-26,549.9,467.5,632.4,exponential_smoothing
SKU-1014,WH-003,2024-08-27,511.4,434.7,588.1,exponential_smoothing
SKU-1014,WH-003,2024-08-28,517.8,440.1,595.4,exponential_smoothing
SKU-1014,WH-003,2024-08-29,505.5,429.7,581.4,exponential_smoothing
SKU-1014,WH-003,2024-08-30,506.9,430.8,582.9,exponential_smoothing
SKU-1014,WH-003,2024-08-31,484.3,411.6,556.9,exponential_smoothing
SKU-1014,WH-003,2024-09-01,438.2,372.5,504.0,exponential_smoothing
SKU-1014,WH-003,2024-09-02,551.1,468.4,633.7,exponential_smoothing
SKU-1014,WH-003,2024-09-03,512.5,435.6,589.4,exponential_smoothing
SKU-1014,WH-003,2024-09-04,518.9,441.1,596.7,exponential_smoothing
SKU-1014,WH-003,2024-09-05,506.7,430.7,582.7,exponential_smoothing
SKU-1014,WH-003,2024-09-06,508.0,431.8,584.2,exponential_smoothing
SKU-1014,WH-003,2024-09-07,485.4,412.6,558.2,exponential_smoothing
SKU-1014,WH-003,2024-09-08,439.4,373.4,505.3,exponential_smoothing
SKU-1014,WH-003,2024-09-09,552.2,469.4,635.0,exponential_smoothing
SKU-1014,WH-003,2024-09-10,513.6,436.6,590.7,exponential_smoothing
SKU-1014,WH-003,2024-09-11,520.0,442.0,598.0,exponential_smoothing
SKU-1014,WH-003,2024-09-12,507.8,431.6,584.0,exponential_smoothing
SKU-1014,WH-003,2024-09-13,509.1,432.8,585.5,exponential_smoothing
SKU-1014,WH-003,2024-09-14,486.5,413.5,559.5,exponential_smoothing
SKU-1014,WH-003,2024-09-15,440.5,374.4,506.5,exponential_smoothing
SKU-1014,WH-003,2024-09-16,553.3,470.3,636.3,exponential_smoothing
SKU-1014,WH-003,2024-09-17,514.7,437.5,592.0,exponential_smoothing
SKU-1014,WH-003,2024-09-18,521.1,443.0,599.3,exponential_smoothing
SKU-1014,WH-003,2024-09-19,508.9,432.6,585.3,exponential_smoothing
SKU-1014,WH-003,2024-09-20,510.3,433.7,586.8,exponential_smoothing
SKU-1014,WH-003,2024-09-21,487.6,414.5,560.8,exponential_smoothing
SKU-1014,WH-003,2024-09-22,441.6,375.4,507.8,exponential_smoothing
SKU-1014,WH-003,2024-09-23,554.4,471.3,637.6,exponential_smoothing
SKU-1014,WH-003,2024-09-24,515.9,438.5,593.3,exponential_smoothing
SKU-1014,WH-003,2024-09-25,522.3,443.9,600.6,exponential_smoothing
SKU-1014,WH-003,2024-09-26,510.1,433.5,586.6,exponential_smoothing
SKU-1014,WH-004,2024-06-29,466.7,373.4,560.1,xgboost
SKU-1014,WH-004,2024-06-30,502.4,401.9,602.9,xgboost
SKU-1014,WH-004,2024-07-01,475.1,380.1,570.1,xgboost
SKU-1014,WH-004,2024-07-02,440.4,352.3,528.4,xgboost
SKU-1014,WH-004,2024-07-03,523.7,419.0,628.5,xgboost
SKU-1014,WH-004,2024-07-04,441.1,352.8,529.3,xgboost
SKU-1014,WH-004,2024-07-05,397.0,317.6,476.4,xgboost
SKU-1014,WH-004,2024-07-06,482.4,385.9,578.9,xgboost
SKU-1014,WH-004,2024-07-07,489.8,391.9,587.8,xgboost
SKU-1014,WH-004,2024-07-08,505.0,404.0,606.0,xgboost
SKU-1014,WH-004,2024-07-09,499.0,399.2,598.8,xgboost
SKU-1014,WH-004,2024-07-10,570.9,456.7,685.1,xgboost
SKU-1014,WH-004,2024-07-11,540.6,432.5,648.7,xgboost
SKU-1014,WH-004,2024-07-12,483.3,386.7,580.0,xgboost
SKU-1014,WH-004,2024-07-13,525.5,420.4,630.6,xgboost
SKU-1014,WH-004,2024-07-14,520.3,416.2,624.3,xgboost
SKU-1014,WH-004,2024-07-15,540.6,432.5,648.7,xgboost
SKU-1014,WH-004,2024-07-16,606.8,485.5,728.2,xgboost
SKU-1014,WH-004,2024-07-17,605.3,484.2,726.3,xgboost
SKU-1014,WH-004,2024-07-18,656.4,525.1,787.7,xgboost
SKU-1014,WH-004,2024-07-19,555.9,444.7,667.1,xgboost
SKU-1014,WH-004,2024-07-20,451.5,361.2,541.8,xgboost
SKU-1014,WH-004,2024-07-21,575.1,460.0,690.1,xgboost
SKU-1014,WH-004,2024-07-22,585.7,468.5,702.8,xgboost
SKU-1014,WH-004,2024-07-23,657.7,526.1,789.2,xgboost
SKU-1014,WH-004,2024-07-24,452.8,362.2,543.4,xgboost
SKU-1014,WH-004,2024-07-25,391.1,312.9,469.4,xgboost
SKU-1014,WH-004,2024-07-26,506.0,404.8,607.2,xgboost
SKU-1014,WH-004,2024-07-27,645.3,516.2,774.3,xgboost
SKU-1014,WH-004,2024-07-28,608.6,486.8,730.3,xgboost
SKU-1014,WH-004,2024-07-29,640.5,512.4,768.6,xgboost
SKU-1014,WH-004,2024-07-30,481.5,385.2,577.8,xgboost
SKU-1014,WH-004,2024-07-31,424.7,339.7,509.6,xgboost
SKU-1014,WH-004,2024-08-01,456.8,365.4,548.1,xgboost
SKU-1014,WH-004,2024-08-02,452.9,362.3,543.4,xgboost
SKU-1014,WH-004,2024-08-03,443.9,355.1,532.7,xgboost
SKU-1014,WH-004,2024-08-04,453.2,362.6,543.8,xgboost
SKU-1014,WH-004,2024-08-05,421.3,337.0,505.5,xgboost
SKU-1014,WH-004,2024-08-06,410.0,328.0,492.0,xgboost
SKU-1014,WH-004,2024-08-07,473.3,378.6,567.9,xgboost
SKU-1014,WH-004,2024-08-08,525.0,420.0,630.0,xgboost
SKU-1014,WH-004,2024-08-09,524.1,419.3,628.9,xgboost
SKU-1014,WH-004,2024-08-10,529.0,423.2,634.8,xgboost
SKU-1014,WH-004,2024-08-11,462.3,369.8,554.8,xgboost
SKU-1014,WH-004,2024-08-12,427.8,342.2,513.3,xgboost
SKU-1014,WH-004,2024-08-13,485.6,388.5,582.7,xgboost
SKU-1014,WH-004,2024-08-14,613.5,490.8,736.2,xgboost
SKU-1014,WH-004,2024-08-15,613.9,491.2,736.7,xgboost
SKU-1014,WH-004,2024-08-16,633.7,506.9,760.4,xgboost
SKU-1014,WH-004,2024-08-17,608.3,486.6,729.9,xgboost
SKU-1014,WH-004,2024-08-18,619.4,495.5,743.3,xgboost
SKU-1014,WH-004,2024-08-19,542.4,433.9,650.9,xgboost
SKU-1014,WH-004,2024-08-20,570.6,456.5,684.7,xgboost
SKU-1014,WH-004,2024-08-21,574.5,459.6,689.3,xgboost
SKU-1014,WH-004,2024-08-22,545.6,436.5,654.8,xgboost
SKU-1014,WH-004,2024-08-23,574.1,459.3,688.9,xgboost
SKU-1014,WH-004,2024-08-24,540.5,432.4,648.6,xgboost
SKU-1014,WH-004,2024-08-25,426.8,341.5,512.2,xgboost
SKU-1014,WH-004,2024-08-26,524.8,419.8,629.7,xgboost
SKU-1014,WH-004,2024-08-27,611.4,489.2,733.7,xgboost
SKU-1014,WH-004,2024-08-28,679.7,543.8,815.7,xgboost
SKU-1014,WH-004,2024-08-29,564.2,451.4,677.0,xgboost
SKU-1014,WH-004,2024-08-30,409.8,327.8,491.7,xgboost
SKU-1014,WH-004,2024-08-31,466.3,373.0,559.5,xgboost
SKU-1014,WH-004,2024-09-01,446.4,357.1,535.7,xgboost
SKU-1014,WH-004,2024-09-02,428.9,343.1,514.7,xgboost
SKU-1014,WH-004,2024-09-03,498.9,399.1,598.6,xgboost
SKU-1014,WH-004,2024-09-04,447.7,358.2,537.2,xgboost
SKU-1014,WH-004,2024-09-05,448.9,359.2,538.7,xgboost
SKU-1014,WH-004,2024-09-06,605.7,484.6,726.8,xgboost
SKU-1014,WH-004,2024-09-07,467.9,374.4,561.5,xgboost
SKU-1014,WH-004,2024-09-08,362.5,290.0,435.0,xgboost
SKU-1014,WH-004,2024-09-09,441.1,352.8,529.3,xgboost
SKU-1014,WH-004,2024-09-10,548.8,439.0,658.5,xgboost
SKU-1014,WH-004,2024-09-11,489.1,391.3,586.9,xgboost
SKU-1014,WH-004,2024-09-12,464.8,371.8,557.7,xgboost
SKU-1014,WH-004,2024-09-13,489.9,391.9,587.9,xgboost
SKU-1014,WH-004,2024-09-14,597.1,477.7,716.6,xgboost
SKU-1014,WH-004,2024-09-15,605.6,484.5,726.7,xgboost
SKU-1014,WH-004,2024-09-16,569.5,455.6,683.4,xgboost
SKU-1014,WH-004,2024-09-17,621.0,496.8,745.2,xgboost
SKU-1014,WH-004,2024-09-18,666.2,532.9,799.4,xgboost
SKU-1014,WH-004,2024-09-19,550.2,440.1,660.2,xgboost
SKU-1014,WH-004,2024-09-20,594.5,475.6,713.4,xgboost
SKU-1014,WH-004,2024-09-21,456.6,365.3,547.9,xgboost
SKU-1014,WH-004,2024-09-22,571.4,457.1,685.7,xgboost
SKU-1014,WH-004,2024-09-23,600.1,480.1,720.2,xgboost
SKU-1014,WH-004,2024-09-24,632.8,506.2,759.3,xgboost
SKU-1014,WH-004,2024-09-25,420.6,336.5,504.7,xgboost
SKU-1014,WH-004,2024-09-26,433.6,346.9,520.3,xgboost
SKU-1014,WH-005,2024-06-29,358.7,287.0,430.4,xgboost
SKU-1014,WH-005,2024-06-30,438.5,350.8,526.2,xgboost
SKU-1014,WH-005,2024-07-01,432.6,346.1,519.1,xgboost
SKU-1014,WH-005,2024-07-02,439.8,351.8,527.7,xgboost
SKU-1014,WH-005,2024-07-03,425.6,340.5,510.7,xgboost
SKU-1014,WH-005,2024-07-04,412.1,329.7,494.5,xgboost
SKU-1014,WH-005,2024-07-05,516.1,412.9,619.3,xgboost
SKU-1014,WH-005,2024-07-06,526.1,420.9,631.4,xgboost
SKU-1014,WH-005,2024-07-07,678.8,543.1,814.6,xgboost
SKU-1014,WH-005,2024-07-08,772.9,618.3,927.5,xgboost
SKU-1014,WH-005,2024-07-09,764.9,611.9,917.9,xgboost
SKU-1014,WH-005,2024-07-10,494.6,395.7,593.5,xgboost
SKU-1014,WH-005,2024-07-11,560.5,448.4,672.6,xgboost
SKU-1014,WH-005,2024-07-12,587.6,470.1,705.1,xgboost
SKU-1014,WH-005,2024-07-13,486.4,389.1,583.6,xgboost
SKU-1014,WH-005,2024-07-14,509.2,407.4,611.1,xgboost
SKU-1014,WH-005,2024-07-15,689.6,551.7,827.5,xgboost
SKU-1014,WH-005,2024-07-16,681.7,545.4,818.0,xgboost
SKU-1014,WH-005,2024-07-17,745.2,596.1,894.2,xgboost
SKU-1014,WH-005,2024-07-18,718.0,574.4,861.6,xgboost
SKU-1014,WH-005,2024-07-19,650.4,520.3,780.5,xgboost
SKU-1014,WH-005,2024-07-20,421.3,337.0,505.6,xgboost
SKU-1014,WH-005,2024-07-21,565.9,452.7,679.1,xgboost
SKU-1014,WH-005,2024-07-22,571.1,456.9,685.3,xgboost
SKU-1014,WH-005,2024-07-23,423.8,339.1,508.6,xgboost
SKU-1014,WH-005,2024-07-24,468.6,374.9,562.4,xgboost
SKU-1014,WH-005,2024-07-25,410.1,328.1,492.2,xgboost
SKU-1014,WH-005,2024-07-26,391.1,312.9,469.3,xgboost
SKU-1014,WH-005,2024-07-27,357.4,285.9,428.9,xgboost
SKU-1014,WH-005,2024-07-28,475.2,380.2,570.2,xgboost
SKU-1014,WH-005,2024-07-29,529.5,423.6,635.4,xgboost
SKU-1014,WH-005,2024-07-30,425.4,340.3,510.5,xgboost
SKU-1014,WH-005,2024-07-31,439.7,351.8,527.7,xgboost
SKU-1014,WH-005,2024-08-01,455.3,364.2,546.3,xgboost
SKU-1014,WH-005,2024-08-02,483.3,386.6,580.0,xgboost
SKU-1014,WH-005,2024-08-03,398.2,318.5,477.8,xgboost
SKU-1014,WH-005,2024-08-04,485.9,388.7,583.0,xgboost
SKU-1014,WH-005,2024-08-05,443.3,354.7,532.0,xgboost
SKU-1014,WH-005,2024-08-06,416.1,332.9,499.3,xgboost
SKU-1014,WH-005,2024-08-07,464.8,371.8,557.7,xgboost
SKU-1014,WH-005,2024-08-08,441.0,352.8,529.3,xgboost
SKU-1014,WH-005,2024-08-09,512.2,409.7,614.6,xgboost
SKU-1014,WH-005,2024-08-10,505.4,404.3,606.5,xgboost
SKU-1014,WH-005,2024-08-11,462.8,370.2,555.3,xgboost
SKU-1014,WH-005,2024-08-12,443.5,354.8,532.2,xgboost
SKU-1014,WH-005,2024-08-13,432.4,345.9,518.9,xgboost
SKU-1014,WH-005,2024-08-14,446.8,357.5,536.2,xgboost
SKU-1014,WH-005,2024-08-15,444.4,355.5,533.3,xgboost
SKU-1014,WH-005,2024-08-16,475.0,380.0,570.0,xgboost
SKU-1014,WH-005,2024-08-17,468.4,374.7,562.1,xgboost
SKU-1014,WH-005,2024-08-18,539.5,431.6,647.4,xgboost
SKU-1014,WH-005,2024-08-19,492.0,393.6,590.3,xgboost
SKU-1014,WH-005,2024-08-20,516.3,413.0,619.6,xgboost
SKU-1014,WH-005,2024-08-21,530.0,424.0,635.9,xgboost
SKU-1014,WH-005,2024-08-22,453.3,362.7,544.0,xgboost
SKU-1014,WH-005,2024-08-23,499.5,399.6,599.4,xgboost
SKU-1014,WH-005,2024-08-24,501.0,400.8,601.3,xgboost
SKU-1014,WH-005,2024-08-25,406.1,324.9,487.4,xgboost
SKU-1014,WH-005,2024-08-26,371.9,297.6,446.3,xgboost
SKU-1014,WH-005,2024-08-27,395.4,316.3,474.4,xgboost
SKU-1014,WH-005,2024-08-28,525.1,420.1,630.2,xgboost
SKU-1014,WH-005,2024-08-29,445.5,356.4,534.6,xgboost
SKU-1014,WH-005,2024-08-30,436.1,348.9,523.4,xgboost
SKU-1014,WH-005,2024-08-31,403.7,323.0,484.5,xgboost
SKU-1014,WH-005,2024-09-01,459.8,367.9,551.8,xgboost
SKU-1014,WH-005,2024-09-02,492.7,394.1,591.2,xgboost
SKU-1014,WH-005,2024-09-03,524.0,419.2,628.8,xgboost
SKU-1014,WH-005,2024-09-04,529.6,423.7,635.5,xgboost
SKU-1014,WH-005,2024-09-05,395.9,316.7,475.0,xgboost
SKU-1014,WH-005,2024-09-06,409.6,327.7,491.6,xgboost
SKU-1014,WH-005,2024-09-07,429.3,343.4,515.2,xgboost
SKU-1014,WH-005,2024-09-08,479.8,383.8,575.7,xgboost
SKU-1014,WH-005,2024-09-09,477.9,382.3,573.5,xgboost
SKU-1014,WH-005,2024-09-10,518.4,414.7,622.1,xgboost
SKU-1014,WH-005,2024-09-11,523.3,418.6,627.9,xgboost
SKU-1014,WH-005,2024-09-12,430.6,344.5,516.7,xgboost
SKU-1014,WH-005,2024-09-13,443.5,354.8,532.3,xgboost
SKU-1014,WH-005,2024-09-14,425.5,340.4,510.6,xgboost
SKU-1014,WH-005,2024-09-15,413.6,330.9,496.3,xgboost
SKU-1014,WH-005,2024-09-16,418.4,334.7,502.1,xgboost
SKU-1014,WH-005,2024-09-17,471.4,377.1,565.7,xgboost
SKU-1014,WH-005,2024-09-18,482.5,386.0,579.1,xgboost
SKU-1014,WH-005,2024-09-19,472.9,378.3,567.5,xgboost
SKU-1014,WH-005,2024-09-20,490.6,392.5,588.7,xgboost
SKU-1014,WH-005,2024-09-21,477.3,381.8,572.7,xgboost
SKU-1014,WH-005,2024-09-22,514.8,411.9,617.8,xgboost
SKU-1014,WH-005,2024-09-23,554.4,443.5,665.3,xgboost
SKU-1014,WH-005,2024-09-24,431.2,345.0,517.5,xgboost
SKU-1014,WH-005,2024-09-25,476.9,381.5,572.2,xgboost
SKU-1014,WH-005,2024-09-26,425.3,340.2,510.4,xgboost
SKU-1014,WH-006,2024-06-29,491.8,442.6,541.0,moving_average
SKU-1014,WH-006,2024-06-30,491.8,442.6,541.0,moving_average
SKU-1014,WH-006,2024-07-01,491.8,442.6,541.0,moving_average
SKU-1014,WH-006,2024-07-02,491.8,442.6,541.0,moving_average
SKU-1014,WH-006,2024-07-03,491.8,442.6,541.0,moving_average
SKU-1014,WH-006,2024-07-04,491.8,442.6,541.0,moving_average
SKU-1014,WH-006,2024-07-05,491.8,442.6,541.0,moving_average
SKU-1014,WH-006,2024-07-06,491.8,442.6,541.0,moving_average
SKU-1014,WH-006,2024-07-07,491.8,442.6,541.0,moving_average
SKU-1014,WH-006,2024-07-08,491.8,442.6,541.0,moving_average
SKU-1014,WH-006,2024-07-09,491.8,442.6,541.0,moving_average
SKU-1014,WH-006,2024-07-10,491.8,442.6,541.0,moving_average
SKU-1014,WH-006,2024-07-11,491.8,442.6,541.0,moving_average
SKU-1014,WH-006,2024-07-12,491.8,442.6,541.0,moving_average
SKU-1014,WH-006,2024-07-13,491.8,442.6,541.0,moving_average
SKU-1014,WH-006,2024-07-14,491.8,442.6,541.0,moving_average
SKU-1014,WH-006,2024-07-15,491.8,442.6,541.0,moving_average
SKU-1014,WH-006,2024-07-16,491.8,442.6,541.0,moving_average
SKU-1014,WH-006,2024-07-17,491.8,442.6,541.0,moving_average
SKU-1014,WH-006,2024-07-18,491.8,442.6,541.0,moving_average
SKU-1014,WH-006,2024-07-19,491.8,442.6,541.0,moving_average
SKU-1014,WH-006,2024-07-20,491.8,442.6,541.0,moving_average
SKU-1014,WH-006,2024-07-21,491.8,442.6,541.0,moving_average
SKU-1014,WH-006,2024-07-22,491.8,442.6,541.0,moving_average
SKU-1014,WH-006,2024-07-23,491.8,442.6,541.0,moving_average
SKU-1014,WH-006,2024-07-24,491.8,442.6,541.0,moving_average
SKU-1014,WH-006,2024-07-25,491.8,442.6,541.0,moving_average
SKU-1014,WH-006,2024-07-26,491.8,442.6,541.0,moving_average
SKU-1014,WH-006,2024-07-27,491.8,442.6,541.0,moving_average
SKU-1014,WH-006,2024-07-28,491.8,442.6,541.0,moving_average
SKU-1014,WH-006,2024-07-29,491.8,442.6,541.0,moving_average
SKU-1014,WH-006,2024-07-30,491.8,442.6,541.0,moving_average
SKU-1014,WH-006,2024-07-31,491.8,442.6,541.0,moving_average
SKU-1014,WH-006,2024-08-01,491.8,442.6,541.0,moving_average
SKU-1014,WH-006,2024-08-02,491.8,442.6,541.0,moving_average
SKU-1014,WH-006,2024-08-03,491.8,442.6,541.0,moving_average
SKU-1014,WH-006,2024-08-04,491.8,442.6,541.0,moving_average
SKU-1014,WH-006,2024-08-05,491.8,442.6,541.0,moving_average
SKU-1014,WH-006,2024-08-06,491.8,442.6,541.0,moving_average
SKU-1014,WH-006,2024-08-07,491.8,442.6,541.0,moving_average
SKU-1014,WH-006,2024-08-08,491.8,442.6,541.0,moving_average
SKU-1014,WH-006,2024-08-09,491.8,442.6,541.0,moving_average
SKU-1014,WH-006,2024-08-10,491.8,442.6,541.0,moving_average
SKU-1014,WH-006,2024-08-11,491.8,442.6,541.0,moving_average
SKU-1014,WH-006,2024-08-12,491.8,442.6,541.0,moving_average
SKU-1014,WH-006,2024-08-13,491.8,442.6,541.0,moving_average
SKU-1014,WH-006,2024-08-14,491.8,442.6,541.0,moving_average
SKU-1014,WH-006,2024-08-15,491.8,442.6,541.0,moving_average
SKU-1014,WH-006,2024-08-16,491.8,442.6,541.0,moving_average
SKU-1014,WH-006,2024-08-17,491.8,442.6,541.0,moving_average
SKU-1014,WH-006,2024-08-18,491.8,442.6,541.0,moving_average
SKU-1014,WH-006,2024-08-19,491.8,442.6,541.0,moving_average
SKU-1014,WH-006,2024-08-20,491.8,442.6,541.0,moving_average
SKU-1014,WH-006,2024-08-21,491.8,442.6,541.0,moving_average
SKU-1014,WH-006,2024-08-22,491.8,442.6,541.0,moving_average
SKU-1014,WH-006,2024-08-23,491.8,442.6,541.0,moving_average
SKU-1014,WH-006,2024-08-24,491.8,442.6,541.0,moving_average
SKU-1014,WH-006,2024-08-25,491.8,442.6,541.0,moving_average
SKU-1014,WH-006,2024-08-26,491.8,442.6,541.0,moving_average
SKU-1014,WH-006,2024-08-27,491.8,442.6,541.0,moving_average
SKU-1014,WH-006,2024-08-28,491.8,442.6,541.0,moving_average
SKU-1014,WH-006,2024-08-29,491.8,442.6,541.0,moving_average
SKU-1014,WH-006,2024-08-30,491.8,442.6,541.0,moving_average
SKU-1014,WH-006,2024-08-31,491.8,442.6,541.0,moving_average
SKU-1014,WH-006,2024-09-01,491.8,442.6,541.0,moving_average
SKU-1014,WH-006,2024-09-02,491.8,442.6,541.0,moving_average
SKU-1014,WH-006,2024-09-03,491.8,442.6,541.0,moving_average
SKU-1014,WH-006,2024-09-04,491.8,442.6,541.0,moving_average
SKU-1014,WH-006,2024-09-05,491.8,442.6,541.0,moving_average
SKU-1014,WH-006,2024-09-06,491.8,442.6,541.0,moving_average
SKU-1014,WH-006,2024-09-07,491.8,442.6,541.0,moving_average
SKU-1014,WH-006,2024-09-08,491.8,442.6,541.0,moving_average
SKU-1014,WH-006,2024-09-09,491.8,442.6,541.0,moving_average
SKU-1014,WH-006,2024-09-10,491.8,442.6,541.0,moving_average
SKU-1014,WH-006,2024-09-11,491.8,442.6,541.0,moving_average
SKU-1014,WH-006,2024-09-12,491.8,442.6,541.0,moving_average
SKU-1014,WH-006,2024-09-13,491.8,442.6,541.0,moving_average
SKU-1014,WH-006,2024-09-14,491.8,442.6,541.0,moving_average
SKU-1014,WH-006,2024-09-15,491.8,442.6,541.0,moving_average
SKU-1014,WH-006,2024-09-16,491.8,442.6,541.0,moving_average
SKU-1014,WH-006,2024-09-17,491.8,442.6,541.0,moving_average
SKU-1014,WH-006,2024-09-18,491.8,442.6,541.0,moving_average
SKU-1014,WH-006,2024-09-19,491.8,442.6,541.0,moving_average
SKU-1014,WH-006,2024-09-20,491.8,442.6,541.0,moving_average
SKU-1014,WH-006,2024-09-21,491.8,442.6,541.0,moving_average
SKU-1014,WH-006,2024-09-22,491.8,442.6,541.0,moving_average
SKU-1014,WH-006,2024-09-23,491.8,442.6,541.0,moving_average
SKU-1014,WH-006,2024-09-24,491.8,442.6,541.0,moving_average
SKU-1014,WH-006,2024-09-25,491.8,442.6,541.0,moving_average
SKU-1014,WH-006,2024-09-26,491.8,442.6,541.0,moving_average
SKU-1014,WH-007,2024-06-29,467.2,420.5,513.9,moving_average
SKU-1014,WH-007,2024-06-30,467.2,420.5,513.9,moving_average
SKU-1014,WH-007,2024-07-01,467.2,420.5,513.9,moving_average
SKU-1014,WH-007,2024-07-02,467.2,420.5,513.9,moving_average
SKU-1014,WH-007,2024-07-03,467.2,420.5,513.9,moving_average
SKU-1014,WH-007,2024-07-04,467.2,420.5,513.9,moving_average
SKU-1014,WH-007,2024-07-05,467.2,420.5,513.9,moving_average
SKU-1014,WH-007,2024-07-06,467.2,420.5,513.9,moving_average
SKU-1014,WH-007,2024-07-07,467.2,420.5,513.9,moving_average
SKU-1014,WH-007,2024-07-08,467.2,420.5,513.9,moving_average
SKU-1014,WH-007,2024-07-09,467.2,420.5,513.9,moving_average
SKU-1014,WH-007,2024-07-10,467.2,420.5,513.9,moving_average
SKU-1014,WH-007,2024-07-11,467.2,420.5,513.9,moving_average
SKU-1014,WH-007,2024-07-12,467.2,420.5,513.9,moving_average
SKU-1014,WH-007,2024-07-13,467.2,420.5,513.9,moving_average
SKU-1014,WH-007,2024-07-14,467.2,420.5,513.9,moving_average
SKU-1014,WH-007,2024-07-15,467.2,420.5,513.9,moving_average
SKU-1014,WH-007,2024-07-16,467.2,420.5,513.9,moving_average
SKU-1014,WH-007,2024-07-17,467.2,420.5,513.9,moving_average
SKU-1014,WH-007,2024-07-18,467.2,420.5,513.9,moving_average
SKU-1014,WH-007,2024-07-19,467.2,420.5,513.9,moving_average
SKU-1014,WH-007,2024-07-20,467.2,420.5,513.9,moving_average
SKU-1014,WH-007,2024-07-21,467.2,420.5,513.9,moving_average
SKU-1014,WH-007,2024-07-22,467.2,420.5,513.9,moving_average
SKU-1014,WH-007,2024-07-23,467.2,420.5,513.9,moving_average
SKU-1014,WH-007,2024-07-24,467.2,420.5,513.9,moving_average
SKU-1014,WH-007,2024-07-25,467.2,420.5,513.9,moving_average
SKU-1014,WH-007,2024-07-26,467.2,420.5,513.9,moving_average
SKU-1014,WH-007,2024-07-27,467.2,420.5,513.9,moving_average
SKU-1014,WH-007,2024-07-28,467.2,420.5,513.9,moving_average
SKU-1014,WH-007,2024-07-29,467.2,420.5,513.9,moving_average
SKU-1014,WH-007,2024-07-30,467.2,420.5,513.9,moving_average
SKU-1014,WH-007,2024-07-31,467.2,420.5,513.9,moving_average
SKU-1014,WH-007,2024-08-01,467.2,420.5,513.9,moving_average
SKU-1014,WH-007,2024-08-02,467.2,420.5,513.9,moving_average
SKU-1014,WH-007,2024-08-03,467.2,420.5,513.9,moving_average
SKU-1014,WH-007,2024-08-04,467.2,420.5,513.9,moving_average
SKU-1014,WH-007,2024-08-05,467.2,420.5,513.9,moving_average
SKU-1014,WH-007,2024-08-06,467.2,420.5,513.9,moving_average
SKU-1014,WH-007,2024-08-07,467.2,420.5,513.9,moving_average
SKU-1014,WH-007,2024-08-08,467.2,420.5,513.9,moving_average
SKU-1014,WH-007,2024-08-09,467.2,420.5,513.9,moving_average
SKU-1014,WH-007,2024-08-10,467.2,420.5,513.9,moving_average
SKU-1014,WH-007,2024-08-11,467.2,420.5,513.9,moving_average
SKU-1014,WH-007,2024-08-12,467.2,420.5,513.9,moving_average
SKU-1014,WH-007,2024-08-13,467.2,420.5,513.9,moving_average
SKU-1014,WH-007,2024-08-14,467.2,420.5,513.9,moving_average
SKU-1014,WH-007,2024-08-15,467.2,420.5,513.9,moving_average
SKU-1014,WH-007,2024-08-16,467.2,420.5,513.9,moving_average
SKU-1014,WH-007,2024-08-17,467.2,420.5,513.9,moving_average
SKU-1014,WH-007,2024-08-18,467.2,420.5,513.9,moving_average
SKU-1014,WH-007,2024-08-19,467.2,420.5,513.9,moving_average
SKU-1014,WH-007,2024-08-20,467.2,420.5,513.9,moving_average
SKU-1014,WH-007,2024-08-21,467.2,420.5,513.9,moving_average
SKU-1014,WH-007,2024-08-22,467.2,420.5,513.9,moving_average
SKU-1014,WH-007,2024-08-23,467.2,420.5,513.9,moving_average
SKU-1014,WH-007,2024-08-24,467.2,420.5,513.9,moving_average
SKU-1014,WH-007,2024-08-25,467.2,420.5,513.9,moving_average
SKU-1014,WH-007,2024-08-26,467.2,420.5,513.9,moving_average
SKU-1014,WH-007,2024-08-27,467.2,420.5,513.9,moving_average
SKU-1014,WH-007,2024-08-28,467.2,420.5,513.9,moving_average
SKU-1014,WH-007,2024-08-29,467.2,420.5,513.9,moving_average
SKU-1014,WH-007,2024-08-30,467.2,420.5,513.9,moving_average
SKU-1014,WH-007,2024-08-31,467.2,420.5,513.9,moving_average
SKU-1014,WH-007,2024-09-01,467.2,420.5,513.9,moving_average
SKU-1014,WH-007,2024-09-02,467.2,420.5,513.9,moving_average
SKU-1014,WH-007,2024-09-03,467.2,420.5,513.9,moving_average
SKU-1014,WH-007,2024-09-04,467.2,420.5,513.9,moving_average
SKU-1014,WH-007,2024-09-05,467.2,420.5,513.9,moving_average
SKU-1014,WH-007,2024-09-06,467.2,420.5,513.9,moving_average
SKU-1014,WH-007,2024-09-07,467.2,420.5,513.9,moving_average
SKU-1014,WH-007,2024-09-08,467.2,420.5,513.9,moving_average
SKU-1014,WH-007,2024-09-09,467.2,420.5,513.9,moving_average
SKU-1014,WH-007,2024-09-10,467.2,420.5,513.9,moving_average
SKU-1014,WH-007,2024-09-11,467.2,420.5,513.9,moving_average
SKU-1014,WH-007,2024-09-12,467.2,420.5,513.9,moving_average
SKU-1014,WH-007,2024-09-13,467.2,420.5,513.9,moving_average
SKU-1014,WH-007,2024-09-14,467.2,420.5,513.9,moving_average
SKU-1014,WH-007,2024-09-15,467.2,420.5,513.9,moving_average
SKU-1014,WH-007,2024-09-16,467.2,420.5,513.9,moving_average
SKU-1014,WH-007,2024-09-17,467.2,420.5,513.9,moving_average
SKU-1014,WH-007,2024-09-18,467.2,420.5,513.9,moving_average
SKU-1014,WH-007,2024-09-19,467.2,420.5,513.9,moving_average
SKU-1014,WH-007,2024-09-20,467.2,420.5,513.9,moving_average
SKU-1014,WH-007,2024-09-21,467.2,420.5,513.9,moving_average
SKU-1014,WH-007,2024-09-22,467.2,420.5,513.9,moving_average
SKU-1014,WH-007,2024-09-23,467.2,420.5,513.9,moving_average
SKU-1014,WH-007,2024-09-24,467.2,420.5,513.9,moving_average
SKU-1014,WH-007,2024-09-25,467.2,420.5,513.9,moving_average
SKU-1014,WH-007,2024-09-26,467.2,420.5,513.9,moving_average
SKU-1016,WH-001,2024-06-29,340.8,306.7,374.9,moving_average
SKU-1016,WH-001,2024-06-30,340.8,306.7,374.9,moving_average
SKU-1016,WH-001,2024-07-01,340.8,306.7,374.9,moving_average
SKU-1016,WH-001,2024-07-02,340.8,306.7,374.9,moving_average
SKU-1016,WH-001,2024-07-03,340.8,306.7,374.9,moving_average
SKU-1016,WH-001,2024-07-04,340.8,306.7,374.9,moving_average
SKU-1016,WH-001,2024-07-05,340.8,306.7,374.9,moving_average
SKU-1016,WH-001,2024-07-06,340.8,306.7,374.9,moving_average
SKU-1016,WH-001,2024-07-07,340.8,306.7,374.9,moving_average
SKU-1016,WH-001,2024-07-08,340.8,306.7,374.9,moving_average
SKU-1016,WH-001,2024-07-09,340.8,306.7,374.9,moving_average
SKU-1016,WH-001,2024-07-10,340.8,306.7,374.9,moving_average
SKU-1016,WH-001,2024-07-11,340.8,306.7,374.9,moving_average
SKU-1016,WH-001,2024-07-12,340.8,306.7,374.9,moving_average
SKU-1016,WH-001,2024-07-13,340.8,306.7,374.9,moving_average
SKU-1016,WH-001,2024-07-14,340.8,306.7,374.9,moving_average
SKU-1016,WH-001,2024-07-15,340.8,306.7,374.9,moving_average
SKU-1016,WH-001,2024-07-16,340.8,306.7,374.9,moving_average
SKU-1016,WH-001,2024-07-17,340.8,306.7,374.9,moving_average
SKU-1016,WH-001,2024-07-18,340.8,306.7,374.9,moving_average
SKU-1016,WH-001,2024-07-19,340.8,306.7,374.9,moving_average
SKU-1016,WH-001,2024-07-20,340.8,306.7,374.9,moving_average
SKU-1016,WH-001,2024-07-21,340.8,306.7,374.9,moving_average
SKU-1016,WH-001,2024-07-22,340.8,306.7,374.9,moving_average
SKU-1016,WH-001,2024-07-23,340.8,306.7,374.9,moving_average
SKU-1016,WH-001,2024-07-24,340.8,306.7,374.9,moving_average
SKU-1016,WH-001,2024-07-25,340.8,306.7,374.9,moving_average
SKU-1016,WH-001,2024-07-26,340.8,306.7,374.9,moving_average
SKU-1016,WH-001,2024-07-27,340.8,306.7,374.9,moving_average
SKU-1016,WH-001,2024-07-28,340.8,306.7,374.9,moving_average
SKU-1016,WH-001,2024-07-29,340.8,306.7,374.9,moving_average
SKU-1016,WH-001,2024-07-30,340.8,306.7,374.9,moving_average
SKU-1016,WH-001,2024-07-31,340.8,306.7,374.9,moving_average
SKU-1016,WH-001,2024-08-01,340.8,306.7,374.9,moving_average
SKU-1016,WH-001,2024-08-02,340.8,306.7,374.9,moving_average
SKU-1016,WH-001,2024-08-03,340.8,306.7,374.9,moving_average
SKU-1016,WH-001,2024-08-04,340.8,306.7,374.9,moving_average
SKU-1016,WH-001,2024-08-05,340.8,306.7,374.9,moving_average
SKU-1016,WH-001,2024-08-06,340.8,306.7,374.9,moving_average
SKU-1016,WH-001,2024-08-07,340.8,306.7,374.9,moving_average
SKU-1016,WH-001,2024-08-08,340.8,306.7,374.9,moving_average
SKU-1016,WH-001,2024-08-09,340.8,306.7,374.9,moving_average
SKU-1016,WH-001,2024-08-10,340.8,306.7,374.9,moving_average
SKU-1016,WH-001,2024-08-11,340.8,306.7,374.9,moving_average
SKU-1016,WH-001,2024-08-12,340.8,306.7,374.9,moving_average
SKU-1016,WH-001,2024-08-13,340.8,306.7,374.9,moving_average
SKU-1016,WH-001,2024-08-14,340.8,306.7,374.9,moving_average
SKU-1016,WH-001,2024-08-15,340.8,306.7,374.9,moving_average
SKU-1016,WH-001,2024-08-16,340.8,306.7,374.9,moving_average
SKU-1016,WH-001,2024-08-17,340.8,306.7,374.9,moving_average
SKU-1016,WH-001,2024-08-18,340.8,306.7,374.9,moving_average
SKU-1016,WH-001,2024-08-19,340.8,306.7,374.9,moving_average
SKU-1016,WH-001,2024-08-20,340.8,306.7,374.9,moving_average
SKU-1016,WH-001,2024-08-21,340.8,306.7,374.9,moving_average
SKU-1016,WH-001,2024-08-22,340.8,306.7,374.9,moving_average
SKU-1016,WH-001,2024-08-23,340.8,306.7,374.9,moving_average
SKU-1016,WH-001,2024-08-24,340.8,306.7,374.9,moving_average
SKU-1016,WH-001,2024-08-25,340.8,306.7,374.9,moving_average
SKU-1016,WH-001,2024-08-26,340.8,306.7,374.9,moving_average
SKU-1016,WH-001,2024-08-27,340.8,306.7,374.9,moving_average
SKU-1016,WH-001,2024-08-28,340.8,306.7,374.9,moving_average
SKU-1016,WH-001,2024-08-29,340.8,306.7,374.9,moving_average
SKU-1016,WH-001,2024-08-30,340.8,306.7,374.9,moving_average
SKU-1016,WH-001,2024-08-31,340.8,306.7,374.9,moving_average
SKU-1016,WH-001,2024-09-01,340.8,306.7,374.9,moving_average
SKU-1016,WH-001,2024-09-02,340.8,306.7,374.9,moving_average
SKU-1016,WH-001,2024-09-03,340.8,306.7,374.9,moving_average
SKU-1016,WH-001,2024-09-04,340.8,306.7,374.9,moving_average
SKU-1016,WH-001,2024-09-05,340.8,306.7,374.9,moving_average
SKU-1016,WH-001,2024-09-06,340.8,306.7,374.9,moving_average
SKU-1016,WH-001,2024-09-07,340.8,306.7,374.9,moving_average
SKU-1016,WH-001,2024-09-08,340.8,306.7,374.9,moving_average
SKU-1016,WH-001,2024-09-09,340.8,306.7,374.9,moving_average
SKU-1016,WH-001,2024-09-10,340.8,306.7,374.9,moving_average
SKU-1016,WH-001,2024-09-11,340.8,306.7,374.9,moving_average
SKU-1016,WH-001,2024-09-12,340.8,306.7,374.9,moving_average
SKU-1016,WH-001,2024-09-13,340.8,306.7,374.9,moving_average
SKU-1016,WH-001,2024-09-14,340.8,306.7,374.9,moving_average
SKU-1016,WH-001,2024-09-15,340.8,306.7,374.9,moving_average
SKU-1016,WH-001,2024-09-16,340.8,306.7,374.9,moving_average
SKU-1016,WH-001,2024-09-17,340.8,306.7,374.9,moving_average
SKU-1016,WH-001,2024-09-18,340.8,306.7,374.9,moving_average
SKU-1016,WH-001,2024-09-19,340.8,306.7,374.9,moving_average
SKU-1016,WH-001,2024-09-20,340.8,306.7,374.9,moving_average
SKU-1016,WH-001,2024-09-21,340.8,306.7,374.9,moving_average
SKU-1016,WH-001,2024-09-22,340.8,306.7,374.9,moving_average
SKU-1016,WH-001,2024-09-23,340.8,306.7,374.9,moving_average
SKU-1016,WH-001,2024-09-24,340.8,306.7,374.9,moving_average
SKU-1016,WH-001,2024-09-25,340.8,306.7,374.9,moving_average
SKU-1016,WH-001,2024-09-26,340.8,306.7,374.9,moving_average
SKU-1016,WH-002,2024-06-29,335.5,302.0,369.1,moving_average
SKU-1016,WH-002,2024-06-30,335.5,302.0,369.1,moving_average
SKU-1016,WH-002,2024-07-01,335.5,302.0,369.1,moving_average
SKU-1016,WH-002,2024-07-02,335.5,302.0,369.1,moving_average
SKU-1016,WH-002,2024-07-03,335.5,302.0,369.1,moving_average
SKU-1016,WH-002,2024-07-04,335.5,302.0,369.1,moving_average
SKU-1016,WH-002,2024-07-05,335.5,302.0,369.1,moving_average
SKU-1016,WH-002,2024-07-06,335.5,302.0,369.1,moving_average
SKU-1016,WH-002,2024-07-07,335.5,302.0,369.1,moving_average
SKU-1016,WH-002,2024-07-08,335.5,302.0,369.1,moving_average
SKU-1016,WH-002,2024-07-09,335.5,302.0,369.1,moving_average
SKU-1016,WH-002,2024-07-10,335.5,302.0,369.1,moving_average
SKU-1016,WH-002,2024-07-11,335.5,302.0,369.1,moving_average
SKU-1016,WH-002,2024-07-12,335.5,302.0,369.1,moving_average
SKU-1016,WH-002,2024-07-13,335.5,302.0,369.1,moving_average
SKU-1016,WH-002,2024-07-14,335.5,302.0,369.1,moving_average
SKU-1016,WH-002,2024-07-15,335.5,302.0,369.1,moving_average
SKU-1016,WH-002,2024-07-16,335.5,302.0,369.1,moving_average
SKU-1016,WH-002,2024-07-17,335.5,302.0,369.1,moving_average
SKU-1016,WH-002,2024-07-18,335.5,302.0,369.1,moving_average
SKU-1016,WH-002,2024-07-19,335.5,302.0,369.1,moving_average
SKU-1016,WH-002,2024-07-20,335.5,302.0,369.1,moving_average
SKU-1016,WH-002,2024-07-21,335.5,302.0,369.1,moving_average
SKU-1016,WH-002,2024-07-22,335.5,302.0,369.1,moving_average
SKU-1016,WH-002,2024-07-23,335.5,302.0,369.1,moving_average
SKU-1016,WH-002,2024-07-24,335.5,302.0,369.1,moving_average
SKU-1016,WH-002,2024-07-25,335.5,302.0,369.1,moving_average
SKU-1016,WH-002,2024-07-26,335.5,302.0,369.1,moving_average
SKU-1016,WH-002,2024-07-27,335.5,302.0,369.1,moving_average
SKU-1016,WH-002,2024-07-28,335.5,302.0,369.1,moving_average
SKU-1016,WH-002,2024-07-29,335.5,302.0,369.1,moving_average
SKU-1016,WH-002,2024-07-30,335.5,302.0,369.1,moving_average
SKU-1016,WH-002,2024-07-31,335.5,302.0,369.1,moving_average
SKU-1016,WH-002,2024-08-01,335.5,302.0,369.1,moving_average
SKU-1016,WH-002,2024-08-02,335.5,302.0,369.1,moving_average
SKU-1016,WH-002,2024-08-03,335.5,302.0,369.1,moving_average
SKU-1016,WH-002,2024-08-04,335.5,302.0,369.1,moving_average
SKU-1016,WH-002,2024-08-05,335.5,302.0,369.1,moving_average
SKU-1016,WH-002,2024-08-06,335.5,302.0,369.1,moving_average
SKU-1016,WH-002,2024-08-07,335.5,302.0,369.1,moving_average
SKU-1016,WH-002,2024-08-08,335.5,302.0,369.1,moving_average
SKU-1016,WH-002,2024-08-09,335.5,302.0,369.1,moving_average
SKU-1016,WH-002,2024-08-10,335.5,302.0,369.1,moving_average
SKU-1016,WH-002,2024-08-11,335.5,302.0,369.1,moving_average
SKU-1016,WH-002,2024-08-12,335.5,302.0,369.1,moving_average
SKU-1016,WH-002,2024-08-13,335.5,302.0,369.1,moving_average
SKU-1016,WH-002,2024-08-14,335.5,302.0,369.1,moving_average
SKU-1016,WH-002,2024-08-15,335.5,302.0,369.1,moving_average
SKU-1016,WH-002,2024-08-16,335.5,302.0,369.1,moving_average
SKU-1016,WH-002,2024-08-17,335.5,302.0,369.1,moving_average
SKU-1016,WH-002,2024-08-18,335.5,302.0,369.1,moving_average
SKU-1016,WH-002,2024-08-19,335.5,302.0,369.1,moving_average
SKU-1016,WH-002,2024-08-20,335.5,302.0,369.1,moving_average
SKU-1016,WH-002,2024-08-21,335.5,302.0,369.1,moving_average
SKU-1016,WH-002,2024-08-22,335.5,302.0,369.1,moving_average
SKU-1016,WH-002,2024-08-23,335.5,302.0,369.1,moving_average
SKU-1016,WH-002,2024-08-24,335.5,302.0,369.1,moving_average
SKU-1016,WH-002,2024-08-25,335.5,302.0,369.1,moving_average
SKU-1016,WH-002,2024-08-26,335.5,302.0,369.1,moving_average
SKU-1016,WH-002,2024-08-27,335.5,302.0,369.1,moving_average
SKU-1016,WH-002,2024-08-28,335.5,302.0,369.1,moving_average
SKU-1016,WH-002,2024-08-29,335.5,302.0,369.1,moving_average
SKU-1016,WH-002,2024-08-30,335.5,302.0,369.1,moving_average
SKU-1016,WH-002,2024-08-31,335.5,302.0,369.1,moving_average
SKU-1016,WH-002,2024-09-01,335.5,302.0,369.1,moving_average
SKU-1016,WH-002,2024-09-02,335.5,302.0,369.1,moving_average
SKU-1016,WH-002,2024-09-03,335.5,302.0,369.1,moving_average
SKU-1016,WH-002,2024-09-04,335.5,302.0,369.1,moving_average
SKU-1016,WH-002,2024-09-05,335.5,302.0,369.1,moving_average
SKU-1016,WH-002,2024-09-06,335.5,302.0,369.1,moving_average
SKU-1016,WH-002,2024-09-07,335.5,302.0,369.1,moving_average
SKU-1016,WH-002,2024-09-08,335.5,302.0,369.1,moving_average
SKU-1016,WH-002,2024-09-09,335.5,302.0,369.1,moving_average
SKU-1016,WH-002,2024-09-10,335.5,302.0,369.1,moving_average
SKU-1016,WH-002,2024-09-11,335.5,302.0,369.1,moving_average
SKU-1016,WH-002,2024-09-12,335.5,302.0,369.1,moving_average
SKU-1016,WH-002,2024-09-13,335.5,302.0,369.1,moving_average
SKU-1016,WH-002,2024-09-14,335.5,302.0,369.1,moving_average
SKU-1016,WH-002,2024-09-15,335.5,302.0,369.1,moving_average
SKU-1016,WH-002,2024-09-16,335.5,302.0,369.1,moving_average
SKU-1016,WH-002,2024-09-17,335.5,302.0,369.1,moving_average
SKU-1016,WH-002,2024-09-18,335.5,302.0,369.1,moving_average
SKU-1016,WH-002,2024-09-19,335.5,302.0,369.1,moving_average
SKU-1016,WH-002,2024-09-20,335.5,302.0,369.1,moving_average
SKU-1016,WH-002,2024-09-21,335.5,302.0,369.1,moving_average
SKU-1016,WH-002,2024-09-22,335.5,302.0,369.1,moving_average
SKU-1016,WH-002,2024-09-23,335.5,302.0,369.1,moving_average
SKU-1016,WH-002,2024-09-24,335.5,302.0,369.1,moving_average
SKU-1016,WH-002,2024-09-25,335.5,302.0,369.1,moving_average
SKU-1016,WH-002,2024-09-26,335.5,302.0,369.1,moving_average
SKU-1016,WH-003,2024-06-29,448.6,358.9,538.3,xgboost
SKU-1016,WH-003,2024-06-30,292.4,233.9,350.9,xgboost
SKU-1016,WH-003,2024-07-01,288.3,230.7,346.0,xgboost
SKU-1016,WH-003,2024-07-02,335.1,268.1,402.1,xgboost
SKU-1016,WH-003,2024-07-03,335.0,268.0,401.9,xgboost
SKU-1016,WH-003,2024-07-04,412.9,330.3,495.5,xgboost
SKU-1016,WH-003,2024-07-05,393.7,315.0,472.5,xgboost
SKU-1016,WH-003,2024-07-06,457.6,366.1,549.1,xgboost
SKU-1016,WH-003,2024-07-07,397.1,317.7,476.5,xgboost
SKU-1016,WH-003,2024-07-08,334.0,267.2,400.8,xgboost
SKU-1016,WH-003,2024-07-09,429.5,343.6,515.4,xgboost
SKU-1016,WH-003,2024-07-10,402.8,322.3,483.4,xgboost
SKU-1016,WH-003,2024-07-11,418.3,334.6,501.9,xgboost
SKU-1016,WH-003,2024-07-12,390.2,312.2,468.3,xgboost
SKU-1016,WH-003,2024-07-13,375.6,300.5,450.8,xgboost
SKU-1016,WH-003,2024-07-14,382.5,306.0,458.9,xgboost
SKU-1016,WH-003,2024-07-15,354.6,283.7,425.5,xgboost
SKU-1016,WH-003,2024-07-16,396.2,317.0,475.4,xgboost
SKU-1016,WH-003,2024-07-17,358.9,287.1,430.7,xgboost
SKU-1016,WH-003,2024-07-18,389.3,311.5,467.2,xgboost
SKU-1016,WH-003,2024-07-19,375.9,300.8,451.1,xgboost
SKU-1016,WH-003,2024-07-20,411.6,329.3,493.9,xgboost
SKU-1016,WH-003,2024-07-21,380.6,304.5,456.7,xgboost
SKU-1016,WH-003,2024-07-22,377.6,302.1,453.2,xgboost
SKU-1016,WH-003,2024-07-23,421.3,337.0,505.5,xgboost
SKU-1016,WH-003,2024-07-24,401.8,321.4,482.2,xgboost
SKU-1016,WH-003,2024-07-25,412.2,329.8,494.7,xgboost
SKU-1016,WH-003,2024-07-26,387.6,310.0,465.1,xgboost
SKU-1016,WH-003,2024-07-27,391.3,313.0,469.5,xgboost
SKU-1016,WH-003,2024-07-28,380.0,304.0,455.9,xgboost
SKU-1016,WH-003,2024-07-29,369.2,295.3,443.0,xgboost
SKU-1016,WH-003,2024-07-30,378.0,302.4,453.6,xgboost
SKU-1016,WH-003,2024-07-31,381.7,305.4,458.1,xgboost
SKU-1016,WH-003,2024-08-01,389.3,311.5,467.2,xgboost
SKU-1016,WH-003,2024-08-02,356.4,285.1,427.7,xgboost
SKU-1016,WH-003,2024-08-03,362.1,289.7,434.5,xgboost
SKU-1016,WH-003,2024-08-04,349.2,279.4,419.1,xgboost
SKU-1016,WH-003,2024-08-05,361.3,289.0,433.6,xgboost
SKU-1016,WH-003,2024-08-06,381.5,305.2,457.8,xgboost
SKU-1016,WH-003,2024-08-07,387.5,310.0,465.0,xgboost
SKU-1016,WH-003,2024-08-08,410.9,328.7,493.1,xgboost
SKU-1016,WH-003,2024-08-09,404.0,323.2,484.8,xgboost
SKU-1016,WH-003,2024-08-10,403.5,322.8,484.2,xgboost
SKU-1016,WH-003,2024-08-11,392.0,313.6,470.4,xgboost
SKU-1016,WH-003,2024-08-12,382.8,306.2,459.3,xgboost
SKU-1016,WH-003,2024-08-13,391.1,312.9,469.3,xgboost
SKU-1016,WH-003,2024-08-14,384.8,307.9,461.8,xgboost
SKU-1016,WH-003,2024-08-15,386.8,309.5,464.2,xgboost
SKU-1016,WH-003,2024-08-16,382.2,305.7,458.6,xgboost
SKU-1016,WH-003,2024-08-17,382.7,306.1,459.2,xgboost
SKU-1016,WH-003,2024-08-18,383.4,306.7,460.1,xgboost
SKU-1016,WH-003,2024-08-19,367.6,294.1,441.2,xgboost
SKU-1016,WH-003,2024-08-20,393.8,315.0,472.6,xgboost
SKU-1016,WH-003,2024-08-21,389.3,311.5,467.2,xgboost
SKU-1016,WH-003,2024-08-22,407.8,326.2,489.4,xgboost
SKU-1016,WH-003,2024-08-23,396.1,316.9,475.3,xgboost
SKU-1016,WH-003,2024-08-24,385.2,308.2,462.3,xgboost
SKU-1016,WH-003,2024-08-25,374.1,299.3,448.9,xgboost
SKU-1016,WH-003,2024-08-26,372.8,298.2,447.3,xgboost
SKU-1016,WH-003,2024-08-27,394.8,315.8,473.7,xgboost
SKU-1016,WH-003,2024-08-28,383.0,306.4,459.6,xgboost
SKU-1016,WH-003,2024-08-29,398.4,318.7,478.0,xgboost
SKU-1016,WH-003,2024-08-30,397.2,317.8,476.7,xgboost
SKU-1016,WH-003,2024-08-31,396.8,317.4,476.1,xgboost
SKU-1016,WH-003,2024-09-01,385.0,308.0,462.0,xgboost
SKU-1016,WH-003,2024-09-02,335.7,268.6,402.9,xgboost
SKU-1016,WH-003,2024-09-03,360.7,288.5,432.8,xgboost
SKU-1016,WH-003,2024-09-04,361.7,289.3,434.0,xgboost
SKU-1016,WH-003,2024-09-05,379.7,303.8,455.7,xgboost
SKU-1016,WH-003,2024-09-06,382.6,306.1,459.1,xgboost
SKU-1016,WH-003,2024-09-07,400.6,320.5,480.7,xgboost
SKU-1016,WH-003,2024-09-08,394.4,315.5,473.3,xgboost
SKU-1016,WH-003,2024-09-09,376.0,300.8,451.2,xgboost
SKU-1016,WH-003,2024-09-10,429.4,343.5,515.2,xgboost
SKU-1016,WH-003,2024-09-11,416.3,333.0,499.5,xgboost
SKU-1016,WH-003,2024-09-12,405.4,324.3,486.5,xgboost
SKU-1016,WH-003,2024-09-13,378.2,302.6,453.9,xgboost
SKU-1016,WH-003,2024-09-14,372.7,298.2,447.3,xgboost
SKU-1016,WH-003,2024-09-15,368.6,294.9,442.3,xgboost
SKU-1016,WH-003,2024-09-16,355.8,284.7,427.0,xgboost
SKU-1016,WH-003,2024-09-17,369.1,295.3,442.9,xgboost
SKU-1016,WH-003,2024-09-18,377.1,301.7,452.5,xgboost
SKU-1016,WH-003,2024-09-19,391.2,313.0,469.5,xgboost
SKU-1016,WH-003,2024-09-20,405.1,324.1,486.2,xgboost
SKU-1016,WH-003,2024-09-21,401.5,321.2,481.8,xgboost
SKU-1016,WH-003,2024-09-22,380.5,304.4,456.6,xgboost
SKU-1016,WH-003,2024-09-23,376.5,301.2,451.8,xgboost
SKU-1016,WH-003,2024-09-24,420.2,336.2,504.3,xgboost
SKU-1016,WH-003,2024-09-25,411.0,328.8,493.2,xgboost
SKU-1016,WH-003,2024-09-26,395.2,316.2,474.3,xgboost
SKU-1016,WH-004,2024-06-29,387.3,348.6,426.0,moving_average
SKU-1016,WH-004,2024-06-30,387.3,348.6,426.0,moving_average
SKU-1016,WH-004,2024-07-01,387.3,348.6,426.0,moving_average
SKU-1016,WH-004,2024-07-02,387.3,348.6,426.0,moving_average
SKU-1016,WH-004,2024-07-03,387.3,348.6,426.0,moving_average
SKU-1016,WH-004,2024-07-04,387.3,348.6,426.0,moving_average
SKU-1016,WH-004,2024-07-05,387.3,348.6,426.0,moving_average
SKU-1016,WH-004,2024-07-06,387.3,348.6,426.0,moving_average
SKU-1016,WH-004,2024-07-07,387.3,348.6,426.0,moving_average
SKU-1016,WH-004,2024-07-08,387.3,348.6,426.0,moving_average
SKU-1016,WH-004,2024-07-09,387.3,348.6,426.0,moving_average
SKU-1016,WH-004,2024-07-10,387.3,348.6,426.0,moving_average
SKU-1016,WH-004,2024-07-11,387.3,348.6,426.0,moving_average
SKU-1016,WH-004,2024-07-12,387.3,348.6,426.0,moving_average
SKU-1016,WH-004,2024-07-13,387.3,348.6,426.0,moving_average
SKU-1016,WH-004,2024-07-14,387.3,348.6,426.0,moving_average
SKU-1016,WH-004,2024-07-15,387.3,348.6,426.0,moving_average
SKU-1016,WH-004,2024-07-16,387.3,348.6,426.0,moving_average
SKU-1016,WH-004,2024-07-17,387.3,348.6,426.0,moving_average
SKU-1016,WH-004,2024-07-18,387.3,348.6,426.0,moving_average
SKU-1016,WH-004,2024-07-19,387.3,348.6,426.0,moving_average
SKU-1016,WH-004,2024-07-20,387.3,348.6,426.0,moving_average
SKU-1016,WH-004,2024-07-21,387.3,348.6,426.0,moving_average
SKU-1016,WH-004,2024-07-22,387.3,348.6,426.0,moving_average
SKU-1016,WH-004,2024-07-23,387.3,348.6,426.0,moving_average
SKU-1016,WH-004,2024-07-24,387.3,348.6,426.0,moving_average
SKU-1016,WH-004,2024-07-25,387.3,348.6,426.0,moving_average
SKU-1016,WH-004,2024-07-26,387.3,348.6,426.0,moving_average
SKU-1016,WH-004,2024-07-27,387.3,348.6,426.0,moving_average
SKU-1016,WH-004,2024-07-28,387.3,348.6,426.0,moving_average
SKU-1016,WH-004,2024-07-29,387.3,348.6,426.0,moving_average
SKU-1016,WH-004,2024-07-30,387.3,348.6,426.0,moving_average
SKU-1016,WH-004,2024-07-31,387.3,348.6,426.0,moving_average
SKU-1016,WH-004,2024-08-01,387.3,348.6,426.0,moving_average
SKU-1016,WH-004,2024-08-02,387.3,348.6,426.0,moving_average
SKU-1016,WH-004,2024-08-03,387.3,348.6,426.0,moving_average
SKU-1016,WH-004,2024-08-04,387.3,348.6,426.0,moving_average
SKU-1016,WH-004,2024-08-05,387.3,348.6,426.0,moving_average
SKU-1016,WH-004,2024-08-06,387.3,348.6,426.0,moving_average
SKU-1016,WH-004,2024-08-07,387.3,348.6,426.0,moving_average
SKU-1016,WH-004,2024-08-08,387.3,348.6,426.0,moving_average
SKU-1016,WH-004,2024-08-09,387.3,348.6,426.0,moving_average
SKU-1016,WH-004,2024-08-10,387.3,348.6,426.0,moving_average
SKU-1016,WH-004,2024-08-11,387.3,348.6,426.0,moving_average
SKU-1016,WH-004,2024-08-12,387.3,348.6,426.0,moving_average
SKU-1016,WH-004,2024-08-13,387.3,348.6,426.0,moving_average
SKU-1016,WH-004,2024-08-14,387.3,348.6,426.0,moving_average
SKU-1016,WH-004,2024-08-15,387.3,348.6,426.0,moving_average
SKU-1016,WH-004,2024-08-16,387.3,348.6,426.0,moving_average
SKU-1016,WH-004,2024-08-17,387.3,348.6,426.0,moving_average
SKU-1016,WH-004,2024-08-18,387.3,348.6,426.0,moving_average
SKU-1016,WH-004,2024-08-19,387.3,348.6,426.0,moving_average
SKU-1016,WH-004,2024-08-20,387.3,348.6,426.0,moving_average
SKU-1016,WH-004,2024-08-21,387.3,348.6,426.0,moving_average
SKU-1016,WH-004,2024-08-22,387.3,348.6,426.0,moving_average
SKU-1016,WH-004,2024-08-23,387.3,348.6,426.0,moving_average
SKU-1016,WH-004,2024-08-24,387.3,348.6,426.0,moving_average
SKU-1016,WH-004,2024-08-25,387.3,348.6,426.0,moving_average
SKU-1016,WH-004,2024-08-26,387.3,348.6,426.0,moving_average
SKU-1016,WH-004,2024-08-27,387.3,348.6,426.0,moving_average
SKU-1016,WH-004,2024-08-28,387.3,348.6,426.0,moving_average
SKU-1016,WH-004,2024-08-29,387.3,348.6,426.0,moving_average
SKU-1016,WH-004,2024-08-30,387.3,348.6,426.0,moving_average
SKU-1016,WH-004,2024-08-31,387.3,348.6,426.0,moving_average
SKU-1016,WH-004,2024-09-01,387.3,348.6,426.0,moving_average
SKU-1016,WH-004,2024-09-02,387.3,348.6,426.0,moving_average
SKU-1016,WH-004,2024-09-03,387.3,348.6,426.0,moving_average
SKU-1016,WH-004,2024-09-04,387.3,348.6,426.0,moving_average
SKU-1016,WH-004,2024-09-05,387.3,348.6,426.0,moving_average
SKU-1016,WH-004,2024-09-06,387.3,348.6,426.0,moving_average
SKU-1016,WH-004,2024-09-07,387.3,348.6,426.0,moving_average
SKU-1016,WH-004,2024-09-08,387.3,348.6,426.0,moving_average
SKU-1016,WH-004,2024-09-09,387.3,348.6,426.0,moving_average
SKU-1016,WH-004,2024-09-10,387.3,348.6,426.0,moving_average
SKU-1016,WH-004,2024-09-11,387.3,348.6,426.0,moving_average
SKU-1016,WH-004,2024-09-12,387.3,348.6,426.0,moving_average
SKU-1016,WH-004,2024-09-13,387.3,348.6,426.0,moving_average
SKU-1016,WH-004,2024-09-14,387.3,348.6,426.0,moving_average
SKU-1016,WH-004,2024-09-15,387.3,348.6,426.0,moving_average
SKU-1016,WH-004,2024-09-16,387.3,348.6,426.0,moving_average
SKU-1016,WH-004,2024-09-17,387.3,348.6,426.0,moving_average
SKU-1016,WH-004,2024-09-18,387.3,348.6,426.0,moving_average
SKU-1016,WH-004,2024-09-19,387.3,348.6,426.0,moving_average
SKU-1016,WH-004,2024-09-20,387.3,348.6,426.0,moving_average
SKU-1016,WH-004,2024-09-21,387.3,348.6,426.0,moving_average
SKU-1016,WH-004,2024-09-22,387.3,348.6,426.0,moving_average
SKU-1016,WH-004,2024-09-23,387.3,348.6,426.0,moving_average
SKU-1016,WH-004,2024-09-24,387.3,348.6,426.0,moving_average
SKU-1016,WH-004,2024-09-25,387.3,348.6,426.0,moving_average
SKU-1016,WH-004,2024-09-26,387.3,348.6,426.0,moving_average
SKU-1016,WH-005,2024-06-29,353.4,318.0,388.7,moving_average
SKU-1016,WH-005,2024-06-30,353.4,318.0,388.7,moving_average
SKU-1016,WH-005,2024-07-01,353.4,318.0,388.7,moving_average
SKU-1016,WH-005,2024-07-02,353.4,318.0,388.7,moving_average
SKU-1016,WH-005,2024-07-03,353.4,318.0,388.7,moving_average
SKU-1016,WH-005,2024-07-04,353.4,318.0,388.7,moving_average
SKU-1016,WH-005,2024-07-05,353.4,318.0,388.7,moving_average
SKU-1016,WH-005,2024-07-06,353.4,318.0,388.7,moving_average
SKU-1016,WH-005,2024-07-07,353.4,318.0,388.7,moving_average
SKU-1016,WH-005,2024-07-08,353.4,318.0,388.7,moving_average
SKU-1016,WH-005,2024-07-09,353.4,318.0,388.7,moving_average
SKU-1016,WH-005,2024-07-10,353.4,318.0,388.7,moving_average
SKU-1016,WH-005,2024-07-11,353.4,318.0,388.7,moving_average
SKU-1016,WH-005,2024-07-12,353.4,318.0,388.7,moving_average
SKU-1016,WH-005,2024-07-13,353.4,318.0,388.7,moving_average
SKU-1016,WH-005,2024-07-14,353.4,318.0,388.7,moving_average
SKU-1016,WH-005,2024-07-15,353.4,318.0,388.7,moving_average
SKU-1016,WH-005,2024-07-16,353.4,318.0,388.7,moving_average
SKU-1016,WH-005,2024-07-17,353.4,318.0,388.7,moving_average
SKU-1016,WH-005,2024-07-18,353.4,318.0,388.7,moving_average
SKU-1016,WH-005,2024-07-19,353.4,318.0,388.7,moving_average
SKU-1016,WH-005,2024-07-20,353.4,318.0,388.7,moving_average
SKU-1016,WH-005,2024-07-21,353.4,318.0,388.7,moving_average
SKU-1016,WH-005,2024-07-22,353.4,318.0,388.7,moving_average
SKU-1016,WH-005,2024-07-23,353.4,318.0,388.7,moving_average
SKU-1016,WH-005,2024-07-24,353.4,318.0,388.7,moving_average
SKU-1016,WH-005,2024-07-25,353.4,318.0,388.7,moving_average
SKU-1016,WH-005,2024-07-26,353.4,318.0,388.7,moving_average
SKU-1016,WH-005,2024-07-27,353.4,318.0,388.7,moving_average
SKU-1016,WH-005,2024-07-28,353.4,318.0,388.7,moving_average
SKU-1016,WH-005,2024-07-29,353.4,318.0,388.7,moving_average
SKU-1016,WH-005,2024-07-30,353.4,318.0,388.7,moving_average
SKU-1016,WH-005,2024-07-31,353.4,318.0,388.7,moving_average
SKU-1016,WH-005,2024-08-01,353.4,318.0,388.7,moving_average
SKU-1016,WH-005,2024-08-02,353.4,318.0,388.7,moving_average
SKU-1016,WH-005,2024-08-03,353.4,318.0,388.7,moving_average
SKU-1016,WH-005,2024-08-04,353.4,318.0,388.7,moving_average
SKU-1016,WH-005,2024-08-05,353.4,318.0,388.7,moving_average
SKU-1016,WH-005,2024-08-06,353.4,318.0,388.7,moving_average
SKU-1016,WH-005,2024-08-07,353.4,318.0,388.7,moving_average
SKU-1016,WH-005,2024-08-08,353.4,318.0,388.7,moving_average
SKU-1016,WH-005,2024-08-09,353.4,318.0,388.7,moving_average
SKU-1016,WH-005,2024-08-10,353.4,318.0,388.7,moving_average
SKU-1016,WH-005,2024-08-11,353.4,318.0,388.7,moving_average
SKU-1016,WH-005,2024-08-12,353.4,318.0,388.7,moving_average
SKU-1016,WH-005,2024-08-13,353.4,318.0,388.7,moving_average
SKU-1016,WH-005,2024-08-14,353.4,318.0,388.7,moving_average
SKU-1016,WH-005,2024-08-15,353.4,318.0,388.7,moving_average
SKU-1016,WH-005,2024-08-16,353.4,318.0,388.7,moving_average
SKU-1016,WH-005,2024-08-17,353.4,318.0,388.7,moving_average
SKU-1016,WH-005,2024-08-18,353.4,318.0,388.7,moving_average
SKU-1016,WH-005,2024-08-19,353.4,318.0,388.7,moving_average
SKU-1016,WH-005,2024-08-20,353.4,318.0,388.7,moving_average
SKU-1016,WH-005,2024-08-21,353.4,318.0,388.7,moving_average
SKU-1016,WH-005,2024-08-22,353.4,318.0,388.7,moving_average
SKU-1016,WH-005,2024-08-23,353.4,318.0,388.7,moving_average
SKU-1016,WH-005,2024-08-24,353.4,318.0,388.7,moving_average
SKU-1016,WH-005,2024-08-25,353.4,318.0,388.7,moving_average
SKU-1016,WH-005,2024-08-26,353.4,318.0,388.7,moving_average
SKU-1016,WH-005,2024-08-27,353.4,318.0,388.7,moving_average
SKU-1016,WH-005,2024-08-28,353.4,318.0,388.7,moving_average
SKU-1016,WH-005,2024-08-29,353.4,318.0,388.7,moving_average
SKU-1016,WH-005,2024-08-30,353.4,318.0,388.7,moving_average
SKU-1016,WH-005,2024-08-31,353.4,318.0,388.7,moving_average
SKU-1016,WH-005,2024-09-01,353.4,318.0,388.7,moving_average
SKU-1016,WH-005,2024-09-02,353.4,318.0,388.7,moving_average
SKU-1016,WH-005,2024-09-03,353.4,318.0,388.7,moving_average
SKU-1016,WH-005,2024-09-04,353.4,318.0,388.7,moving_average
SKU-1016,WH-005,2024-09-05,353.4,318.0,388.7,moving_average
SKU-1016,WH-005,2024-09-06,353.4,318.0,388.7,moving_average
SKU-1016,WH-005,2024-09-07,353.4,318.0,388.7,moving_average
SKU-1016,WH-005,2024-09-08,353.4,318.0,388.7,moving_average
SKU-1016,WH-005,2024-09-09,353.4,318.0,388.7,moving_average
SKU-1016,WH-005,2024-09-10,353.4,318.0,388.7,moving_average
SKU-1016,WH-005,2024-09-11,353.4,318.0,388.7,moving_average
SKU-1016,WH-005,2024-09-12,353.4,318.0,388.7,moving_average
SKU-1016,WH-005,2024-09-13,353.4,318.0,388.7,moving_average
SKU-1016,WH-005,2024-09-14,353.4,318.0,388.7,moving_average
SKU-1016,WH-005,2024-09-15,353.4,318.0,388.7,moving_average
SKU-1016,WH-005,2024-09-16,353.4,318.0,388.7,moving_average
SKU-1016,WH-005,2024-09-17,353.4,318.0,388.7,moving_average
SKU-1016,WH-005,2024-09-18,353.4,318.0,388.7,moving_average
SKU-1016,WH-005,2024-09-19,353.4,318.0,388.7,moving_average
SKU-1016,WH-005,2024-09-20,353.4,318.0,388.7,moving_average
SKU-1016,WH-005,2024-09-21,353.4,318.0,388.7,moving_average
SKU-1016,WH-005,2024-09-22,353.4,318.0,388.7,moving_average
SKU-1016,WH-005,2024-09-23,353.4,318.0,388.7,moving_average
SKU-1016,WH-005,2024-09-24,353.4,318.0,388.7,moving_average
SKU-1016,WH-005,2024-09-25,353.4,318.0,388.7,moving_average
SKU-1016,WH-005,2024-09-26,353.4,318.0,388.7,moving_average
SKU-1016,WH-006,2024-06-29,316.9,269.3,364.4,exponential_smoothing
SKU-1016,WH-006,2024-06-30,332.2,282.4,382.1,exponential_smoothing
SKU-1016,WH-006,2024-07-01,363.0,308.5,417.4,exponential_smoothing
SKU-1016,WH-006,2024-07-02,355.1,301.8,408.4,exponential_smoothing
SKU-1016,WH-006,2024-07-03,374.4,318.2,430.6,exponential_smoothing
SKU-1016,WH-006,2024-07-04,377.3,320.7,433.9,exponential_smoothing
SKU-1016,WH-006,2024-07-05,341.2,290.0,392.3,exponential_smoothing
SKU-1016,WH-006,2024-07-06,320.8,272.7,368.9,exponential_smoothing
SKU-1016,WH-006,2024-07-07,336.2,285.7,386.6,exponential_smoothing
SKU-1016,WH-006,2024-07-08,366.9,311.9,421.9,exponential_smoothing
SKU-1016,WH-006,2024-07-09,359.0,305.2,412.9,exponential_smoothing
SKU-1016,WH-006,2024-07-10,378.3,321.6,435.1,exponential_smoothing
SKU-1016,WH-006,2024-07-11,381.2,324.0,438.4,exponential_smoothing
SKU-1016,WH-006,2024-07-12,345.1,293.3,396.9,exponential_smoothing
SKU-1016,WH-006,2024-07-13,324.7,276.0,373.4,exponential_smoothing
SKU-1016,WH-006,2024-07-14,340.1,289.1,391.1,exponential_smoothing
SKU-1016,WH-006,2024-07-15,370.8,315.2,426.5,exponential_smoothing
SKU-1016,WH-006,2024-07-16,362.9,308.5,417.4,exponential_smoothing
SKU-1016,WH-006,2024-07-17,382.3,324.9,439.6,exponential_smoothing
SKU-1016,WH-006,2024-07-18,385.1,327.4,442.9,exponential_smoothing
SKU-1016,WH-006,2024-07-19,349.0,296.7,401.4,exponential_smoothing
SKU-1016,WH-006,2024-07-20,328.7,279.4,378.0,exponential_smoothing
SKU-1016,WH-006,2024-07-21,344.0,292.4,395.6,exponential_smoothing
SKU-1016,WH-006,2024-07-22,374.8,318.5,431.0,exponential_smoothing
SKU-1016,WH-006,2024-07-23,366.9,311.8,421.9,exponential_smoothing
SKU-1016,WH-006,2024-07-24,386.2,328.3,444.1,exponential_smoothing
SKU-1016,WH-006,2024-07-25,389.1,330.7,447.4,exponential_smoothing
SKU-1016,WH-006,2024-07-26,353.0,300.0,405.9,exponential_smoothing
SKU-1016,WH-006,2024-07-27,332.6,282.7,382.5,exponential_smoothing
SKU-1016,WH-006,2024-07-28,348.0,295.8,400.2,exponential_smoothing
SKU-1016,WH-006,2024-07-29,378.7,321.9,435.5,exponential_smoothing
SKU-1016,WH-006,2024-07-30,370.8,315.2,426.4,exponential_smoothing
SKU-1016,WH-006,2024-07-31,390.1,331.6,448.6,exponential_smoothing
SKU-1016,WH-006,2024-08-01,393.0,334.1,452.0,exponential_smoothing
SKU-1016,WH-006,2024-08-02,356.9,303.4,410.4,exponential_smoothing
SKU-1016,WH-006,2024-08-03,336.5,286.0,387.0,exponential_smoothing
SKU-1016,WH-006,2024-08-04,351.9,299.1,404.7,exponential_smoothing
SKU-1016,WH-006,2024-08-05,382.6,325.2,440.0,exponential_smoothing
SKU-1016,WH-006,2024-08-06,374.7,318.5,430.9,exponential_smoothing
SKU-1016,WH-006,2024-08-07,394.0,334.9,453.2,exponential_smoothing
SKU-1016,WH-006,2024-08-08,396.9,337.4,456.5,exponential_smoothing
SKU-1016,WH-006,2024-08-09,360.8,306.7,414.9,exponential_smoothing
SKU-1016,WH-006,2024-08-10,340.5,289.4,391.5,exponential_smoothing
SKU-1016,WH-006,2024-08-11,355.8,302.4,409.2,exponential_smoothing
SKU-1016,WH-006,2024-08-12,386.5,328.6,444.5,exponential_smoothing
SKU-1016,WH-006,2024-08-13,378.7,321.9,435.5,exponential_smoothing
SKU-1016,WH-006,2024-08-14,398.0,338.3,457.7,exponential_smoothing
SKU-1016,WH-006,2024-08-15,400.9,340.7,461.0,exponential_smoothing
SKU-1016,WH-006,2024-08-16,364.7,310.0,419.5,exponential_smoothing
SKU-1016,WH-006,2024-08-17,344.4,292.7,396.0,exponential_smoothing
SKU-1016,WH-006,2024-08-18,359.8,305.8,413.7,exponential_smoothing
SKU-1016,WH-006,2024-08-19,390.5,331.9,449.0,exponential_smoothing
SKU-1016,WH-006,2024-08-20,382.6,325.2,440.0,exponential_smoothing
SKU-1016,WH-006,2024-08-21,401.9,341.6,462.2,exponential_smoothing
SKU-1016,WH-006,2024-08-22,404.8,344.1,465.5,exponential_smoothing
SKU-1016,WH-006,2024-08-23,368.7,313.4,424.0,exponential_smoothing
SKU-1016,WH-006,2024-08-24,348.3,296.1,400.6,exponential_smoothing
SKU-1016,WH-006,2024-08-25,363.7,309.1,418.2,exponential_smoothing
SKU-1016,WH-006,2024-08-26,394.4,335.2,453.6,exponential_smoothing
SKU-1016,WH-006,2024-08-27,386.5,328.5,444.5,exponential_smoothing
SKU-1016,WH-006,2024-08-28,405.8,345.0,466.7,exponential_smoothing
SKU-1016,WH-006,2024-08-29,408.7,347.4,470.0,exponential_smoothing
SKU-1016,WH-006,2024-08-30,372.6,316.7,428.5,exponential_smoothing
SKU-1016,WH-006,2024-08-31,352.2,299.4,405.1,exponential_smoothing
SKU-1016,WH-006,2024-09-01,367.6,312.5,422.8,exponential_smoothing
SKU-1016,WH-006,2024-09-02,398.3,338.6,458.1,exponential_smoothing
SKU-1016,WH-006,2024-09-03,390.5,331.9,449.0,exponential_smoothing
SKU-1016,WH-006,2024-09-04,409.8,348.3,471.2,exponential_smoothing
SKU-1016,WH-006,2024-09-05,412.7,350.8,474.6,exponential_smoothing
SKU-1016,WH-006,2024-09-06,376.5,320.1,433.0,exponential_smoothing
SKU-1016,WH-006,2024-09-07,356.2,302.7,409.6,exponential_smoothing
SKU-1016,WH-006,2024-09-08,371.5,315.8,427.3,exponential_smoothing
SKU-1016,WH-006,2024-09-09,402.3,341.9,462.6,exponential_smoothing
SKU-1016,WH-006,2024-09-10,394.4,335.2,453.5,exponential_smoothing
SKU-1016,WH-006,2024-09-11,413.7,351.6,475.7,exponential_smoothing
SKU-1016,WH-006,2024-09-12,416.6,354.1,479.1,exponential_smoothing
SKU-1016,WH-006,2024-09-13,380.5,323.4,437.5,exponential_smoothing
SKU-1016,WH-006,2024-09-14,360.1,306.1,414.1,exponential_smoothing
SKU-1016,WH-006,2024-09-15,375.5,319.2,431.8,exponential_smoothing
SKU-1016,WH-006,2024-09-16,406.2,345.3,467.1,exponential_smoothing
SKU-1016,WH-006,2024-09-17,398.3,338.6,458.1,exponential_smoothing
SKU-1016,WH-006,2024-09-18,417.6,355.0,480.3,exponential_smoothing
SKU-1016,WH-006,2024-09-19,420.5,357.4,483.6,exponential_smoothing
SKU-1016,WH-006,2024-09-20,384.4,326.7,442.1,exponential_smoothing
SKU-1016,WH-006,2024-09-21,364.0,309.4,418.6,exponential_smoothing
SKU-1016,WH-006,2024-09-22,379.4,322.5,436.3,exponential_smoothing
SKU-1016,WH-006,2024-09-23,410.1,348.6,471.6,exponential_smoothing
SKU-1016,WH-006,2024-09-24,402.2,341.9,462.6,exponential_smoothing
SKU-1016,WH-006,2024-09-25,421.6,358.3,484.8,exponential_smoothing
SKU-1016,WH-006,2024-09-26,424.4,360.8,488.1,exponential_smoothing
SKU-1016,WH-007,2024-06-29,343.1,308.8,377.5,moving_average
SKU-1016,WH-007,2024-06-30,343.1,308.8,377.5,moving_average
SKU-1016,WH-007,2024-07-01,343.1,308.8,377.5,moving_average
SKU-1016,WH-007,2024-07-02,343.1,308.8,377.5,moving_average
SKU-1016,WH-007,2024-07-03,343.1,308.8,377.5,moving_average
SKU-1016,WH-007,2024-07-04,343.1,308.8,377.5,moving_average
SKU-1016,WH-007,2024-07-05,343.1,308.8,377.5,moving_average
SKU-1016,WH-007,2024-07-06,343.1,308.8,377.5,moving_average
SKU-1016,WH-007,2024-07-07,343.1,308.8,377.5,moving_average
SKU-1016,WH-007,2024-07-08,343.1,308.8,377.5,moving_average
SKU-1016,WH-007,2024-07-09,343.1,308.8,377.5,moving_average
SKU-1016,WH-007,2024-07-10,343.1,308.8,377.5,moving_average
SKU-1016,WH-007,2024-07-11,343.1,308.8,377.5,moving_average
SKU-1016,WH-007,2024-07-12,343.1,308.8,377.5,moving_average
SKU-1016,WH-007,2024-07-13,343.1,308.8,377.5,moving_average
SKU-1016,WH-007,2024-07-14,343.1,308.8,377.5,moving_average
SKU-1016,WH-007,2024-07-15,343.1,308.8,377.5,moving_average
SKU-1016,WH-007,2024-07-16,343.1,308.8,377.5,moving_average
SKU-1016,WH-007,2024-07-17,343.1,308.8,377.5,moving_average
SKU-1016,WH-007,2024-07-18,343.1,308.8,377.5,moving_average
SKU-1016,WH-007,2024-07-19,343.1,308.8,377.5,moving_average
SKU-1016,WH-007,2024-07-20,343.1,308.8,377.5,moving_average
SKU-1016,WH-007,2024-07-21,343.1,308.8,377.5,moving_average
SKU-1016,WH-007,2024-07-22,343.1,308.8,377.5,moving_average
SKU-1016,WH-007,2024-07-23,343.1,308.8,377.5,moving_average
SKU-1016,WH-007,2024-07-24,343.1,308.8,377.5,moving_average
SKU-1016,WH-007,2024-07-25,343.1,308.8,377.5,moving_average
SKU-1016,WH-007,2024-07-26,343.1,308.8,377.5,moving_average
SKU-1016,WH-007,2024-07-27,343.1,308.8,377.5,moving_average
SKU-1016,WH-007,2024-07-28,343.1,308.8,377.5,moving_average
SKU-1016,WH-007,2024-07-29,343.1,308.8,377.5,moving_average
SKU-1016,WH-007,2024-07-30,343.1,308.8,377.5,moving_average
SKU-1016,WH-007,2024-07-31,343.1,308.8,377.5,moving_average
SKU-1016,WH-007,2024-08-01,343.1,308.8,377.5,moving_average
SKU-1016,WH-007,2024-08-02,343.1,308.8,377.5,moving_average
SKU-1016,WH-007,2024-08-03,343.1,308.8,377.5,moving_average
SKU-1016,WH-007,2024-08-04,343.1,308.8,377.5,moving_average
SKU-1016,WH-007,2024-08-05,343.1,308.8,377.5,moving_average
SKU-1016,WH-007,2024-08-06,343.1,308.8,377.5,moving_average
SKU-1016,WH-007,2024-08-07,343.1,308.8,377.5,moving_average
SKU-1016,WH-007,2024-08-08,343.1,308.8,377.5,moving_average
SKU-1016,WH-007,2024-08-09,343.1,308.8,377.5,moving_average
SKU-1016,WH-007,2024-08-10,343.1,308.8,377.5,moving_average
SKU-1016,WH-007,2024-08-11,343.1,308.8,377.5,moving_average
SKU-1016,WH-007,2024-08-12,343.1,308.8,377.5,moving_average
SKU-1016,WH-007,2024-08-13,343.1,308.8,377.5,moving_average
SKU-1016,WH-007,2024-08-14,343.1,308.8,377.5,moving_average
SKU-1016,WH-007,2024-08-15,343.1,308.8,377.5,moving_average
SKU-1016,WH-007,2024-08-16,343.1,308.8,377.5,moving_average
SKU-1016,WH-007,2024-08-17,343.1,308.8,377.5,moving_average
SKU-1016,WH-007,2024-08-18,343.1,308.8,377.5,moving_average
SKU-1016,WH-007,2024-08-19,343.1,308.8,377.5,moving_average
SKU-1016,WH-007,2024-08-20,343.1,308.8,377.5,moving_average
SKU-1016,WH-007,2024-08-21,343.1,308.8,377.5,moving_average
SKU-1016,WH-007,2024-08-22,343.1,308.8,377.5,moving_average
SKU-1016,WH-007,2024-08-23,343.1,308.8,377.5,moving_average
SKU-1016,WH-007,2024-08-24,343.1,308.8,377.5,moving_average
SKU-1016,WH-007,2024-08-25,343.1,308.8,377.5,moving_average
SKU-1016,WH-007,2024-08-26,343.1,308.8,377.5,moving_average
SKU-1016,WH-007,2024-08-27,343.1,308.8,377.5,moving_average
SKU-1016,WH-007,2024-08-28,343.1,308.8,377.5,moving_average
SKU-1016,WH-007,2024-08-29,343.1,308.8,377.5,moving_average
SKU-1016,WH-007,2024-08-30,343.1,308.8,377.5,moving_average
SKU-1016,WH-007,2024-08-31,343.1,308.8,377.5,moving_average
SKU-1016,WH-007,2024-09-01,343.1,308.8,377.5,moving_average
SKU-1016,WH-007,2024-09-02,343.1,308.8,377.5,moving_average
SKU-1016,WH-007,2024-09-03,343.1,308.8,377.5,moving_average
SKU-1016,WH-007,2024-09-04,343.1,308.8,377.5,moving_average
SKU-1016,WH-007,2024-09-05,343.1,308.8,377.5,moving_average
SKU-1016,WH-007,2024-09-06,343.1,308.8,377.5,moving_average
SKU-1016,WH-007,2024-09-07,343.1,308.8,377.5,moving_average
SKU-1016,WH-007,2024-09-08,343.1,308.8,377.5,moving_average
SKU-1016,WH-007,2024-09-09,343.1,308.8,377.5,moving_average
SKU-1016,WH-007,2024-09-10,343.1,308.8,377.5,moving_average
SKU-1016,WH-007,2024-09-11,343.1,308.8,377.5,moving_average
SKU-1016,WH-007,2024-09-12,343.1,308.8,377.5,moving_average
SKU-1016,WH-007,2024-09-13,343.1,308.8,377.5,moving_average
SKU-1016,WH-007,2024-09-14,343.1,308.8,377.5,moving_average
SKU-1016,WH-007,2024-09-15,343.1,308.8,377.5,moving_average
SKU-1016,WH-007,2024-09-16,343.1,308.8,377.5,moving_average
SKU-1016,WH-007,2024-09-17,343.1,308.8,377.5,moving_average
SKU-1016,WH-007,2024-09-18,343.1,308.8,377.5,moving_average
SKU-1016,WH-007,2024-09-19,343.1,308.8,377.5,moving_average
SKU-1016,WH-007,2024-09-20,343.1,308.8,377.5,moving_average
SKU-1016,WH-007,2024-09-21,343.1,308.8,377.5,moving_average
SKU-1016,WH-007,2024-09-22,343.1,308.8,377.5,moving_average
SKU-1016,WH-007,2024-09-23,343.1,308.8,377.5,moving_average
SKU-1016,WH-007,2024-09-24,343.1,308.8,377.5,moving_average
SKU-1016,WH-007,2024-09-25,343.1,308.8,377.5,moving_average
SKU-1016,WH-007,2024-09-26,343.1,308.8,377.5,moving_average
SKU-1017,WH-001,2024-06-29,421.2,379.1,463.3,moving_average
SKU-1017,WH-001,2024-06-30,421.2,379.1,463.3,moving_average
SKU-1017,WH-001,2024-07-01,421.2,379.1,463.3,moving_average
SKU-1017,WH-001,2024-07-02,421.2,379.1,463.3,moving_average
SKU-1017,WH-001,2024-07-03,421.2,379.1,463.3,moving_average
SKU-1017,WH-001,2024-07-04,421.2,379.1,463.3,moving_average
SKU-1017,WH-001,2024-07-05,421.2,379.1,463.3,moving_average
SKU-1017,WH-001,2024-07-06,421.2,379.1,463.3,moving_average
SKU-1017,WH-001,2024-07-07,421.2,379.1,463.3,moving_average
SKU-1017,WH-001,2024-07-08,421.2,379.1,463.3,moving_average
SKU-1017,WH-001,2024-07-09,421.2,379.1,463.3,moving_average
SKU-1017,WH-001,2024-07-10,421.2,379.1,463.3,moving_average
SKU-1017,WH-001,2024-07-11,421.2,379.1,463.3,moving_average
SKU-1017,WH-001,2024-07-12,421.2,379.1,463.3,moving_average
SKU-1017,WH-001,2024-07-13,421.2,379.1,463.3,moving_average
SKU-1017,WH-001,2024-07-14,421.2,379.1,463.3,moving_average
SKU-1017,WH-001,2024-07-15,421.2,379.1,463.3,moving_average
SKU-1017,WH-001,2024-07-16,421.2,379.1,463.3,moving_average
SKU-1017,WH-001,2024-07-17,421.2,379.1,463.3,moving_average
SKU-1017,WH-001,2024-07-18,421.2,379.1,463.3,moving_average
SKU-1017,WH-001,2024-07-19,501.7,451.5,551.8,moving_average
SKU-1017,WH-001,2024-07-20,501.7,451.5,551.8,moving_average
SKU-1017,WH-001,2024-07-21,501.7,451.5,551.8,moving_average
SKU-1017,WH-001,2024-07-22,501.7,451.5,551.8,moving_average
SKU-1017,WH-001,2024-07-23,501.7,451.5,551.8,moving_average
SKU-1017,WH-001,2024-07-24,501.7,451.5,551.8,moving_average
SKU-1017,WH-001,2024-07-25,421.2,379.1,463.3,moving_average
SKU-1017,WH-001,2024-07-26,421.2,379.1,463.3,moving_average
SKU-1017,WH-001,2024-07-27,421.2,379.1,463.3,moving_average
SKU-1017,WH-001,2024-07-28,421.2,379.1,463.3,moving_average
SKU-1017,WH-001,2024-07-29,421.2,379.1,463.3,moving_average
SKU-1017,WH-001,2024-07-30,421.2,379.1,463.3,moving_average
SKU-1017,WH-001,2024-07-31,421.2,379.1,463.3,moving_average
SKU-1017,WH-001,2024-08-01,421.2,379.1,463.3,moving_average
SKU-1017,WH-001,2024-08-02,421.2,379.1,463.3,moving_average
SKU-1017,WH-001,2024-08-03,421.2,379.1,463.3,moving_average
SKU-1017,WH-001,2024-08-04,421.2,379.1,463.3,moving_average
SKU-1017,WH-001,2024-08-05,421.2,379.1,463.3,moving_average
SKU-1017,WH-001,2024-08-06,421.2,379.1,463.3,moving_average
SKU-1017,WH-001,2024-08-07,421.2,379.1,463.3,moving_average
SKU-1017,WH-001,2024-08-08,421.2,379.1,463.3,moving_average
SKU-1017,WH-001,2024-08-09,421.2,379.1,463.3,moving_average
SKU-1017,WH-001,2024-08-10,421.2,379.1,463.3,moving_average
SKU-1017,WH-001,2024-08-11,421.2,379.1,463.3,moving_average
SKU-1017,WH-001,2024-08-12,421.2,379.1,463.3,moving_average
SKU-1017,WH-001,2024-08-13,421.2,379.1,463.3,moving_average
SKU-1017,WH-001,2024-08-14,421.2,379.1,463.3,moving_average
SKU-1017,WH-001,2024-08-15,421.2,379.1,463.3,moving_average
SKU-1017,WH-001,2024-08-16,421.2,379.1,463.3,moving_average
SKU-1017,WH-001,2024-08-17,421.2,379.1,463.3,moving_average
SKU-1017,WH-001,2024-08-18,421.2,379.1,463.3,moving_average
SKU-1017,WH-001,2024-08-19,421.2,379.1,463.3,moving_average
SKU-1017,WH-001,2024-08-20,421.2,379.1,463.3,moving_average
SKU-1017,WH-001,2024-08-21,421.2,379.1,463.3,moving_average
SKU-1017,WH-001,2024-08-22,421.2,379.1,463.3,moving_average
SKU-1017,WH-001,2024-08-23,421.2,379.1,463.3,moving_average
SKU-1017,WH-001,2024-08-24,421.2,379.1,463.3,moving_average
SKU-1017,WH-001,2024-08-25,421.2,379.1,463.3,moving_average
SKU-1017,WH-001,2024-08-26,421.2,379.1,463.3,moving_average
SKU-1017,WH-001,2024-08-27,421.2,379.1,463.3,moving_average
SKU-1017,WH-001,2024-08-28,421.2,379.1,463.3,moving_average
SKU-1017,WH-001,2024-08-29,421.2,379.1,463.3,moving_average
SKU-1017,WH-001,2024-08-30,421.2,379.1,463.3,moving_average
SKU-1017,WH-001,2024-08-31,421.2,379.1,463.3,moving_average
SKU-1017,WH-001,2024-09-01,421.2,379.1,463.3,moving_average
SKU-1017,WH-001,2024-09-02,421.2,379.1,463.3,moving_average
SKU-1017,WH-001,2024-09-03,421.2,379.1,463.3,moving_average
SKU-1017,WH-001,2024-09-04,421.2,379.1,463.3,moving_average
SKU-1017,WH-001,2024-09-05,421.2,379.1,463.3,moving_average
SKU-1017,WH-001,2024-09-06,421.2,379.1,463.3,moving_average
SKU-1017,WH-001,2024-09-07,421.2,379.1,463.3,moving_average
SKU-1017,WH-001,2024-09-08,421.2,379.1,463.3,moving_average
SKU-1017,WH-001,2024-09-09,421.2,379.1,463.3,moving_average
SKU-1017,WH-001,2024-09-10,421.2,379.1,463.3,moving_average
SKU-1017,WH-001,2024-09-11,421.2,379.1,463.3,moving_average
SKU-1017,WH-001,2024-09-12,421.2,379.1,463.3,moving_average
SKU-1017,WH-001,2024-09-13,421.2,379.1,463.3,moving_average
SKU-1017,WH-001,2024-09-14,421.2,379.1,463.3,moving_average
SKU-1017,WH-001,2024-09-15,421.2,379.1,463.3,moving_average
SKU-1017,WH-001,2024-09-16,421.2,379.1,463.3,moving_average
SKU-1017,WH-001,2024-09-17,421.2,379.1,463.3,moving_average
SKU-1017,WH-001,2024-09-18,421.2,379.1,463.3,moving_average
SKU-1017,WH-001,2024-09-19,421.2,379.1,463.3,moving_average
SKU-1017,WH-001,2024-09-20,421.2,379.1,463.3,moving_average
SKU-1017,WH-001,2024-09-21,421.2,379.1,463.3,moving_average
SKU-1017,WH-001,2024-09-22,421.2,379.1,463.3,moving_average
SKU-1017,WH-001,2024-09-23,421.2,379.1,463.3,moving_average
SKU-1017,WH-001,2024-09-24,421.2,379.1,463.3,moving_average
SKU-1017,WH-001,2024-09-25,421.2,379.1,463.3,moving_average
SKU-1017,WH-001,2024-09-26,421.2,379.1,463.3,moving_average
SKU-1017,WH-002,2024-06-29,419.8,377.8,461.8,moving_average
SKU-1017,WH-002,2024-06-30,419.8,377.8,461.8,moving_average
SKU-1017,WH-002,2024-07-01,419.8,377.8,461.8,moving_average
SKU-1017,WH-002,2024-07-02,419.8,377.8,461.8,moving_average
SKU-1017,WH-002,2024-07-03,419.8,377.8,461.8,moving_average
SKU-1017,WH-002,2024-07-04,419.8,377.8,461.8,moving_average
SKU-1017,WH-002,2024-07-05,419.8,377.8,461.8,moving_average
SKU-1017,WH-002,2024-07-06,419.8,377.8,461.8,moving_average
SKU-1017,WH-002,2024-07-07,419.8,377.8,461.8,moving_average
SKU-1017,WH-002,2024-07-08,419.8,377.8,461.8,moving_average
SKU-1017,WH-002,2024-07-09,419.8,377.8,461.8,moving_average
SKU-1017,WH-002,2024-07-10,419.8,377.8,461.8,moving_average
SKU-1017,WH-002,2024-07-11,419.8,377.8,461.8,moving_average
SKU-1017,WH-002,2024-07-12,419.8,377.8,461.8,moving_average
SKU-1017,WH-002,2024-07-13,419.8,377.8,461.8,moving_average
SKU-1017,WH-002,2024-07-14,419.8,377.8,461.8,moving_average
SKU-1017,WH-002,2024-07-15,419.8,377.8,461.8,moving_average
SKU-1017,WH-002,2024-07-16,419.8,377.8,461.8,moving_average
SKU-1017,WH-002,2024-07-17,419.8,377.8,461.8,moving_average
SKU-1017,WH-002,2024-07-18,419.8,377.8,461.8,moving_average
SKU-1017,WH-002,2024-07-19,419.8,377.8,461.8,moving_average
SKU-1017,WH-002,2024-07-20,419.8,377.8,461.8,moving_average
SKU-1017,WH-002,2024-07-21,419.8,377.8,461.8,moving_average
SKU-1017,WH-002,2024-07-22,419.8,377.8,461.8,moving_average
SKU-1017,WH-002,2024-07-23,419.8,377.8,461.8,moving_average
SKU-1017,WH-002,2024-07-24,419.8,377.8,461.8,moving_average
SKU-1017,WH-002,2024-07-25,419.8,377.8,461.8,moving_average
SKU-1017,WH-002,2024-07-26,419.8,377.8,461.8,moving_average
SKU-1017,WH-002,2024-07-27,419.8,377.8,461.8,moving_average
SKU-1017,WH-002,2024-07-28,419.8,377.8,461.8,moving_average
SKU-1017,WH-002,2024-07-29,419.8,377.8,461.8,moving_average
SKU-1017,WH-002,2024-07-30,419.8,377.8,461.8,moving_average
SKU-1017,WH-002,2024-07-31,419.8,377.8,461.8,moving_average
SKU-1017,WH-002,2024-08-01,419.8,377.8,461.8,moving_average
SKU-1017,WH-002,2024-08-02,419.8,377.8,461.8,moving_average
SKU-1017,WH-002,2024-08-03,419.8,377.8,461.8,moving_average
SKU-1017,WH-002,2024-08-04,419.8,377.8,461.8,moving_average
SKU-1017,WH-002,2024-08-05,419.8,377.8,461.8,moving_average
SKU-1017,WH-002,2024-08-06,419.8,377.8,461.8,moving_average
SKU-1017,WH-002,2024-08-07,419.8,377.8,461.8,moving_average
SKU-1017,WH-002,2024-08-08,419.8,377.8,461.8,moving_average
SKU-1017,WH-002,2024-08-09,419.8,377.8,461.8,moving_average
SKU-1017,WH-002,2024-08-10,419.8,377.8,461.8,moving_average
SKU-1017,WH-002,2024-08-11,419.8,377.8,461.8,moving_average
SKU-1017,WH-002,2024-08-12,419.8,377.8,461.8,moving_average
SKU-1017,WH-002,2024-08-13,419.8,377.8,461.8,moving_average
SKU-1017,WH-002,2024-08-14,419.8,377.8,461.8,moving_average
SKU-1017,WH-002,2024-08-15,419.8,377.8,461.8,moving_average
SKU-1017,WH-002,2024-08-16,419.8,377.8,461.8,moving_average
SKU-1017,WH-002,2024-08-17,419.8,377.8,461.8,moving_average
SKU-1017,WH-002,2024-08-18,419.8,377.8,461.8,moving_average
SKU-1017,WH-002,2024-08-19,419.8,377.8,461.8,moving_average
SKU-1017,WH-002,2024-08-20,419.8,377.8,461.8,moving_average
SKU-1017,WH-002,2024-08-21,419.8,377.8,461.8,moving_average
SKU-1017,WH-002,2024-08-22,419.8,377.8,461.8,moving_average
SKU-1017,WH-002,2024-08-23,419.8,377.8,461.8,moving_average
SKU-1017,WH-002,2024-08-24,419.8,377.8,461.8,moving_average
SKU-1017,WH-002,2024-08-25,419.8,377.8,461.8,moving_average
SKU-1017,WH-002,2024-08-26,419.8,377.8,461.8,moving_average
SKU-1017,WH-002,2024-08-27,419.8,377.8,461.8,moving_average
SKU-1017,WH-002,2024-08-28,419.8,377.8,461.8,moving_average
SKU-1017,WH-002,2024-08-29,419.8,377.8,461.8,moving_average
SKU-1017,WH-002,2024-08-30,419.8,377.8,461.8,moving_average
SKU-1017,WH-002,2024-08-31,419.8,377.8,461.8,moving_average
SKU-1017,WH-002,2024-09-01,419.8,377.8,461.8,moving_average
SKU-1017,WH-002,2024-09-02,419.8,377.8,461.8,moving_average
SKU-1017,WH-002,2024-09-03,419.8,377.8,461.8,moving_average
SKU-1017,WH-002,2024-09-04,419.8,377.8,461.8,moving_average
SKU-1017,WH-002,2024-09-05,419.8,377.8,461.8,moving_average
SKU-1017,WH-002,2024-09-06,419.8,377.8,461.8,moving_average
SKU-1017,WH-002,2024-09-07,419.8,377.8,461.8,moving_average
SKU-1017,WH-002,2024-09-08,419.8,377.8,461.8,moving_average
SKU-1017,WH-002,2024-09-09,419.8,377.8,461.8,moving_average
SKU-1017,WH-002,2024-09-10,419.8,377.8,461.8,moving_average
SKU-1017,WH-002,2024-09-11,419.8,377.8,461.8,moving_average
SKU-1017,WH-002,2024-09-12,419.8,377.8,461.8,moving_average
SKU-1017,WH-002,2024-09-13,419.8,377.8,461.8,moving_average
SKU-1017,WH-002,2024-09-14,419.8,377.8,461.8,moving_average
SKU-1017,WH-002,2024-09-15,419.8,377.8,461.8,moving_average
SKU-1017,WH-002,2024-09-16,419.8,377.8,461.8,moving_average
SKU-1017,WH-002,2024-09-17,419.8,377.8,461.8,moving_average
SKU-1017,WH-002,2024-09-18,419.8,377.8,461.8,moving_average
SKU-1017,WH-002,2024-09-19,419.8,377.8,461.8,moving_average
SKU-1017,WH-002,2024-09-20,419.8,377.8,461.8,moving_average
SKU-1017,WH-002,2024-09-21,419.8,377.8,461.8,moving_average
SKU-1017,WH-002,2024-09-22,419.8,377.8,461.8,moving_average
SKU-1017,WH-002,2024-09-23,419.8,377.8,461.8,moving_average
SKU-1017,WH-002,2024-09-24,419.8,377.8,461.8,moving_average
SKU-1017,WH-002,2024-09-25,419.8,377.8,461.8,moving_average
SKU-1017,WH-002,2024-09-26,419.8,377.8,461.8,moving_average
SKU-1017,WH-003,2024-06-29,397.6,337.9,457.2,exponential_smoothing
SKU-1017,WH-003,2024-06-30,375.8,319.4,432.2,exponential_smoothing
SKU-1017,WH-003,2024-07-01,475.0,403.7,546.2,exponential_smoothing
SKU-1017,WH-003,2024-07-02,444.7,378.0,511.4,exponential_smoothing
SKU-1017,WH-003,2024-07-03,444.9,378.1,511.6,exponential_smoothing
SKU-1017,WH-003,2024-07-04,422.6,359.2,486.0,exponential_smoothing
SKU-1017,WH-003,2024-07-05,423.6,360.1,487.1,exponential_smoothing
SKU-1017,WH-003,2024-07-06,400.0,340.0,460.0,exponential_smoothing
SKU-1017,WH-003,2024-07-07,378.2,321.5,434.9,exponential_smoothing
SKU-1017,WH-003,2024-07-08,477.4,405.8,549.0,exponential_smoothing
SKU-1017,WH-003,2024-07-09,447.1,380.1,514.2,exponential_smoothing
SKU-1017,WH-003,2024-07-10,447.3,380.2,514.4,exponential_smoothing
SKU-1017,WH-003,2024-07-11,425.0,361.2,488.7,exponential_smoothing
SKU-1017,WH-003,2024-07-12,426.0,362.1,489.9,exponential_smoothing
SKU-1017,WH-003,2024-07-13,402.4,342.0,462.7,exponential_smoothing
SKU-1017,WH-003,2024-07-14,380.6,323.5,437.7,exponential_smoothing
SKU-1017,WH-003,2024-07-15,479.8,407.8,551.7,exponential_smoothing
SKU-1017,WH-003,2024-07-16,449.5,382.1,517.0,exponential_smoothing
SKU-1017,WH-003,2024-07-17,449.7,382.2,517.1,exponential_smoothing
SKU-1017,WH-003,2024-07-18,427.4,363.3,491.5,exponential_smoothing
SKU-1017,WH-003,2024-07-19,428.4,364.1,492.7,exponential_smoothing
SKU-1017,WH-003,2024-07-20,404.8,344.0,465.5,exponential_smoothing
SKU-1017,WH-003,2024-07-21,383.0,325.5,440.4,exponential_smoothing
SKU-1017,WH-003,2024-07-22,482.2,409.8,554.5,exponential_smoothing
SKU-1017,WH-003,2024-07-23,451.9,384.1,519.7,exponential_smoothing
SKU-1017,WH-003,2024-07-24,452.1,384.3,519.9,exponential_smoothing
SKU-1017,WH-003,2024-07-25,429.8,365.3,494.2,exponential_smoothing
SKU-1017,WH-003,2024-07-26,430.8,366.2,495.4,exponential_smoothing
SKU-1017,WH-003,2024-07-27,407.2,346.1,468.2,exponential_smoothing
SKU-1017,WH-003,2024-07-28,385.4,327.6,443.2,exponential_smoothing
SKU-1017,WH-003,2024-07-29,484.6,411.9,557.2,exponential_smoothing
SKU-1017,WH-003,2024-07-30,454.3,386.2,522.5,exponential_smoothing
SKU-1017,WH-003,2024-07-31,454.5,386.3,522.6,exponential_smoothing
SKU-1017,WH-003,2024-08-01,432.2,367.3,497.0,exponential_smoothing
SKU-1017,WH-003,2024-08-02,433.2,368.2,498.2,exponential_smoothing
SKU-1017,WH-003,2024-08-03,409.6,348.1,471.0,exponential_smoothing
SKU-1017,WH-003,2024-08-04,387.8,329.6,446.0,exponential_smoothing
SKU-1017,WH-003,2024-08-05,487.0,413.9,560.0,exponential_smoothing
SKU-1017,WH-003,2024-08-06,456.7,388.2,525.2,exponential_smoothing
SKU-1017,WH-003,2024-08-07,456.9,388.3,525.4,exponential_smoothing
SKU-1017,WH-003,2024-08-08,434.6,369.4,499.8,exponential_smoothing
SKU-1017,WH-003,2024-08-09,435.6,370.3,500.9,exponential_smoothing
SKU-1017,WH-003,2024-08-10,412.0,350.2,473.7,exponential_smoothing
SKU-1017,WH-003,2024-08-11,390.2,331.7,448.7,exponential_smoothing
SKU-1017,WH-003,2024-08-12,489.4,415.9,562.8,exponential_smoothing
SKU-1017,WH-003,2024-08-13,459.1,390.3,528.0,exponential_smoothing
SKU-1017,WH-003,2024-08-14,459.3,390.4,528.1,exponential_smoothing
SKU-1017,WH-003,2024-08-15,437.0,371.4,502.5,exponential_smoothing
SKU-1017,WH-003,2024-08-16,438.0,372.3,503.7,exponential_smoothing
SKU-1017,WH-003,2024-08-17,414.4,352.2,476.5,exponential_smoothing
SKU-1017,WH-003,2024-08-18,392.6,333.7,451.5,exponential_smoothing
SKU-1017,WH-003,2024-08-19,491.8,418.0,565.5,exponential_smoothing
SKU-1017,WH-003,2024-08-20,461.5,392.3,530.7,exponential_smoothing
SKU-1017,WH-003,2024-08-21,461.7,392.4,530.9,exponential_smoothing
SKU-1017,WH-003,2024-08-22,439.4,373.5,505.3,exponential_smoothing
SKU-1017,WH-003,2024-08-23,440.4,374.3,506.5,exponential_smoothing
SKU-1017,WH-003,2024-08-24,416.7,354.2,479.3,exponential_smoothing
SKU-1017,WH-003,2024-08-25,395.0,335.7,454.2,exponential_smoothing
SKU-1017,WH-003,2024-08-26,494.1,420.0,568.3,exponential_smoothing
SKU-1017,WH-003,2024-08-27,463.9,394.3,533.5,exponential_smoothing
SKU-1017,WH-003,2024-08-28,464.1,394.4,533.7,exponential_smoothing
SKU-1017,WH-003,2024-08-29,441.8,375.5,508.0,exponential_smoothing
SKU-1017,WH-003,2024-08-30,442.8,376.4,509.2,exponential_smoothing
SKU-1017,WH-003,2024-08-31,419.1,356.3,482.0,exponential_smoothing
SKU-1017,WH-003,2024-09-01,397.4,337.8,457.0,exponential_smoothing
SKU-1017,WH-003,2024-09-02,496.5,422.1,571.0,exponential_smoothing
SKU-1017,WH-003,2024-09-03,466.3,396.4,536.3,exponential_smoothing
SKU-1017,WH-003,2024-09-04,466.5,396.5,536.4,exponential_smoothing
SKU-1017,WH-003,2024-09-05,444.2,377.5,510.8,exponential_smoothing
SKU-1017,WH-003,2024-09-06,445.2,378.4,512.0,exponential_smoothing
SKU-1017,WH-003,2024-09-07,421.5,358.3,484.8,exponential_smoothing
SKU-1017,WH-003,2024-09-08,399.8,339.8,459.7,exponential_smoothing
SKU-1017,WH-003,2024-09-09,498.9,424.1,573.8,exponential_smoothing
SKU-1017,WH-003,2024-09-10,468.7,398.4,539.0,exponential_smoothing
SKU-1017,WH-003,2024-09-11,468.9,398.5,539.2,exponential_smoothing
SKU-1017,WH-003,2024-09-12,446.6,379.6,513.5,exponential_smoothing
SKU-1017,WH-003,2024-09-13,447.6,380.5,514.7,exponential_smoothing
SKU-1017,WH-003,2024-09-14,423.9,360.4,487.5,exponential_smoothing
SKU-1017,WH-003,2024-09-15,402.2,341.9,462.5,exponential_smoothing
SKU-1017,WH-003,2024-09-16,501.3,426.1,576.5,exponential_smoothing
SKU-1017,WH-003,2024-09-17,471.1,400.4,541.8,exponential_smoothing
SKU-1017,WH-003,2024-09-18,471.3,400.6,541.9,exponential_smoothing
SKU-1017,WH-003,2024-09-19,449.0,381.6,516.3,exponential_smoothing
SKU-1017,WH-003,2024-09-20,450.0,382.5,517.5,exponential_smoothing
SKU-1017,WH-003,2024-09-21,426.3,362.4,490.3,exponential_smoothing
SKU-1017,WH-003,2024-09-22,404.6,343.9,465.3,exponential_smoothing
SKU-1017,WH-003,2024-09-23,503.7,428.2,579.3,exponential_smoothing
SKU-1017,WH-003,2024-09-24,473.5,402.5,544.5,exponential_smoothing
SKU-1017,WH-003,2024-09-25,473.7,402.6,544.7,exponential_smoothing
SKU-1017,WH-003,2024-09-26,451.4,383.7,519.1,exponential_smoothing
SKU-1017,WH-004,2024-06-29,489.9,440.9,538.8,moving_average
SKU-1017,WH-004,2024-06-30,489.9,440.9,538.8,moving_average
SKU-1017,WH-004,2024-07-01,489.9,440.9,538.8,moving_average
SKU-1017,WH-004,2024-07-02,489.9,440.9,538.8,moving_average
SKU-1017,WH-004,2024-07-03,489.9,440.9,538.8,moving_average
SKU-1017,WH-004,2024-07-04,489.9,440.9,538.8,moving_average
SKU-1017,WH-004,2024-07-05,489.9,440.9,538.8,moving_average
SKU-1017,WH-004,2024-07-06,489.9,440.9,538.8,moving_average
SKU-1017,WH-004,2024-07-07,489.9,440.9,538.8,moving_average
SKU-1017,WH-004,2024-07-08,489.9,440.9,538.8,moving_average
SKU-1017,WH-004,2024-07-09,489.9,440.9,538.8,moving_average
SKU-1017,WH-004,2024-07-10,489.9,440.9,538.8,moving_average
SKU-1017,WH-004,2024-07-11,489.9,440.9,538.8,moving_average
SKU-1017,WH-004,2024-07-12,489.9,440.9,538.8,moving_average
SKU-1017,WH-004,2024-07-13,489.9,440.9,538.8,moving_average
SKU-1017,WH-004,2024-07-14,489.9,440.9,538.8,moving_average
SKU-1017,WH-004,2024-07-15,489.9,440.9,538.8,moving_average
SKU-1017,WH-004,2024-07-16,489.9,440.9,538.8,moving_average
SKU-1017,WH-004,2024-07-17,489.9,440.9,538.8,moving_average
SKU-1017,WH-004,2024-07-18,489.9,440.9,538.8,moving_average
SKU-1017,WH-004,2024-07-19,489.9,440.9,538.8,moving_average
SKU-1017,WH-004,2024-07-20,489.9,440.9,538.8,moving_average
SKU-1017,WH-004,2024-07-21,489.9,440.9,538.8,moving_average
SKU-1017,WH-004,2024-07-22,489.9,440.9,538.8,moving_average
SKU-1017,WH-004,2024-07-23,489.9,440.9,538.8,moving_average
SKU-1017,WH-004,2024-07-24,489.9,440.9,538.8,moving_average
SKU-1017,WH-004,2024-07-25,489.9,440.9,538.8,moving_average
SKU-1017,WH-004,2024-07-26,489.9,440.9,538.8,moving_average
SKU-1017,WH-004,2024-07-27,489.9,440.9,538.8,moving_average
SKU-1017,WH-004,2024-07-28,489.9,440.9,538.8,moving_average
SKU-1017,WH-004,2024-07-29,489.9,440.9,538.8,moving_average
SKU-1017,WH-004,2024-07-30,489.9,440.9,538.8,moving_average
SKU-1017,WH-004,2024-07-31,489.9,440.9,538.8,moving_average
SKU-1017,WH-004,2024-08-01,489.9,440.9,538.8,moving_average
SKU-1017,WH-004,2024-08-02,489.9,440.9,538.8,moving_average
SKU-1017,WH-004,2024-08-03,489.9,440.9,538.8,moving_average
SKU-1017,WH-004,2024-08-04,489.9,440.9,538.8,moving_average
SKU-1017,WH-004,2024-08-05,489.9,440.9,538.8,moving_average
SKU-1017,WH-004,2024-08-06,489.9,440.9,538.8,moving_average
SKU-1017,WH-004,2024-08-07,489.9,440.9,538.8,moving_average
SKU-1017,WH-004,2024-08-08,489.9,440.9,538.8,moving_average
SKU-1017,WH-004,2024-08-09,489.9,440.9,538.8,moving_average
SKU-1017,WH-004,2024-08-10,489.9,440.9,538.8,moving_average
SKU-1017,WH-004,2024-08-11,489.9,440.9,538.8,moving_average
SKU-1017,WH-004,2024-08-12,489.9,440.9,538.8,moving_average
SKU-1017,WH-004,2024-08-13,489.9,440.9,538.8,moving_average
SKU-1017,WH-004,2024-08-14,489.9,440.9,538.8,moving_average
SKU-1017,WH-004,2024-08-15,489.9,440.9,538.8,moving_average
SKU-1017,WH-004,2024-08-16,489.9,440.9,538.8,moving_average
SKU-1017,WH-004,2024-08-17,489.9,440.9,538.8,moving_average
SKU-1017,WH-004,2024-08-18,489.9,440.9,538.8,moving_average
SKU-1017,WH-004,2024-08-19,489.9,440.9,538.8,moving_average
SKU-1017,WH-004,2024-08-20,489.9,440.9,538.8,moving_average
SKU-1017,WH-004,2024-08-21,489.9,440.9,538.8,moving_average
SKU-1017,WH-004,2024-08-22,489.9,440.9,538.8,moving_average
SKU-1017,WH-004,2024-08-23,489.9,440.9,538.8,moving_average
SKU-1017,WH-004,2024-08-24,489.9,440.9,538.8,moving_average
SKU-1017,WH-004,2024-08-25,489.9,440.9,538.8,moving_average
SKU-1017,WH-004,2024-08-26,489.9,440.9,538.8,moving_average
SKU-1017,WH-004,2024-08-27,489.9,440.9,538.8,moving_average
SKU-1017,WH-004,2024-08-28,489.9,440.9,538.8,moving_average
SKU-1017,WH-004,2024-08-29,489.9,440.9,538.8,moving_average
SKU-1017,WH-004,2024-08-30,489.9,440.9,538.8,moving_average
SKU-1017,WH-004,2024-08-31,489.9,440.9,538.8,moving_average
SKU-1017,WH-004,2024-09-01,489.9,440.9,538.8,moving_average
SKU-1017,WH-004,2024-09-02,489.9,440.9,538.8,moving_average
SKU-1017,WH-004,2024-09-03,489.9,440.9,538.8,moving_average
SKU-1017,WH-004,2024-09-04,489.9,440.9,538.8,moving_average
SKU-1017,WH-004,2024-09-05,489.9,440.9,538.8,moving_average
SKU-1017,WH-004,2024-09-06,489.9,440.9,538.8,moving_average
SKU-1017,WH-004,2024-09-07,489.9,440.9,538.8,moving_average
SKU-1017,WH-004,2024-09-08,489.9,440.9,538.8,moving_average
SKU-1017,WH-004,2024-09-09,489.9,440.9,538.8,moving_average
SKU-1017,WH-004,2024-09-10,489.9,440.9,538.8,moving_average
SKU-1017,WH-004,2024-09-11,489.9,440.9,538.8,moving_average
SKU-1017,WH-004,2024-09-12,489.9,440.9,538.8,moving_average
SKU-1017,WH-004,2024-09-13,489.9,440.9,538.8,moving_average
SKU-1017,WH-004,2024-09-14,489.9,440.9,538.8,moving_average
SKU-1017,WH-004,2024-09-15,489.9,440.9,538.8,moving_average
SKU-1017,WH-004,2024-09-16,489.9,440.9,538.8,moving_average
SKU-1017,WH-004,2024-09-17,489.9,440.9,538.8,moving_average
SKU-1017,WH-004,2024-09-18,489.9,440.9,538.8,moving_average
SKU-1017,WH-004,2024-09-19,489.9,440.9,538.8,moving_average
SKU-1017,WH-004,2024-09-20,489.9,440.9,538.8,moving_average
SKU-1017,WH-004,2024-09-21,489.9,440.9,538.8,moving_average
SKU-1017,WH-004,2024-09-22,489.9,440.9,538.8,moving_average
SKU-1017,WH-004,2024-09-23,489.9,440.9,538.8,moving_average
SKU-1017,WH-004,2024-09-24,489.9,440.9,538.8,moving_average
SKU-1017,WH-004,2024-09-25,489.9,440.9,538.8,moving_average
SKU-1017,WH-004,2024-09-26,489.9,440.9,538.8,moving_average
SKU-1017,WH-005,2024-06-29,458.2,412.4,504.0,moving_average
SKU-1017,WH-005,2024-06-30,458.2,412.4,504.0,moving_average
SKU-1017,WH-005,2024-07-01,458.2,412.4,504.0,moving_average
SKU-1017,WH-005,2024-07-02,458.2,412.4,504.0,moving_average
SKU-1017,WH-005,2024-07-03,458.2,412.4,504.0,moving_average
SKU-1017,WH-005,2024-07-04,458.2,412.4,504.0,moving_average
SKU-1017,WH-005,2024-07-05,458.2,412.4,504.0,moving_average
SKU-1017,WH-005,2024-07-06,458.2,412.4,504.0,moving_average
SKU-1017,WH-005,2024-07-07,458.2,412.4,504.0,moving_average
SKU-1017,WH-005,2024-07-08,458.2,412.4,504.0,moving_average
SKU-1017,WH-005,2024-07-09,458.2,412.4,504.0,moving_average
SKU-1017,WH-005,2024-07-10,458.2,412.4,504.0,moving_average
SKU-1017,WH-005,2024-07-11,458.2,412.4,504.0,moving_average
SKU-1017,WH-005,2024-07-12,458.2,412.4,504.0,moving_average
SKU-1017,WH-005,2024-07-13,458.2,412.4,504.0,moving_average
SKU-1017,WH-005,2024-07-14,458.2,412.4,504.0,moving_average
SKU-1017,WH-005,2024-07-15,458.2,412.4,504.0,moving_average
SKU-1017,WH-005,2024-07-16,458.2,412.4,504.0,moving_average
SKU-1017,WH-005,2024-07-17,458.2,412.4,504.0,moving_average
SKU-1017,WH-005,2024-07-18,458.2,412.4,504.0,moving_average
SKU-1017,WH-005,2024-07-19,458.2,412.4,504.0,moving_average
SKU-1017,WH-005,2024-07-20,458.2,412.4,504.0,moving_average
SKU-1017,WH-005,2024-07-21,458.2,412.4,504.0,moving_average
SKU-1017,WH-005,2024-07-22,458.2,412.4,504.0,moving_average
SKU-1017,WH-005,2024-07-23,458.2,412.4,504.0,moving_average
SKU-1017,WH-005,2024-07-24,458.2,412.4,504.0,moving_average
SKU-1017,WH-005,2024-07-25,458.2,412.4,504.0,moving_average
SKU-1017,WH-005,2024-07-26,458.2,412.4,504.0,moving_average
SKU-1017,WH-005,2024-07-27,458.2,412.4,504.0,moving_average
SKU-1017,WH-005,2024-07-28,458.2,412.4,504.0,moving_average
SKU-1017,WH-005,2024-07-29,458.2,412.4,504.0,moving_average
SKU-1017,WH-005,2024-07-30,458.2,412.4,504.0,moving_average
SKU-1017,WH-005,2024-07-31,458.2,412.4,504.0,moving_average
SKU-1017,WH-005,2024-08-01,458.2,412.4,504.0,moving_average
SKU-1017,WH-005,2024-08-02,458.2,412.4,504.0,moving_average
SKU-1017,WH-005,2024-08-03,458.2,412.4,504.0,moving_average
SKU-1017,WH-005,2024-08-04,458.2,412.4,504.0,moving_average
SKU-1017,WH-005,2024-08-05,458.2,412.4,504.0,moving_average
SKU-1017,WH-005,2024-08-06,458.2,412.4,504.0,moving_average
SKU-1017,WH-005,2024-08-07,458.2,412.4,504.0,moving_average
SKU-1017,WH-005,2024-08-08,458.2,412.4,504.0,moving_average
SKU-1017,WH-005,2024-08-09,458.2,412.4,504.0,moving_average
SKU-1017,WH-005,2024-08-10,458.2,412.4,504.0,moving_average
SKU-1017,WH-005,2024-08-11,458.2,412.4,504.0,moving_average
SKU-1017,WH-005,2024-08-12,458.2,412.4,504.0,moving_average
SKU-1017,WH-005,2024-08-13,458.2,412.4,504.0,moving_average
SKU-1017,WH-005,2024-08-14,458.2,412.4,504.0,moving_average
SKU-1017,WH-005,2024-08-15,458.2,412.4,504.0,moving_average
SKU-1017,WH-005,2024-08-16,458.2,412.4,504.0,moving_average
SKU-1017,WH-005,2024-08-17,458.2,412.4,504.0,moving_average
SKU-1017,WH-005,2024-08-18,458.2,412.4,504.0,moving_average
SKU-1017,WH-005,2024-08-19,458.2,412.4,504.0,moving_average
SKU-1017,WH-005,2024-08-20,458.2,412.4,504.0,moving_average
SKU-1017,WH-005,2024-08-21,458.2,412.4,504.0,moving_average
SKU-1017,WH-005,2024-08-22,458.2,412.4,504.0,moving_average
SKU-1017,WH-005,2024-08-23,458.2,412.4,504.0,moving_average
SKU-1017,WH-005,2024-08-24,458.2,412.4,504.0,moving_average
SKU-1017,WH-005,2024-08-25,458.2,412.4,504.0,moving_average
SKU-1017,WH-005,2024-08-26,458.2,412.4,504.0,moving_average
SKU-1017,WH-005,2024-08-27,458.2,412.4,504.0,moving_average
SKU-1017,WH-005,2024-08-28,458.2,412.4,504.0,moving_average
SKU-1017,WH-005,2024-08-29,458.2,412.4,504.0,moving_average
SKU-1017,WH-005,2024-08-30,458.2,412.4,504.0,moving_average
SKU-1017,WH-005,2024-08-31,458.2,412.4,504.0,moving_average
SKU-1017,WH-005,2024-09-01,458.2,412.4,504.0,moving_average
SKU-1017,WH-005,2024-09-02,458.2,412.4,504.0,moving_average
SKU-1017,WH-005,2024-09-03,458.2,412.4,504.0,moving_average
SKU-1017,WH-005,2024-09-04,458.2,412.4,504.0,moving_average
SKU-1017,WH-005,2024-09-05,458.2,412.4,504.0,moving_average
SKU-1017,WH-005,2024-09-06,458.2,412.4,504.0,moving_average
SKU-1017,WH-005,2024-09-07,458.2,412.4,504.0,moving_average
SKU-1017,WH-005,2024-09-08,458.2,412.4,504.0,moving_average
SKU-1017,WH-005,2024-09-09,458.2,412.4,504.0,moving_average
SKU-1017,WH-005,2024-09-10,458.2,412.4,504.0,moving_average
SKU-1017,WH-005,2024-09-11,458.2,412.4,504.0,moving_average
SKU-1017,WH-005,2024-09-12,458.2,412.4,504.0,moving_average
SKU-1017,WH-005,2024-09-13,458.2,412.4,504.0,moving_average
SKU-1017,WH-005,2024-09-14,458.2,412.4,504.0,moving_average
SKU-1017,WH-005,2024-09-15,458.2,412.4,504.0,moving_average
SKU-1017,WH-005,2024-09-16,458.2,412.4,504.0,moving_average
SKU-1017,WH-005,2024-09-17,458.2,412.4,504.0,moving_average
SKU-1017,WH-005,2024-09-18,458.2,412.4,504.0,moving_average
SKU-1017,WH-005,2024-09-19,458.2,412.4,504.0,moving_average
SKU-1017,WH-005,2024-09-20,458.2,412.4,504.0,moving_average
SKU-1017,WH-005,2024-09-21,458.2,412.4,504.0,moving_average
SKU-1017,WH-005,2024-09-22,458.2,412.4,504.0,moving_average
SKU-1017,WH-005,2024-09-23,458.2,412.4,504.0,moving_average
SKU-1017,WH-005,2024-09-24,458.2,412.4,504.0,moving_average
SKU-1017,WH-005,2024-09-25,458.2,412.4,504.0,moving_average
SKU-1017,WH-005,2024-09-26,458.2,412.4,504.0,moving_average
SKU-1017,WH-006,2024-06-29,455.6,410.1,501.2,moving_average
SKU-1017,WH-006,2024-06-30,455.6,410.1,501.2,moving_average
SKU-1017,WH-006,2024-07-01,455.6,410.1,501.2,moving_average
SKU-1017,WH-006,2024-07-02,455.6,410.1,501.2,moving_average
SKU-1017,WH-006,2024-07-03,455.6,410.1,501.2,moving_average
SKU-1017,WH-006,2024-07-04,455.6,410.1,501.2,moving_average
SKU-1017,WH-006,2024-07-05,455.6,410.1,501.2,moving_average
SKU-1017,WH-006,2024-07-06,455.6,410.1,501.2,moving_average
SKU-1017,WH-006,2024-07-07,455.6,410.1,501.2,moving_average
SKU-1017,WH-006,2024-07-08,455.6,410.1,501.2,moving_average
SKU-1017,WH-006,2024-07-09,455.6,410.1,501.2,moving_average
SKU-1017,WH-006,2024-07-10,455.6,410.1,501.2,moving_average
SKU-1017,WH-006,2024-07-11,455.6,410.1,501.2,moving_average
SKU-1017,WH-006,2024-07-12,455.6,410.1,501.2,moving_average
SKU-1017,WH-006,2024-07-13,455.6,410.1,501.2,moving_average
SKU-1017,WH-006,2024-07-14,455.6,410.1,501.2,moving_average
SKU-1017,WH-006,2024-07-15,455.6,410.1,501.2,moving_average
SKU-1017,WH-006,2024-07-16,455.6,410.1,501.2,moving_average
SKU-1017,WH-006,2024-07-17,455.6,410.1,501.2,moving_average
SKU-1017,WH-006,2024-07-18,455.6,410.1,501.2,moving_average
SKU-1017,WH-006,2024-07-19,455.6,410.1,501.2,moving_average
SKU-1017,WH-006,2024-07-20,455.6,410.1,501.2,moving_average
SKU-1017,WH-006,2024-07-21,455.6,410.1,501.2,moving_average
SKU-1017,WH-006,2024-07-22,455.6,410.1,501.2,moving_average
SKU-1017,WH-006,2024-07-23,455.6,410.1,501.2,moving_average
SKU-1017,WH-006,2024-07-24,455.6,410.1,501.2,moving_average
SKU-1017,WH-006,2024-07-25,455.6,410.1,501.2,moving_average
SKU-1017,WH-006,2024-07-26,455.6,410.1,501.2,moving_average
SKU-1017,WH-006,2024-07-27,455.6,410.1,501.2,moving_average
SKU-1017,WH-006,2024-07-28,455.6,410.1,501.2,moving_average
SKU-1017,WH-006,2024-07-29,455.6,410.1,501.2,moving_average
SKU-1017,WH-006,2024-07-30,455.6,410.1,501.2,moving_average
SKU-1017,WH-006,2024-07-31,455.6,410.1,501.2,moving_average
SKU-1017,WH-006,2024-08-01,455.6,410.1,501.2,moving_average
SKU-1017,WH-006,2024-08-02,455.6,410.1,501.2,moving_average
SKU-1017,WH-006,2024-08-03,455.6,410.1,501.2,moving_average
SKU-1017,WH-006,2024-08-04,455.6,410.1,501.2,moving_average
SKU-1017,WH-006,2024-08-05,455.6,410.1,501.2,moving_average
SKU-1017,WH-006,2024-08-06,455.6,410.1,501.2,moving_average
SKU-1017,WH-006,2024-08-07,455.6,410.1,501.2,moving_average
SKU-1017,WH-006,2024-08-08,455.6,410.1,501.2,moving_average
SKU-1017,WH-006,2024-08-09,455.6,410.1,501.2,moving_average
SKU-1017,WH-006,2024-08-10,455.6,410.1,501.2,moving_average
SKU-1017,WH-006,2024-08-11,455.6,410.1,501.2,moving_average
SKU-1017,WH-006,2024-08-12,455.6,410.1,501.2,moving_average
SKU-1017,WH-006,2024-08-13,455.6,410.1,501.2,moving_average
SKU-1017,WH-006,2024-08-14,455.6,410.1,501.2,moving_average
SKU-1017,WH-006,2024-08-15,455.6,410.1,501.2,moving_average
SKU-1017,WH-006,2024-08-16,455.6,410.1,501.2,moving_average
SKU-1017,WH-006,2024-08-17,455.6,410.1,501.2,moving_average
SKU-1017,WH-006,2024-08-18,455.6,410.1,501.2,moving_average
SKU-1017,WH-006,2024-08-19,455.6,410.1,501.2,moving_average
SKU-1017,WH-006,2024-08-20,455.6,410.1,501.2,moving_average
SKU-1017,WH-006,2024-08-21,455.6,410.1,501.2,moving_average
SKU-1017,WH-006,2024-08-22,455.6,410.1,501.2,moving_average
SKU-1017,WH-006,2024-08-23,455.6,410.1,501.2,moving_average
SKU-1017,WH-006,2024-08-24,455.6,410.1,501.2,moving_average
SKU-1017,WH-006,2024-08-25,455.6,410.1,501.2,moving_average
SKU-1017,WH-006,2024-08-26,455.6,410.1,501.2,moving_average
SKU-1017,WH-006,2024-08-27,455.6,410.1,501.2,moving_average
SKU-1017,WH-006,2024-08-28,455.6,410.1,501.2,moving_average
SKU-1017,WH-006,2024-08-29,455.6,410.1,501.2,moving_average
SKU-1017,WH-006,2024-08-30,455.6,410.1,501.2,moving_average
SKU-1017,WH-006,2024-08-31,455.6,410.1,501.2,moving_average
SKU-1017,WH-006,2024-09-01,455.6,410.1,501.2,moving_average
SKU-1017,WH-006,2024-09-02,455.6,410.1,501.2,moving_average
SKU-1017,WH-006,2024-09-03,455.6,410.1,501.2,moving_average
SKU-1017,WH-006,2024-09-04,455.6,410.1,501.2,moving_average
SKU-1017,WH-006,2024-09-05,455.6,410.1,501.2,moving_average
SKU-1017,WH-006,2024-09-06,455.6,410.1,501.2,moving_average
SKU-1017,WH-006,2024-09-07,455.6,410.1,501.2,moving_average
SKU-1017,WH-006,2024-09-08,455.6,410.1,501.2,moving_average
SKU-1017,WH-006,2024-09-09,455.6,410.1,501.2,moving_average
SKU-1017,WH-006,2024-09-10,455.6,410.1,501.2,moving_average
SKU-1017,WH-006,2024-09-11,455.6,410.1,501.2,moving_average
SKU-1017,WH-006,2024-09-12,455.6,410.1,501.2,moving_average
SKU-1017,WH-006,2024-09-13,455.6,410.1,501.2,moving_average
SKU-1017,WH-006,2024-09-14,455.6,410.1,501.2,moving_average
SKU-1017,WH-006,2024-09-15,455.6,410.1,501.2,moving_average
SKU-1017,WH-006,2024-09-16,455.6,410.1,501.2,moving_average
SKU-1017,WH-006,2024-09-17,455.6,410.1,501.2,moving_average
SKU-1017,WH-006,2024-09-18,455.6,410.1,501.2,moving_average
SKU-1017,WH-006,2024-09-19,455.6,410.1,501.2,moving_average
SKU-1017,WH-006,2024-09-20,455.6,410.1,501.2,moving_average
SKU-1017,WH-006,2024-09-21,455.6,410.1,501.2,moving_average
SKU-1017,WH-006,2024-09-22,455.6,410.1,501.2,moving_average
SKU-1017,WH-006,2024-09-23,455.6,410.1,501.2,moving_average
SKU-1017,WH-006,2024-09-24,455.6,410.1,501.2,moving_average
SKU-1017,WH-006,2024-09-25,455.6,410.1,501.2,moving_average
SKU-1017,WH-006,2024-09-26,455.6,410.1,501.2,moving_average
SKU-1017,WH-007,2024-06-29,431.0,387.9,474.1,moving_average
SKU-1017,WH-007,2024-06-30,431.0,387.9,474.1,moving_average
SKU-1017,WH-007,2024-07-01,431.0,387.9,474.1,moving_average
SKU-1017,WH-007,2024-07-02,431.0,387.9,474.1,moving_average
SKU-1017,WH-007,2024-07-03,431.0,387.9,474.1,moving_average
SKU-1017,WH-007,2024-07-04,431.0,387.9,474.1,moving_average
SKU-1017,WH-007,2024-07-05,431.0,387.9,474.1,moving_average
SKU-1017,WH-007,2024-07-06,431.0,387.9,474.1,moving_average
SKU-1017,WH-007,2024-07-07,431.0,387.9,474.1,moving_average
SKU-1017,WH-007,2024-07-08,431.0,387.9,474.1,moving_average
SKU-1017,WH-007,2024-07-09,431.0,387.9,474.1,moving_average
SKU-1017,WH-007,2024-07-10,431.0,387.9,474.1,moving_average
SKU-1017,WH-007,2024-07-11,431.0,387.9,474.1,moving_average
SKU-1017,WH-007,2024-07-12,431.0,387.9,474.1,moving_average
SKU-1017,WH-007,2024-07-13,431.0,387.9,474.1,moving_average
SKU-1017,WH-007,2024-07-14,431.0,387.9,474.1,moving_average
SKU-1017,WH-007,2024-07-15,431.0,387.9,474.1,moving_average
SKU-1017,WH-007,2024-07-16,431.0,387.9,474.1,moving_average
SKU-1017,WH-007,2024-07-17,431.0,387.9,474.1,moving_average
SKU-1017,WH-007,2024-07-18,431.0,387.9,474.1,moving_average
SKU-1017,WH-007,2024-07-19,431.0,387.9,474.1,moving_average
SKU-1017,WH-007,2024-07-20,431.0,387.9,474.1,moving_average
SKU-1017,WH-007,2024-07-21,431.0,387.9,474.1,moving_average
SKU-1017,WH-007,2024-07-22,431.0,387.9,474.1,moving_average
SKU-1017,WH-007,2024-07-23,431.0,387.9,474.1,moving_average
SKU-1017,WH-007,2024-07-24,431.0,387.9,474.1,moving_average
SKU-1017,WH-007,2024-07-25,431.0,387.9,474.1,moving_average
SKU-1017,WH-007,2024-07-26,431.0,387.9,474.1,moving_average
SKU-1017,WH-007,2024-07-27,431.0,387.9,474.1,moving_average
SKU-1017,WH-007,2024-07-28,431.0,387.9,474.1,moving_average
SKU-1017,WH-007,2024-07-29,431.0,387.9,474.1,moving_average
SKU-1017,WH-007,2024-07-30,431.0,387.9,474.1,moving_average
SKU-1017,WH-007,2024-07-31,431.0,387.9,474.1,moving_average
SKU-1017,WH-007,2024-08-01,431.0,387.9,474.1,moving_average
SKU-1017,WH-007,2024-08-02,431.0,387.9,474.1,moving_average
SKU-1017,WH-007,2024-08-03,431.0,387.9,474.1,moving_average
SKU-1017,WH-007,2024-08-04,431.0,387.9,474.1,moving_average
SKU-1017,WH-007,2024-08-05,431.0,387.9,474.1,moving_average
SKU-1017,WH-007,2024-08-06,431.0,387.9,474.1,moving_average
SKU-1017,WH-007,2024-08-07,431.0,387.9,474.1,moving_average
SKU-1017,WH-007,2024-08-08,431.0,387.9,474.1,moving_average
SKU-1017,WH-007,2024-08-09,431.0,387.9,474.1,moving_average
SKU-1017,WH-007,2024-08-10,431.0,387.9,474.1,moving_average
SKU-1017,WH-007,2024-08-11,431.0,387.9,474.1,moving_average
SKU-1017,WH-007,2024-08-12,431.0,387.9,474.1,moving_average
SKU-1017,WH-007,2024-08-13,431.0,387.9,474.1,moving_average
SKU-1017,WH-007,2024-08-14,431.0,387.9,474.1,moving_average
SKU-1017,WH-007,2024-08-15,431.0,387.9,474.1,moving_average
SKU-1017,WH-007,2024-08-16,431.0,387.9,474.1,moving_average
SKU-1017,WH-007,2024-08-17,431.0,387.9,474.1,moving_average
SKU-1017,WH-007,2024-08-18,431.0,387.9,474.1,moving_average
SKU-1017,WH-007,2024-08-19,431.0,387.9,474.1,moving_average
SKU-1017,WH-007,2024-08-20,431.0,387.9,474.1,moving_average
SKU-1017,WH-007,2024-08-21,431.0,387.9,474.1,moving_average
SKU-1017,WH-007,2024-08-22,431.0,387.9,474.1,moving_average
SKU-1017,WH-007,2024-08-23,431.0,387.9,474.1,moving_average
SKU-1017,WH-007,2024-08-24,431.0,387.9,474.1,moving_average
SKU-1017,WH-007,2024-08-25,431.0,387.9,474.1,moving_average
SKU-1017,WH-007,2024-08-26,431.0,387.9,474.1,moving_average
SKU-1017,WH-007,2024-08-27,431.0,387.9,474.1,moving_average
SKU-1017,WH-007,2024-08-28,431.0,387.9,474.1,moving_average
SKU-1017,WH-007,2024-08-29,431.0,387.9,474.1,moving_average
SKU-1017,WH-007,2024-08-30,431.0,387.9,474.1,moving_average
SKU-1017,WH-007,2024-08-31,431.0,387.9,474.1,moving_average
SKU-1017,WH-007,2024-09-01,431.0,387.9,474.1,moving_average
SKU-1017,WH-007,2024-09-02,431.0,387.9,474.1,moving_average
SKU-1017,WH-007,2024-09-03,431.0,387.9,474.1,moving_average
SKU-1017,WH-007,2024-09-04,431.0,387.9,474.1,moving_average
SKU-1017,WH-007,2024-09-05,431.0,387.9,474.1,moving_average
SKU-1017,WH-007,2024-09-06,431.0,387.9,474.1,moving_average
SKU-1017,WH-007,2024-09-07,431.0,387.9,474.1,moving_average
SKU-1017,WH-007,2024-09-08,431.0,387.9,474.1,moving_average
SKU-1017,WH-007,2024-09-09,431.0,387.9,474.1,moving_average
SKU-1017,WH-007,2024-09-10,431.0,387.9,474.1,moving_average
SKU-1017,WH-007,2024-09-11,431.0,387.9,474.1,moving_average
SKU-1017,WH-007,2024-09-12,431.0,387.9,474.1,moving_average
SKU-1017,WH-007,2024-09-13,431.0,387.9,474.1,moving_average
SKU-1017,WH-007,2024-09-14,431.0,387.9,474.1,moving_average
SKU-1017,WH-007,2024-09-15,431.0,387.9,474.1,moving_average
SKU-1017,WH-007,2024-09-16,431.0,387.9,474.1,moving_average
SKU-1017,WH-007,2024-09-17,431.0,387.9,474.1,moving_average
SKU-1017,WH-007,2024-09-18,431.0,387.9,474.1,moving_average
SKU-1017,WH-007,2024-09-19,431.0,387.9,474.1,moving_average
SKU-1017,WH-007,2024-09-20,431.0,387.9,474.1,moving_average
SKU-1017,WH-007,2024-09-21,431.0,387.9,474.1,moving_average
SKU-1017,WH-007,2024-09-22,431.0,387.9,474.1,moving_average
SKU-1017,WH-007,2024-09-23,431.0,387.9,474.1,moving_average
SKU-1017,WH-007,2024-09-24,431.0,387.9,474.1,moving_average
SKU-1017,WH-007,2024-09-25,431.0,387.9,474.1,moving_average
SKU-1017,WH-007,2024-09-26,431.0,387.9,474.1,moving_average
SKU-1018,WH-001,2024-06-29,98.1,88.3,107.9,moving_average
SKU-1018,WH-001,2024-06-30,98.1,88.3,107.9,moving_average
SKU-1018,WH-001,2024-07-01,98.1,88.3,107.9,moving_average
SKU-1018,WH-001,2024-07-02,98.1,88.3,107.9,moving_average
SKU-1018,WH-001,2024-07-03,98.1,88.3,107.9,moving_average
SKU-1018,WH-001,2024-07-04,98.1,88.3,107.9,moving_average
SKU-1018,WH-001,2024-07-05,98.1,88.3,107.9,moving_average
SKU-1018,WH-001,2024-07-06,98.1,88.3,107.9,moving_average
SKU-1018,WH-001,2024-07-07,98.1,88.3,107.9,moving_average
SKU-1018,WH-001,2024-07-08,98.1,88.3,107.9,moving_average
SKU-1018,WH-001,2024-07-09,98.1,88.3,107.9,moving_average
SKU-1018,WH-001,2024-07-10,98.1,88.3,107.9,moving_average
SKU-1018,WH-001,2024-07-11,98.1,88.3,107.9,moving_average
SKU-1018,WH-001,2024-07-12,98.1,88.3,107.9,moving_average
SKU-1018,WH-001,2024-07-13,98.1,88.3,107.9,moving_average
SKU-1018,WH-001,2024-07-14,98.1,88.3,107.9,moving_average
SKU-1018,WH-001,2024-07-15,98.1,88.3,107.9,moving_average
SKU-1018,WH-001,2024-07-16,98.1,88.3,107.9,moving_average
SKU-1018,WH-001,2024-07-17,98.1,88.3,107.9,moving_average
SKU-1018,WH-001,2024-07-18,98.1,88.3,107.9,moving_average
SKU-1018,WH-001,2024-07-19,98.1,88.3,107.9,moving_average
SKU-1018,WH-001,2024-07-20,98.1,88.3,107.9,moving_average
SKU-1018,WH-001,2024-07-21,98.1,88.3,107.9,moving_average
SKU-1018,WH-001,2024-07-22,98.1,88.3,107.9,moving_average
SKU-1018,WH-001,2024-07-23,98.1,88.3,107.9,moving_average
SKU-1018,WH-001,2024-07-24,98.1,88.3,107.9,moving_average
SKU-1018,WH-001,2024-07-25,98.1,88.3,107.9,moving_average
SKU-1018,WH-001,2024-07-26,98.1,88.3,107.9,moving_average
SKU-1018,WH-001,2024-07-27,98.1,88.3,107.9,moving_average
SKU-1018,WH-001,2024-07-28,98.1,88.3,107.9,moving_average
SKU-1018,WH-001,2024-07-29,98.1,88.3,107.9,moving_average
SKU-1018,WH-001,2024-07-30,98.1,88.3,107.9,moving_average
SKU-1018,WH-001,2024-07-31,98.1,88.3,107.9,moving_average
SKU-1018,WH-001,2024-08-01,98.1,88.3,107.9,moving_average
SKU-1018,WH-001,2024-08-02,98.1,88.3,107.9,moving_average
SKU-1018,WH-001,2024-08-03,98.1,88.3,107.9,moving_average
SKU-1018,WH-001,2024-08-04,98.1,88.3,107.9,moving_average
SKU-1018,WH-001,2024-08-05,98.1,88.3,107.9,moving_average
SKU-1018,WH-001,2024-08-06,98.1,88.3,107.9,moving_average
SKU-1018,WH-001,2024-08-07,98.1,88.3,107.9,moving_average
SKU-1018,WH-001,2024-08-08,98.1,88.3,107.9,moving_average
SKU-1018,WH-001,2024-08-09,98.1,88.3,107.9,moving_average
SKU-1018,WH-001,2024-08-10,98.1,88.3,107.9,moving_average
SKU-1018,WH-001,2024-08-11,98.1,88.3,107.9,moving_average
SKU-1018,WH-001,2024-08-12,98.1,88.3,107.9,moving_average
SKU-1018,WH-001,2024-08-13,98.1,88.3,107.9,moving_average
SKU-1018,WH-001,2024-08-14,98.1,88.3,107.9,moving_average
SKU-1018,WH-001,2024-08-15,98.1,88.3,107.9,moving_average
SKU-1018,WH-001,2024-08-16,98.1,88.3,107.9,moving_average
SKU-1018,WH-001,2024-08-17,98.1,88.3,107.9,moving_average
SKU-1018,WH-001,2024-08-18,98.1,88.3,107.9,moving_average
SKU-1018,WH-001,2024-08-19,98.1,88.3,107.9,moving_average
SKU-1018,WH-001,2024-08-20,98.1,88.3,107.9,moving_average
SKU-1018,WH-001,2024-08-21,98.1,88.3,107.9,moving_average
SKU-1018,WH-001,2024-08-22,98.1,88.3,107.9,moving_average
SKU-1018,WH-001,2024-08-23,98.1,88.3,107.9,moving_average
SKU-1018,WH-001,2024-08-24,98.1,88.3,107.9,moving_average
SKU-1018,WH-001,2024-08-25,98.1,88.3,107.9,moving_average
SKU-1018,WH-001,2024-08-26,98.1,88.3,107.9,moving_average
SKU-1018,WH-001,2024-08-27,98.1,88.3,107.9,moving_average
SKU-1018,WH-001,2024-08-28,98.1,88.3,107.9,moving_average
SKU-1018,WH-001,2024-08-29,98.1,88.3,107.9,moving_average
SKU-1018,WH-001,2024-08-30,98.1,88.3,107.9,moving_average
SKU-1018,WH-001,2024-08-31,98.1,88.3,107.9,moving_average
SKU-1018,WH-001,2024-09-01,98.1,88.3,107.9,moving_average
SKU-1018,WH-001,2024-09-02,145.5,131.0,160.1,moving_average
SKU-1018,WH-001,2024-09-03,145.5,131.0,160.1,moving_average
SKU-1018,WH-001,2024-09-04,145.5,131.0,160.1,moving_average
SKU-1018,WH-001,2024-09-05,145.5,131.0,160.1,moving_average
SKU-1018,WH-001,2024-09-06,145.5,131.0,160.1,moving_average
SKU-1018,WH-001,2024-09-07,145.5,131.0,160.1,moving_average
SKU-1018,WH-001,2024-09-08,145.5,131.0,160.1,moving_average
SKU-1018,WH-001,2024-09-09,145.5,131.0,160.1,moving_average
SKU-1018,WH-001,2024-09-10,145.5,131.0,160.1,moving_average
SKU-1018,WH-001,2024-09-11,145.5,131.0,160.1,moving_average
SKU-1018,WH-001,2024-09-12,145.5,131.0,160.1,moving_average
SKU-1018,WH-001,2024-09-13,145.5,131.0,160.1,moving_average
SKU-1018,WH-001,2024-09-14,98.1,88.3,107.9,moving_average
SKU-1018,WH-001,2024-09-15,98.1,88.3,107.9,moving_average
SKU-1018,WH-001,2024-09-16,98.1,88.3,107.9,moving_average
SKU-1018,WH-001,2024-09-17,98.1,88.3,107.9,moving_average
SKU-1018,WH-001,2024-09-18,98.1,88.3,107.9,moving_average
SKU-1018,WH-001,2024-09-19,98.1,88.3,107.9,moving_average
SKU-1018,WH-001,2024-09-20,98.1,88.3,107.9,moving_average
SKU-1018,WH-001,2024-09-21,98.1,88.3,107.9,moving_average
SKU-1018,WH-001,2024-09-22,98.1,88.3,107.9,moving_average
SKU-1018,WH-001,2024-09-23,98.1,88.3,107.9,moving_average
SKU-1018,WH-001,2024-09-24,98.1,88.3,107.9,moving_average
SKU-1018,WH-001,2024-09-25,98.1,88.3,107.9,moving_average
SKU-1018,WH-001,2024-09-26,98.1,88.3,107.9,moving_average
SKU-1018,WH-002,2024-06-29,110.3,88.2,132.3,xgboost
SKU-1018,WH-002,2024-06-30,99.2,79.4,119.1,xgboost
SKU-1018,WH-002,2024-07-01,75.3,60.2,90.3,xgboost
SKU-1018,WH-002,2024-07-02,114.0,91.2,136.8,xgboost
SKU-1018,WH-002,2024-07-03,97.6,78.1,117.1,xgboost
SKU-1018,WH-002,2024-07-04,75.1,60.1,90.2,xgboost
SKU-1018,WH-002,2024-07-05,69.3,55.5,83.2,xgboost
SKU-1018,WH-002,2024-07-06,59.6,47.7,71.5,xgboost
SKU-1018,WH-002,2024-07-07,42.3,33.8,50.7,xgboost
SKU-1018,WH-002,2024-07-08,102.5,82.0,123.0,xgboost
SKU-1018,WH-002,2024-07-09,113.8,91.0,136.5,xgboost
SKU-1018,WH-002,2024-07-10,95.5,76.4,114.6,xgboost
SKU-1018,WH-002,2024-07-11,119.0,95.2,142.8,xgboost
SKU-1018,WH-002,2024-07-12,93.9,75.1,112.7,xgboost
SKU-1018,WH-002,2024-07-13,86.0,68.8,103.2,xgboost
SKU-1018,WH-002,2024-07-14,59.2,47.4,71.0,xgboost
SKU-1018,WH-002,2024-07-15,80.0,64.0,96.0,xgboost
SKU-1018,WH-002,2024-07-16,76.3,61.0,91.5,xgboost
SKU-1018,WH-002,2024-07-17,63.7,51.0,76.4,xgboost
SKU-1018,WH-002,2024-07-18,43.6,34.9,52.4,xgboost
SKU-1018,WH-002,2024-07-19,63.9,51.1,76.7,xgboost
SKU-1018,WH-002,2024-07-20,111.9,89.5,134.2,xgboost
SKU-1018,WH-002,2024-07-21,118.2,94.6,141.8,xgboost
SKU-1018,WH-002,2024-07-22,115.3,92.2,138.4,xgboost
SKU-1018,WH-002,2024-07-23,114.1,91.3,136.9,xgboost
SKU-1018,WH-002,2024-07-24,71.9,57.5,86.2,xgboost
SKU-1018,WH-002,2024-07-25,31.6,25.2,37.9,xgboost
SKU-1018,WH-002,2024-07-26,60.9,48.7,73.0,xgboost
SKU-1018,WH-002,2024-07-27,74.2,59.4,89.1,xgboost
SKU-1018,WH-002,2024-07-28,79.4,63.6,95.3,xgboost
SKU-1018,WH-002,2024-07-29,72.6,58.1,87.2,xgboost
SKU-1018,WH-002,2024-07-30,119.6,95.7,143.5,xgboost
SKU-1018,WH-002,2024-07-31,89.4,71.5,107.3,xgboost
SKU-1018,WH-002,2024-08-01,108.2,86.6,129.9,xgboost
SKU-1018,WH-002,2024-08-02,99.4,79.5,119.2,xgboost
SKU-1018,WH-002,2024-08-03,79.6,63.7,95.5,xgboost
SKU-1018,WH-002,2024-08-04,78.8,63.1,94.6,xgboost
SKU-1018,WH-002,2024-08-05,75.9,60.7,91.0,xgboost
SKU-1018,WH-002,2024-08-06,58.7,46.9,70.4,xgboost
SKU-1018,WH-002,2024-08-07,44.4,35.5,53.2,xgboost
SKU-1018,WH-002,2024-08-08,72.4,57.9,86.9,xgboost
SKU-1018,WH-002,2024-08-09,78.6,62.9,94.3,xgboost
SKU-1018,WH-002,2024-08-10,116.6,93.3,139.9,xgboost
SKU-1018,WH-002,2024-08-11,127.2,101.8,152.7,xgboost
SKU-1018,WH-002,2024-08-12,153.4,122.7,184.1,xgboost
SKU-1018,WH-002,2024-08-13,132.8,106.2,159.4,xgboost
SKU-1018,WH-002,2024-08-14,129.0,103.2,154.8,xgboost
SKU-1018,WH-002,2024-08-15,129.5,103.6,155.4,xgboost
SKU-1018,WH-002,2024-08-16,111.7,89.4,134.1,xgboost
SKU-1018,WH-002,2024-08-17,110.5,88.4,132.7,xgboost
SKU-1018,WH-002,2024-08-18,80.1,64.1,96.2,xgboost
SKU-1018,WH-002,2024-08-19,75.2,60.1,90.2,xgboost
SKU-1018,WH-002,2024-08-20,93.5,74.8,112.2,xgboost
SKU-1018,WH-002,2024-08-21,56.7,45.3,68.0,xgboost
SKU-1018,WH-002,2024-08-22,54.0,43.2,64.8,xgboost
SKU-1018,WH-002,2024-08-23,77.4,62.0,92.9,xgboost
SKU-1018,WH-002,2024-08-24,85.6,68.4,102.7,xgboost
SKU-1018,WH-002,2024-08-25,94.4,75.5,113.3,xgboost
SKU-1018,WH-002,2024-08-26,87.4,69.9,104.8,xgboost
SKU-1018,WH-002,2024-08-27,104.8,83.9,125.8,xgboost
SKU-1018,WH-002,2024-08-28,68.8,55.0,82.5,xgboost
SKU-1018,WH-002,2024-08-29,99.6,79.7,119.6,xgboost
SKU-1018,WH-002,2024-08-30,62.9,50.3,75.4,xgboost
SKU-1018,WH-002,2024-08-31,67.0,53.6,80.4,xgboost
SKU-1018,WH-002,2024-09-01,75.4,60.3,90.5,xgboost
SKU-1018,WH-002,2024-09-02,96.4,77.1,115.7,xgboost
SKU-1018,WH-002,2024-09-03,101.4,81.1,121.6,xgboost
SKU-1018,WH-002,2024-09-04,96.4,77.2,115.7,xgboost
SKU-1018,WH-002,2024-09-05,76.6,61.3,91.9,xgboost
SKU-1018,WH-002,2024-09-06,53.1,42.5,63.8,xgboost
SKU-1018,WH-002,2024-09-07,89.7,71.7,107.6,xgboost
SKU-1018,WH-002,2024-09-08,89.4,71.6,107.3,xgboost
SKU-1018,WH-002,2024-09-09,51.9,41.5,62.3,xgboost
SKU-1018,WH-002,2024-09-10,55.7,44.6,66.9,xgboost
SKU-1018,WH-002,2024-09-11,58.3,46.7,70.0,xgboost
SKU-1018,WH-002,2024-09-12,63.3,50.6,75.9,xgboost
SKU-1018,WH-002,2024-09-13,58.0,46.4,69.6,xgboost
SKU-1018,WH-002,2024-09-14,94.9,75.9,113.8,xgboost
SKU-1018,WH-002,2024-09-15,105.9,84.7,127.1,xgboost
SKU-1018,WH-002,2024-09-16,122.5,98.0,147.1,xgboost
SKU-1018,WH-002,2024-09-17,115.3,92.3,138.4,xgboost
SKU-1018,WH-002,2024-09-18,151.1,120.9,181.3,xgboost
SKU-1018,WH-002,2024-09-19,96.3,77.0,115.5,xgboost
SKU-1018,WH-002,2024-09-20,89.2,71.4,107.1,xgboost
SKU-1018,WH-002,2024-09-21,75.8,60.7,91.0,xgboost
SKU-1018,WH-002,2024-09-22,106.7,85.4,128.0,xgboost
SKU-1018,WH-002,2024-09-23,104.2,83.4,125.1,xgboost
SKU-1018,WH-002,2024-09-24,60.8,48.6,73.0,xgboost
SKU-1018,WH-002,2024-09-25,41.1,32.9,49.4,xgboost
SKU-1018,WH-002,2024-09-26,58.4,46.7,70.0,xgboost
SKU-1018,WH-003,2024-06-29,73.8,62.8,84.9,exponential_smoothing
SKU-1018,WH-003,2024-06-30,74.1,63.0,85.2,exponential_smoothing
SKU-1018,WH-003,2024-07-01,100.0,85.0,115.0,exponential_smoothing
SKU-1018,WH-003,2024-07-02,98.8,84.0,113.7,exponential_smoothing
SKU-1018,WH-003,2024-07-03,93.4,79.4,107.5,exponential_smoothing
SKU-1018,WH-003,2024-07-04,88.4,75.1,101.6,exponential_smoothing
SKU-1018,WH-003,2024-07-05,100.2,85.2,115.2,exponential_smoothing
SKU-1018,WH-003,2024-07-06,70.3,59.8,80.9,exponential_smoothing
SKU-1018,WH-003,2024-07-07,70.6,60.0,81.2,exponential_smoothing
SKU-1018,WH-003,2024-07-08,96.5,82.0,110.9,exponential_smoothing
SKU-1018,WH-003,2024-07-09,95.3,81.0,109.6,exponential_smoothing
SKU-1018,WH-003,2024-07-10,89.9,76.4,103.4,exponential_smoothing
SKU-1018,WH-003,2024-07-11,84.9,72.1,97.6,exponential_smoothing
SKU-1018,WH-003,2024-07-12,96.7,82.2,111.2,exponential_smoothing
SKU-1018,WH-003,2024-07-13,66.8,56.8,76.8,exponential_smoothing
SKU-1018,WH-003,2024-07-14,67.1,57.0,77.1,exponential_smoothing
SKU-1018,WH-003,2024-07-15,92.9,79.0,106.9,exponential_smoothing
SKU-1018,WH-003,2024-07-16,91.8,78.0,105.6,exponential_smoothing
SKU-1018,WH-003,2024-07-17,86.4,73.4,99.4,exponential_smoothing
SKU-1018,WH-003,2024-07-18,81.4,69.1,93.6,exponential_smoothing
SKU-1018,WH-003,2024-07-19,93.2,79.2,107.1,exponential_smoothing
SKU-1018,WH-003,2024-07-20,63.3,53.8,72.8,exponential_smoothing
SKU-1018,WH-003,2024-07-21,63.5,54.0,73.1,exponential_smoothing
SKU-1018,WH-003,2024-07-22,89.4,76.0,102.8,exponential_smoothing
SKU-1018,WH-003,2024-07-23,88.3,75.0,101.5,exponential_smoothing
SKU-1018,WH-003,2024-07-24,82.9,70.4,95.3,exponential_smoothing
SKU-1018,WH-003,2024-07-25,77.8,66.2,89.5,exponential_smoothing
SKU-1018,WH-003,2024-07-26,89.6,76.2,103.1,exponential_smoothing
SKU-1018,WH-003,2024-07-27,59.8,50.8,68.7,exponential_smoothing
SKU-1018,WH-003,2024-07-28,60.0,51.0,69.0,exponential_smoothing
SKU-1018,WH-003,2024-07-29,85.9,73.0,98.8,exponential_smoothing
SKU-1018,WH-003,2024-07-30,84.8,72.1,97.5,exponential_smoothing
SKU-1018,WH-003,2024-07-31,79.4,67.5,91.3,exponential_smoothing
SKU-1018,WH-003,2024-08-01,74.3,63.2,85.5,exponential_smoothing
SKU-1018,WH-003,2024-08-02,86.1,73.2,99.0,exponential_smoothing
SKU-1018,WH-003,2024-08-03,56.2,47.8,64.7,exponential_smoothing
SKU-1018,WH-003,2024-08-04,56.5,48.0,65.0,exponential_smoothing
SKU-1018,WH-003,2024-08-05,82.4,70.0,94.7,exponential_smoothing
SKU-1018,WH-003,2024-08-06,81.2,69.1,93.4,exponential_smoothing
SKU-1018,WH-003,2024-08-07,75.8,64.5,87.2,exponential_smoothing
SKU-1018,WH-003,2024-08-08,70.8,60.2,81.4,exponential_smoothing
SKU-1018,WH-003,2024-08-09,82.6,70.2,95.0,exponential_smoothing
SKU-1018,WH-003,2024-08-10,52.7,44.8,60.6,exponential_smoothing
SKU-1018,WH-003,2024-08-11,53.0,45.0,60.9,exponential_smoothing
SKU-1018,WH-003,2024-08-12,78.9,67.0,90.7,exponential_smoothing
SKU-1018,WH-003,2024-08-13,77.7,66.1,89.4,exponential_smoothing
SKU-1018,WH-003,2024-08-14,72.3,61.5,83.2,exponential_smoothing
SKU-1018,WH-003,2024-08-15,67.3,57.2,77.4,exponential_smoothing
SKU-1018,WH-003,2024-08-16,79.1,67.2,91.0,exponential_smoothing
SKU-1018,WH-003,2024-08-17,49.2,41.8,56.6,exponential_smoothing
SKU-1018,WH-003,2024-08-18,49.5,42.0,56.9,exponential_smoothing
SKU-1018,WH-003,2024-08-19,75.4,64.0,86.7,exponential_smoothing
SKU-1018,WH-003,2024-08-20,74.2,63.1,85.3,exponential_smoothing
SKU-1018,WH-003,2024-08-21,68.8,58.5,79.1,exponential_smoothing
SKU-1018,WH-003,2024-08-22,63.8,54.2,73.3,exponential_smoothing
SKU-1018,WH-003,2024-08-23,75.6,64.2,86.9,exponential_smoothing
SKU-1018,WH-003,2024-08-24,45.7,38.8,52.5,exponential_smoothing
SKU-1018,WH-003,2024-08-25,45.9,39.0,52.8,exponential_smoothing
SKU-1018,WH-003,2024-08-26,71.8,61.1,82.6,exponential_smoothing
SKU-1018,WH-003,2024-08-27,70.7,60.1,81.3,exponential_smoothing
SKU-1018,WH-003,2024-08-28,65.3,55.5,75.1,exponential_smoothing
SKU-1018,WH-003,2024-08-29,60.2,51.2,69.3,exponential_smoothing
SKU-1018,WH-003,2024-08-30,72.0,61.2,82.9,exponential_smoothing
SKU-1018,WH-003,2024-08-31,42.2,35.8,48.5,exponential_smoothing
SKU-1018,WH-003,2024-09-01,42.4,36.1,48.8,exponential_smoothing
SKU-1018,WH-003,2024-09-02,68.3,58.1,78.6,exponential_smoothing
SKU-1018,WH-003,2024-09-03,67.2,57.1,77.2,exponential_smoothing
SKU-1018,WH-003,2024-09-04,61.8,52.5,71.0,exponential_smoothing
SKU-1018,WH-003,2024-09-05,56.7,48.2,65.2,exponential_smoothing
SKU-1018,WH-003,2024-09-06,68.5,58.3,78.8,exponential_smoothing
SKU-1018,WH-003,2024-09-07,38.7,32.9,44.4,exponential_smoothing
SKU-1018,WH-003,2024-09-08,38.9,33.1,44.7,exponential_smoothing
SKU-1018,WH-003,2024-09-09,64.8,55.1,74.5,exponential_smoothing
SKU-1018,WH-003,2024-09-10,63.7,54.1,73.2,exponential_smoothing
SKU-1018,WH-003,2024-09-11,58.2,49.5,67.0,exponential_smoothing
SKU-1018,WH-003,2024-09-12,53.2,45.2,61.2,exponential_smoothing
SKU-1018,WH-003,2024-09-13,65.0,55.3,74.8,exponential_smoothing
SKU-1018,WH-003,2024-09-14,35.1,29.9,40.4,exponential_smoothing
SKU-1018,WH-003,2024-09-15,35.4,30.1,40.7,exponential_smoothing
SKU-1018,WH-003,2024-09-16,61.3,52.1,70.5,exponential_smoothing
SKU-1018,WH-003,2024-09-17,60.1,51.1,69.2,exponential_smoothing
SKU-1018,WH-003,2024-09-18,54.7,46.5,62.9,exponential_smoothing
SKU-1018,WH-003,2024-09-19,49.7,42.2,57.1,exponential_smoothing
SKU-1018,WH-003,2024-09-20,61.5,52.3,70.7,exponential_smoothing
SKU-1018,WH-003,2024-09-21,31.6,26.9,36.4,exponential_smoothing
SKU-1018,WH-003,2024-09-22,31.9,27.1,36.6,exponential_smoothing
SKU-1018,WH-003,2024-09-23,57.8,49.1,66.4,exponential_smoothing
SKU-1018,WH-003,2024-09-24,56.6,48.1,65.1,exponential_smoothing
SKU-1018,WH-003,2024-09-25,51.2,43.5,58.9,exponential_smoothing
SKU-1018,WH-003,2024-09-26,46.2,39.2,53.1,exponential_smoothing
SKU-1018,WH-004,2024-06-29,126.9,114.2,139.6,moving_average
SKU-1018,WH-004,2024-06-30,126.9,114.2,139.6,moving_average
SKU-1018,WH-004,2024-07-01,126.9,114.2,139.6,moving_average
SKU-1018,WH-004,2024-07-02,126.9,114.2,139.6,moving_average
SKU-1018,WH-004,2024-07-03,126.9,114.2,139.6,moving_average
SKU-1018,WH-004,2024-07-04,126.9,114.2,139.6,moving_average
SKU-1018,WH-004,2024-07-05,126.9,114.2,139.6,moving_average
SKU-1018,WH-004,2024-07-06,126.9,114.2,139.6,moving_average
SKU-1018,WH-004,2024-07-07,126.9,114.2,139.6,moving_average
SKU-1018,WH-004,2024-07-08,126.9,114.2,139.6,moving_average
SKU-1018,WH-004,2024-07-09,126.9,114.2,139.6,moving_average
SKU-1018,WH-004,2024-07-10,126.9,114.2,139.6,moving_average
SKU-1018,WH-004,2024-07-11,126.9,114.2,139.6,moving_average
SKU-1018,WH-004,2024-07-12,126.9,114.2,139.6,moving_average
SKU-1018,WH-004,2024-07-13,126.9,114.2,139.6,moving_average
SKU-1018,WH-004,2024-07-14,126.9,114.2,139.6,moving_average
SKU-1018,WH-004,2024-07-15,126.9,114.2,139.6,moving_average
SKU-1018,WH-004,2024-07-16,126.9,114.2,139.6,moving_average
SKU-1018,WH-004,2024-07-17,126.9,114.2,139.6,moving_average
SKU-1018,WH-004,2024-07-18,126.9,114.2,139.6,moving_average
SKU-1018,WH-004,2024-07-19,126.9,114.2,139.6,moving_average
SKU-1018,WH-004,2024-07-20,126.9,114.2,139.6,moving_average
SKU-1018,WH-004,2024-07-21,126.9,114.2,139.6,moving_average
SKU-1018,WH-004,2024-07-22,126.9,114.2,139.6,moving_average
SKU-1018,WH-004,2024-07-23,126.9,114.2,139.6,moving_average
SKU-1018,WH-004,2024-07-24,126.9,114.2,139.6,moving_average
SKU-1018,WH-004,2024-07-25,126.9,114.2,139.6,moving_average
SKU-1018,WH-004,2024-07-26,126.9,114.2,139.6,moving_average
SKU-1018,WH-004,2024-07-27,126.9,114.2,139.6,moving_average
SKU-1018,WH-004,2024-07-28,126.9,114.2,139.6,moving_average
SKU-1018,WH-004,2024-07-29,126.9,114.2,139.6,moving_average
SKU-1018,WH-004,2024-07-30,126.9,114.2,139.6,moving_average
SKU-1018,WH-004,2024-07-31,126.9,114.2,139.6,moving_average
SKU-1018,WH-004,2024-08-01,126.9,114.2,139.6,moving_average
SKU-1018,WH-004,2024-08-02,126.9,114.2,139.6,moving_average
SKU-1018,WH-004,2024-08-03,126.9,114.2,139.6,moving_average
SKU-1018,WH-004,2024-08-04,126.9,114.2,139.6,moving_average
SKU-1018,WH-004,2024-08-05,126.9,114.2,139.6,moving_average
SKU-1018,WH-004,2024-08-06,126.9,114.2,139.6,moving_average
SKU-1018,WH-004,2024-08-07,126.9,114.2,139.6,moving_average
SKU-1018,WH-004,2024-08-08,126.9,114.2,139.6,moving_average
SKU-1018,WH-004,2024-08-09,126.9,114.2,139.6,moving_average
SKU-1018,WH-004,2024-08-10,126.9,114.2,139.6,moving_average
SKU-1018,WH-004,2024-08-11,126.9,114.2,139.6,moving_average
SKU-1018,WH-004,2024-08-12,126.9,114.2,139.6,moving_average
SKU-1018,WH-004,2024-08-13,126.9,114.2,139.6,moving_average
SKU-1018,WH-004,2024-08-14,126.9,114.2,139.6,moving_average
SKU-1018,WH-004,2024-08-15,126.9,114.2,139.6,moving_average
SKU-1018,WH-004,2024-08-16,126.9,114.2,139.6,moving_average
SKU-1018,WH-004,2024-08-17,126.9,114.2,139.6,moving_average
SKU-1018,WH-004,2024-08-18,126.9,114.2,139.6,moving_average
SKU-1018,WH-004,2024-08-19,126.9,114.2,139.6,moving_average
SKU-1018,WH-004,2024-08-20,126.9,114.2,139.6,moving_average
SKU-1018,WH-004,2024-08-21,126.9,114.2,139.6,moving_average
SKU-1018,WH-004,2024-08-22,126.9,114.2,139.6,moving_average
SKU-1018,WH-004,2024-08-23,126.9,114.2,139.6,moving_average
SKU-1018,WH-004,2024-08-24,126.9,114.2,139.6,moving_average
SKU-1018,WH-004,2024-08-25,126.9,114.2,139.6,moving_average
SKU-1018,WH-004,2024-08-26,126.9,114.2,139.6,moving_average
SKU-1018,WH-004,2024-08-27,126.9,114.2,139.6,moving_average
SKU-1018,WH-004,2024-08-28,126.9,114.2,139.6,moving_average
SKU-1018,WH-004,2024-08-29,126.9,114.2,139.6,moving_average
SKU-1018,WH-004,2024-08-30,126.9,114.2,139.6,moving_average
SKU-1018,WH-004,2024-08-31,126.9,114.2,139.6,moving_average
SKU-1018,WH-004,2024-09-01,126.9,114.2,139.6,moving_average
SKU-1018,WH-004,2024-09-02,126.9,114.2,139.6,moving_average
SKU-1018,WH-004,2024-09-03,126.9,114.2,139.6,moving_average
SKU-1018,WH-004,2024-09-04,126.9,114.2,139.6,moving_average
SKU-1018,WH-004,2024-09-05,126.9,114.2,139.6,moving_average
SKU-1018,WH-004,2024-09-06,126.9,114.2,139.6,moving_average
SKU-1018,WH-004,2024-09-07,126.9,114.2,139.6,moving_average
SKU-1018,WH-004,2024-09-08,126.9,114.2,139.6,moving_average
SKU-1018,WH-004,2024-09-09,148.0,133.2,162.8,moving_average
SKU-1018,WH-004,2024-09-10,148.0,133.2,162.8,moving_average
SKU-1018,WH-004,2024-09-11,148.0,133.2,162.8,moving_average
SKU-1018,WH-004,2024-09-12,148.0,133.2,162.8,moving_average
SKU-1018,WH-004,2024-09-13,148.0,133.2,162.8,moving_average
SKU-1018,WH-004,2024-09-14,148.0,133.2,162.8,moving_average
SKU-1018,WH-004,2024-09-15,148.0,133.2,162.8,moving_average
SKU-1018,WH-004,2024-09-16,148.0,133.2,162.8,moving_average
SKU-1018,WH-004,2024-09-17,148.0,133.2,162.8,moving_average
SKU-1018,WH-004,2024-09-18,148.0,133.2,162.8,moving_average
SKU-1018,WH-004,2024-09-19,148.0,133.2,162.8,moving_average
SKU-1018,WH-004,2024-09-20,148.0,133.2,162.8,moving_average
SKU-1018,WH-004,2024-09-21,126.9,114.2,139.6,moving_average
SKU-1018,WH-004,2024-09-22,126.9,114.2,139.6,moving_average
SKU-1018,WH-004,2024-09-23,126.9,114.2,139.6,moving_average
SKU-1018,WH-004,2024-09-24,126.9,114.2,139.6,moving_average
SKU-1018,WH-004,2024-09-25,126.9,114.2,139.6,moving_average
SKU-1018,WH-004,2024-09-26,126.9,114.2,139.6,moving_average
SKU-1018,WH-005,2024-06-29,40.5,32.4,48.6,xgboost
SKU-1018,WH-005,2024-06-30,64.8,51.8,77.7,xgboost
SKU-1018,WH-005,2024-07-01,73.6,58.9,88.3,xgboost
SKU-1018,WH-005,2024-07-02,113.6,90.9,136.3,xgboost
SKU-1018,WH-005,2024-07-03,99.2,79.4,119.1,xgboost
SKU-1018,WH-005,2024-07-04,168.3,134.7,202.0,xgboost
SKU-1018,WH-005,2024-07-05,135.3,108.3,162.4,xgboost
SKU-1018,WH-005,2024-07-06,145.6,116.5,174.7,xgboost
SKU-1018,WH-005,2024-07-07,111.7,89.4,134.1,xgboost
SKU-1018,WH-005,2024-07-08,113.4,90.7,136.1,xgboost
SKU-1018,WH-005,2024-07-09,126.0,100.8,151.2,xgboost
SKU-1018,WH-005,2024-07-10,97.3,77.9,116.8,xgboost
SKU-1018,WH-005,2024-07-11,90.4,72.3,108.4,xgboost
SKU-1018,WH-005,2024-07-12,67.1,53.7,80.5,xgboost
SKU-1018,WH-005,2024-07-13,81.3,65.1,97.6,xgboost
SKU-1018,WH-005,2024-07-14,94.2,75.4,113.0,xgboost
SKU-1018,WH-005,2024-07-15,104.4,83.5,125.3,xgboost
SKU-1018,WH-005,2024-07-16,133.8,107.1,160.6,xgboost
SKU-1018,WH-005,2024-07-17,81.3,65.1,97.6,xgboost
SKU-1018,WH-005,2024-07-18,110.9,88.7,133.1,xgboost
SKU-1018,WH-005,2024-07-19,109.5,87.6,131.4,xgboost
SKU-1018,WH-005,2024-07-20,108.5,86.8,130.2,xgboost
SKU-1018,WH-005,2024-07-21,113.1,90.5,135.8,xgboost
SKU-1018,WH-005,2024-07-22,134.4,107.5,161.3,xgboost
SKU-1018,WH-005,2024-07-23,142.2,113.8,170.7,xgboost
SKU-1018,WH-005,2024-07-24,108.9,87.1,130.7,xgboost
SKU-1018,WH-005,2024-07-25,120.6,96.5,144.7,xgboost
SKU-1018,WH-005,2024-07-26,143.4,114.7,172.0,xgboost
SKU-1018,WH-005,2024-07-27,160.6,128.5,192.8,xgboost
SKU-1018,WH-005,2024-07-28,114.6,91.7,137.6,xgboost
SKU-1018,WH-005,2024-07-29,102.4,81.9,122.8,xgboost
SKU-1018,WH-005,2024-07-30,115.5,92.4,138.6,xgboost
SKU-1018,WH-005,2024-07-31,48.5,38.8,58.1,xgboost
SKU-1018,WH-005,2024-08-01,93.4,74.7,112.1,xgboost
SKU-1018,WH-005,2024-08-02,110.2,88.2,132.3,xgboost
SKU-1018,WH-005,2024-08-03,101.3,81.1,121.6,xgboost
SKU-1018,WH-005,2024-08-04,99.5,79.6,119.4,xgboost
SKU-1018,WH-005,2024-08-05,109.9,87.9,131.9,xgboost
SKU-1018,WH-005,2024-08-06,98.5,78.8,118.2,xgboost
SKU-1018,WH-005,2024-08-07,102.0,81.6,122.4,xgboost
SKU-1018,WH-005,2024-08-08,104.7,83.8,125.6,xgboost
SKU-1018,WH-005,2024-08-09,113.0,90.4,135.6,xgboost
SKU-1018,WH-005,2024-08-10,65.0,52.0,78.0,xgboost
SKU-1018,WH-005,2024-08-11,116.7,93.4,140.0,xgboost
SKU-1018,WH-005,2024-08-12,96.3,77.0,115.6,xgboost
SKU-1018,WH-005,2024-08-13,111.9,89.5,134.3,xgboost
SKU-1018,WH-005,2024-08-14,83.5,66.8,100.2,xgboost
SKU-1018,WH-005,2024-08-15,88.9,71.1,106.7,xgboost
SKU-1018,WH-005,2024-08-16,100.1,80.0,120.1,xgboost
SKU-1018,WH-005,2024-08-17,102.5,82.0,123.0,xgboost
SKU-1018,WH-005,2024-08-18,91.3,73.1,109.6,xgboost
SKU-1018,WH-005,2024-08-19,109.4,87.6,131.3,xgboost
SKU-1018,WH-005,2024-08-20,102.8,82.2,123.4,xgboost
SKU-1018,WH-005,2024-08-21,113.6,90.9,136.3,xgboost
SKU-1018,WH-005,2024-08-22,120.1,96.1,144.1,xgboost
SKU-1018,WH-005,2024-08-23,144.2,115.3,173.0,xgboost
SKU-1018,WH-005,2024-08-24,138.2,110.6,165.9,xgboost
SKU-1018,WH-005,2024-08-25,135.5,108.4,162.6,xgboost
SKU-1018,WH-005,2024-08-26,127.0,101.6,152.4,xgboost
SKU-1018,WH-005,2024-08-27,136.6,109.3,163.9,xgboost
SKU-1018,WH-005,2024-08-28,108.5,86.8,130.2,xgboost
SKU-1018,WH-005,2024-08-29,119.0,95.2,142.8,xgboost
SKU-1018,WH-005,2024-08-30,109.5,87.6,131.4,xgboost
SKU-1018,WH-005,2024-08-31,98.5,78.8,118.2,xgboost
SKU-1018,WH-005,2024-09-01,92.9,74.3,111.5,xgboost
SKU-1018,WH-005,2024-09-02,87.0,69.6,104.4,xgboost
SKU-1018,WH-005,2024-09-03,103.4,82.7,124.1,xgboost
SKU-1018,WH-005,2024-09-04,102.2,81.7,122.6,xgboost
SKU-1018,WH-005,2024-09-05,103.8,83.0,124.6,xgboost
SKU-1018,WH-005,2024-09-06,108.3,86.6,129.9,xgboost
SKU-1018,WH-005,2024-09-07,102.9,82.3,123.5,xgboost
SKU-1018,WH-005,2024-09-08,100.2,80.2,120.3,xgboost
SKU-1018,WH-005,2024-09-09,109.3,87.5,131.2,xgboost
SKU-1018,WH-005,2024-09-10,74.9,59.9,89.9,xgboost
SKU-1018,WH-005,2024-09-11,75.5,60.4,90.6,xgboost
SKU-1018,WH-005,2024-09-12,98.6,78.9,118.3,xgboost
SKU-1018,WH-005,2024-09-13,92.8,74.3,111.4,xgboost
SKU-1018,WH-005,2024-09-14,93.7,74.9,112.4,xgboost
SKU-1018,WH-005,2024-09-15,94.6,75.7,113.6,xgboost
SKU-1018,WH-005,2024-09-16,105.6,84.5,126.8,xgboost
SKU-1018,WH-005,2024-09-17,103.5,82.8,124.2,xgboost
SKU-1018,WH-005,2024-09-18,89.3,71.5,107.2,xgboost
SKU-1018,WH-005,2024-09-19,94.0,75.2,112.8,xgboost
SKU-1018,WH-005,2024-09-20,105.7,84.6,126.9,xgboost
SKU-1018,WH-005,2024-09-21,114.7,91.7,137.6,xgboost
SKU-1018,WH-005,2024-09-22,127.4,101.9,152.9,xgboost
SKU-1018,WH-005,2024-09-23,140.2,112.2,168.3,xgboost
SKU-1018,WH-005,2024-09-24,132.6,106.1,159.1,xgboost
SKU-1018,WH-005,2024-09-25,149.3,119.4,179.1,xgboost
SKU-1018,WH-005,2024-09-26,149.5,119.6,179.3,xgboost
SKU-1018,WH-006,2024-06-29,72.0,61.2,82.8,exponential_smoothing
SKU-1018,WH-006,2024-06-30,78.2,66.4,89.9,exponential_smoothing
SKU-1018,WH-006,2024-07-01,108.5,92.2,124.8,exponential_smoothing
SKU-1018,WH-006,2024-07-02,96.7,82.2,111.2,exponential_smoothing
SKU-1018,WH-006,2024-07-03,116.4,98.9,133.8,exponential_smoothing
SKU-1018,WH-006,2024-07-04,99.8,84.8,114.7,exponential_smoothing
SKU-1018,WH-006,2024-07-05,80.0,68.0,92.0,exponential_smoothing
SKU-1018,WH-006,2024-07-06,68.4,58.1,78.6,exponential_smoothing
SKU-1018,WH-006,2024-07-07,74.6,63.4,85.7,exponential_smoothing
SKU-1018,WH-006,2024-07-08,104.9,89.2,120.7,exponential_smoothing
SKU-1018,WH-006,2024-07-09,93.1,79.1,107.1,exponential_smoothing
SKU-1018,WH-006,2024-07-10,112.8,95.9,129.7,exponential_smoothing
SKU-1018,WH-006,2024-07-11,96.2,81.7,110.6,exponential_smoothing
SKU-1018,WH-006,2024-07-12,76.4,64.9,87.9,exponential_smoothing
SKU-1018,WH-006,2024-07-13,64.8,55.1,74.5,exponential_smoothing
SKU-1018,WH-006,2024-07-14,71.0,60.3,81.6,exponential_smoothing
SKU-1018,WH-006,2024-07-15,101.3,86.1,116.5,exponential_smoothing
SKU-1018,WH-006,2024-07-16,89.5,76.1,102.9,exponential_smoothing
SKU-1018,WH-006,2024-07-17,109.2,92.8,125.5,exponential_smoothing
SKU-1018,WH-006,2024-07-18,92.6,78.7,106.5,exponential_smoothing
SKU-1018,WH-006,2024-07-19,72.8,61.9,83.7,exponential_smoothing
SKU-1018,WH-006,2024-07-20,61.2,52.0,70.4,exponential_smoothing
SKU-1018,WH-006,2024-07-21,67.4,57.3,77.5,exponential_smoothing
SKU-1018,WH-006,2024-07-22,97.7,83.1,112.4,exponential_smoothing
SKU-1018,WH-006,2024-07-23,85.9,73.0,98.8,exponential_smoothing
SKU-1018,WH-006,2024-07-24,105.6,89.7,121.4,exponential_smoothing
SKU-1018,WH-006,2024-07-25,89.0,75.6,102.3,exponential_smoothing
SKU-1018,WH-006,2024-07-26,69.2,58.8,79.6,exponential_smoothing
SKU-1018,WH-006,2024-07-27,57.6,49.0,66.2,exponential_smoothing
SKU-1018,WH-006,2024-07-28,63.8,54.2,73.3,exponential_smoothing
SKU-1018,WH-006,2024-07-29,94.1,80.0,108.2,exponential_smoothing
SKU-1018,WH-006,2024-07-30,82.3,70.0,94.7,exponential_smoothing
SKU-1018,WH-006,2024-07-31,102.0,86.7,117.3,exponential_smoothing
SKU-1018,WH-006,2024-08-01,85.4,72.6,98.2,exponential_smoothing
SKU-1018,WH-006,2024-08-02,65.6,55.8,75.4,exponential_smoothing
SKU-1018,WH-006,2024-08-03,54.0,45.9,62.1,exponential_smoothing
SKU-1018,WH-006,2024-08-04,60.2,51.1,69.2,exponential_smoothing
SKU-1018,WH-006,2024-08-05,90.5,76.9,104.1,exponential_smoothing
SKU-1018,WH-006,2024-08-06,78.7,66.9,90.5,exponential_smoothing
SKU-1018,WH-006,2024-08-07,98.4,83.6,113.1,exponential_smoothing
SKU-1018,WH-006,2024-08-08,81.8,69.5,94.0,exponential_smoothing
SKU-1018,WH-006,2024-08-09,62.0,52.7,71.3,exponential_smoothing
SKU-1018,WH-006,2024-08-10,50.4,42.8,58.0,exponential_smoothing
SKU-1018,WH-006,2024-08-11,56.6,48.1,65.1,exponential_smoothing
SKU-1018,WH-006,2024-08-12,86.9,73.9,100.0,exponential_smoothing
SKU-1018,WH-006,2024-08-13,75.1,63.8,86.4,exponential_smoothing
SKU-1018,WH-006,2024-08-14,94.8,80.6,109.0,exponential_smoothing
SKU-1018,WH-006,2024-08-15,78.2,66.5,89.9,exponential_smoothing
SKU-1018,WH-006,2024-08-16,58.4,49.7,67.2,exponential_smoothing
SKU-1018,WH-006,2024-08-17,46.8,39.8,53.8,exponential_smoothing
SKU-1018,WH-006,2024-08-18,53.0,45.0,60.9,exponential_smoothing
SKU-1018,WH-006,2024-08-19,83.3,70.8,95.8,exponential_smoothing
SKU-1018,WH-006,2024-08-20,71.5,60.8,82.2,exponential_smoothing
SKU-1018,WH-006,2024-08-21,91.2,77.5,104.9,exponential_smoothing
SKU-1018,WH-006,2024-08-22,74.6,63.4,85.8,exponential_smoothing
SKU-1018,WH-006,2024-08-23,54.8,46.6,63.0,exponential_smoothing
SKU-1018,WH-006,2024-08-24,43.2,36.7,49.7,exponential_smoothing
SKU-1018,WH-006,2024-08-25,49.4,42.0,56.8,exponential_smoothing
SKU-1018,WH-006,2024-08-26,79.7,67.8,91.7,exponential_smoothing
SKU-1018,WH-006,2024-08-27,67.9,57.7,78.1,exponential_smoothing
SKU-1018,WH-006,2024-08-28,87.6,74.4,100.7,exponential_smoothing
SKU-1018,WH-006,2024-08-29,71.0,60.3,81.6,exponential_smoothing
SKU-1018,WH-006,2024-08-30,51.2,43.5,58.9,exponential_smoothing
SKU-1018,WH-006,2024-08-31,39.6,33.7,45.5,exponential_smoothing
SKU-1018,WH-006,2024-09-01,45.8,38.9,52.6,exponential_smoothing
SKU-1018,WH-006,2024-09-02,76.1,64.7,87.5,exponential_smoothing
SKU-1018,WH-006,2024-09-03,64.3,54.7,74.0,exponential_smoothing
SKU-1018,WH-006,2024-09-04,84.0,71.4,96.6,exponential_smoothing
SKU-1018,WH-006,2024-09-05,67.4,57.3,77.5,exponential_smoothing
SKU-1018,WH-006,2024-09-06,47.6,40.5,54.8,exponential_smoothing
SKU-1018,WH-006,2024-09-07,36.0,30.6,41.4,exponential_smoothing
SKU-1018,WH-006,2024-09-08,42.2,35.9,48.5,exponential_smoothing
SKU-1018,WH-006,2024-09-09,72.5,61.7,83.4,exponential_smoothing
SKU-1018,WH-006,2024-09-10,60.7,51.6,69.8,exponential_smoothing
SKU-1018,WH-006,2024-09-11,80.4,68.3,92.4,exponential_smoothing
SKU-1018,WH-006,2024-09-12,63.8,54.2,73.4,exponential_smoothing
SKU-1018,WH-006,2024-09-13,44.0,37.4,50.6,exponential_smoothing
SKU-1018,WH-006,2024-09-14,32.4,27.5,37.3,exponential_smoothing
SKU-1018,WH-006,2024-09-15,38.6,32.8,44.4,exponential_smoothing
SKU-1018,WH-006,2024-09-16,68.9,58.6,79.3,exponential_smoothing
SKU-1018,WH-006,2024-09-17,57.1,48.6,65.7,exponential_smoothing
SKU-1018,WH-006,2024-09-18,76.8,65.3,88.3,exponential_smoothing
SKU-1018,WH-006,2024-09-19,60.2,51.2,69.2,exponential_smoothing
SKU-1018,WH-006,2024-09-20,40.4,34.4,46.5,exponential_smoothing
SKU-1018,WH-006,2024-09-21,28.8,24.5,33.1,exponential_smoothing
SKU-1018,WH-006,2024-09-22,35.0,29.7,40.2,exponential_smoothing
SKU-1018,WH-006,2024-09-23,65.3,55.5,75.1,exponential_smoothing
SKU-1018,WH-006,2024-09-24,53.5,45.5,61.6,exponential_smoothing
SKU-1018,WH-006,2024-09-25,73.2,62.2,84.2,exponential_smoothing
SKU-1018,WH-006,2024-09-26,56.6,48.1,65.1,exponential_smoothing
SKU-1018,WH-007,2024-06-29,111.5,100.3,122.6,moving_average
SKU-1018,WH-007,2024-06-30,111.5,100.3,122.6,moving_average
SKU-1018,WH-007,2024-07-01,111.5,100.3,122.6,moving_average
SKU-1018,WH-007,2024-07-02,111.5,100.3,122.6,moving_average
SKU-1018,WH-007,2024-07-03,111.5,100.3,122.6,moving_average
SKU-1018,WH-007,2024-07-04,111.5,100.3,122.6,moving_average
SKU-1018,WH-007,2024-07-05,111.5,100.3,122.6,moving_average
SKU-1018,WH-007,2024-07-06,111.5,100.3,122.6,moving_average
SKU-1018,WH-007,2024-07-07,111.5,100.3,122.6,moving_average
SKU-1018,WH-007,2024-07-08,111.5,100.3,122.6,moving_average
SKU-1018,WH-007,2024-07-09,111.5,100.3,122.6,moving_average
SKU-1018,WH-007,2024-07-10,111.5,100.3,122.6,moving_average
SKU-1018,WH-007,2024-07-11,111.5,100.3,122.6,moving_average
SKU-1018,WH-007,2024-07-12,111.5,100.3,122.6,moving_average
SKU-1018,WH-007,2024-07-13,111.5,100.3,122.6,moving_average
SKU-1018,WH-007,2024-07-14,111.5,100.3,122.6,moving_average
SKU-1018,WH-007,2024-07-15,111.5,100.3,122.6,moving_average
SKU-1018,WH-007,2024-07-16,111.5,100.3,122.6,moving_average
SKU-1018,WH-007,2024-07-17,111.5,100.3,122.6,moving_average
SKU-1018,WH-007,2024-07-18,111.5,100.3,122.6,moving_average
SKU-1018,WH-007,2024-07-19,111.5,100.3,122.6,moving_average
SKU-1018,WH-007,2024-07-20,111.5,100.3,122.6,moving_average
SKU-1018,WH-007,2024-07-21,111.5,100.3,122.6,moving_average
SKU-1018,WH-007,2024-07-22,111.5,100.3,122.6,moving_average
SKU-1018,WH-007,2024-07-23,111.5,100.3,122.6,moving_average
SKU-1018,WH-007,2024-07-24,111.5,100.3,122.6,moving_average
SKU-1018,WH-007,2024-07-25,111.5,100.3,122.6,moving_average
SKU-1018,WH-007,2024-07-26,111.5,100.3,122.6,moving_average
SKU-1018,WH-007,2024-07-27,111.5,100.3,122.6,moving_average
SKU-1018,WH-007,2024-07-28,111.5,100.3,122.6,moving_average
SKU-1018,WH-007,2024-07-29,111.5,100.3,122.6,moving_average
SKU-1018,WH-007,2024-07-30,111.5,100.3,122.6,moving_average
SKU-1018,WH-007,2024-07-31,111.5,100.3,122.6,moving_average
SKU-1018,WH-007,2024-08-01,111.5,100.3,122.6,moving_average
SKU-1018,WH-007,2024-08-02,111.5,100.3,122.6,moving_average
SKU-1018,WH-007,2024-08-03,111.5,100.3,122.6,moving_average
SKU-1018,WH-007,2024-08-04,111.5,100.3,122.6,moving_average
SKU-1018,WH-007,2024-08-05,111.5,100.3,122.6,moving_average
SKU-1018,WH-007,2024-08-06,111.5,100.3,122.6,moving_average
SKU-1018,WH-007,2024-08-07,111.5,100.3,122.6,moving_average
SKU-1018,WH-007,2024-08-08,111.5,100.3,122.6,moving_average
SKU-1018,WH-007,2024-08-09,111.5,100.3,122.6,moving_average
SKU-1018,WH-007,2024-08-10,111.5,100.3,122.6,moving_average
SKU-1018,WH-007,2024-08-11,111.5,100.3,122.6,moving_average
SKU-1018,WH-007,2024-08-12,111.5,100.3,122.6,moving_average
SKU-1018,WH-007,2024-08-13,111.5,100.3,122.6,moving_average
SKU-1018,WH-007,2024-08-14,111.5,100.3,122.6,moving_average
SKU-1018,WH-007,2024-08-15,111.5,100.3,122.6,moving_average
SKU-1018,WH-007,2024-08-16,111.5,100.3,122.6,moving_average
SKU-1018,WH-007,2024-08-17,111.5,100.3,122.6,moving_average
SKU-1018,WH-007,2024-08-18,111.5,100.3,122.6,moving_average
SKU-1018,WH-007,2024-08-19,111.5,100.3,122.6,moving_average
SKU-1018,WH-007,2024-08-20,111.5,100.3,122.6,moving_average
SKU-1018,WH-007,2024-08-21,111.5,100.3,122.6,moving_average
SKU-1018,WH-007,2024-08-22,111.5,100.3,122.6,moving_average
SKU-1018,WH-007,2024-08-23,111.5,100.3,122.6,moving_average
SKU-1018,WH-007,2024-08-24,111.5,100.3,122.6,moving_average
SKU-1018,WH-007,2024-08-25,111.5,100.3,122.6,moving_average
SKU-1018,WH-007,2024-08-26,111.5,100.3,122.6,moving_average
SKU-1018,WH-007,2024-08-27,111.5,100.3,122.6,moving_average
SKU-1018,WH-007,2024-08-28,111.5,100.3,122.6,moving_average
SKU-1018,WH-007,2024-08-29,111.5,100.3,122.6,moving_average
SKU-1018,WH-007,2024-08-30,111.5,100.3,122.6,moving_average
SKU-1018,WH-007,2024-08-31,111.5,100.3,122.6,moving_average
SKU-1018,WH-007,2024-09-01,111.5,100.3,122.6,moving_average
SKU-1018,WH-007,2024-09-02,111.5,100.3,122.6,moving_average
SKU-1018,WH-007,2024-09-03,111.5,100.3,122.6,moving_average
SKU-1018,WH-007,2024-09-04,111.5,100.3,122.6,moving_average
SKU-1018,WH-007,2024-09-05,111.5,100.3,122.6,moving_average
SKU-1018,WH-007,2024-09-06,111.5,100.3,122.6,moving_average
SKU-1018,WH-007,2024-09-07,111.5,100.3,122.6,moving_average
SKU-1018,WH-007,2024-09-08,111.5,100.3,122.6,moving_average
SKU-1018,WH-007,2024-09-09,111.5,100.3,122.6,moving_average
SKU-1018,WH-007,2024-09-10,111.5,100.3,122.6,moving_average
SKU-1018,WH-007,2024-09-11,111.5,100.3,122.6,moving_average
SKU-1018,WH-007,2024-09-12,111.5,100.3,122.6,moving_average
SKU-1018,WH-007,2024-09-13,111.5,100.3,122.6,moving_average
SKU-1018,WH-007,2024-09-14,111.5,100.3,122.6,moving_average
SKU-1018,WH-007,2024-09-15,111.5,100.3,122.6,moving_average
SKU-1018,WH-007,2024-09-16,111.5,100.3,122.6,moving_average
SKU-1018,WH-007,2024-09-17,111.5,100.3,122.6,moving_average
SKU-1018,WH-007,2024-09-18,111.5,100.3,122.6,moving_average
SKU-1018,WH-007,2024-09-19,111.5,100.3,122.6,moving_average
SKU-1018,WH-007,2024-09-20,111.5,100.3,122.6,moving_average
SKU-1018,WH-007,2024-09-21,111.5,100.3,122.6,moving_average
SKU-1018,WH-007,2024-09-22,111.5,100.3,122.6,moving_average
SKU-1018,WH-007,2024-09-23,111.5,100.3,122.6,moving_average
SKU-1018,WH-007,2024-09-24,111.5,100.3,122.6,moving_average
SKU-1018,WH-007,2024-09-25,111.5,100.3,122.6,moving_average
SKU-1018,WH-007,2024-09-26,111.5,100.3,122.6,moving_average
SKU-1022,WH-001,2024-06-29,214.7,171.8,257.6,xgboost
SKU-1022,WH-001,2024-06-30,267.1,213.7,320.5,xgboost
SKU-1022,WH-001,2024-07-01,261.0,208.8,313.2,xgboost
SKU-1022,WH-001,2024-07-02,235.6,188.5,282.7,xgboost
SKU-1022,WH-001,2024-07-03,248.5,198.8,298.2,xgboost
SKU-1022,WH-001,2024-07-04,270.0,216.0,324.0,xgboost
SKU-1022,WH-001,2024-07-05,265.4,212.3,318.4,xgboost
SKU-1022,WH-001,2024-07-06,271.1,216.8,325.3,xgboost
SKU-1022,WH-001,2024-07-07,263.2,210.6,315.9,xgboost
SKU-1022,WH-001,2024-07-08,263.0,210.4,315.6,xgboost
SKU-1022,WH-001,2024-07-09,291.9,233.5,350.3,xgboost
SKU-1022,WH-001,2024-07-10,290.2,232.2,348.2,xgboost
SKU-1022,WH-001,2024-07-11,293.7,235.0,352.5,xgboost
SKU-1022,WH-001,2024-07-12,302.0,241.6,362.4,xgboost
SKU-1022,WH-001,2024-07-13,293.3,234.6,351.9,xgboost
SKU-1022,WH-001,2024-07-14,280.7,224.6,336.8,xgboost
SKU-1022,WH-001,2024-07-15,320.0,256.0,384.0,xgboost
SKU-1022,WH-001,2024-07-16,305.0,244.0,366.0,xgboost
SKU-1022,WH-001,2024-07-17,244.1,195.3,292.9,xgboost
SKU-1022,WH-001,2024-07-18,238.6,190.9,286.3,xgboost
SKU-1022,WH-001,2024-07-19,279.6,223.7,335.6,xgboost
SKU-1022,WH-001,2024-07-20,270.5,216.4,324.6,xgboost
SKU-1022,WH-001,2024-07-21,244.8,195.8,293.7,xgboost
SKU-1022,WH-001,2024-07-22,235.2,188.2,282.3,xgboost
SKU-1022,WH-001,2024-07-23,241.6,193.3,290.0,xgboost
SKU-1022,WH-001,2024-07-24,253.7,203.0,304.4,xgboost
SKU-1022,WH-001,2024-07-25,243.0,194.4,291.7,xgboost
SKU-1022,WH-001,2024-07-26,250.1,200.1,300.1,xgboost
SKU-1022,WH-001,2024-07-27,253.4,202.7,304.0,xgboost
SKU-1022,WH-001,2024-07-28,282.7,226.1,339.2,xgboost
SKU-1022,WH-001,2024-07-29,280.2,224.1,336.2,xgboost
SKU-1022,WH-001,2024-07-30,294.0,235.2,352.8,xgboost
SKU-1022,WH-001,2024-07-31,295.3,236.2,354.4,xgboost
SKU-1022,WH-001,2024-08-01,304.7,243.7,365.6,xgboost
SKU-1022,WH-001,2024-08-02,306.1,244.9,367.3,xgboost
SKU-1022,WH-001,2024-08-03,317.9,254.3,381.4,xgboost
SKU-1022,WH-001,2024-08-04,311.7,249.4,374.1,xgboost
SKU-1022,WH-001,2024-08-05,275.5,220.4,330.5,xgboost
SKU-1022,WH-001,2024-08-06,260.5,208.4,312.6,xgboost
SKU-1022,WH-001,2024-08-07,251.0,200.8,301.2,xgboost
SKU-1022,WH-001,2024-08-08,255.4,204.3,306.5,xgboost
SKU-1022,WH-001,2024-08-09,251.7,201.3,302.0,xgboost
SKU-1022,WH-001,2024-08-10,266.8,213.4,320.2,xgboost
SKU-1022,WH-001,2024-08-11,264.6,211.7,317.6,xgboost
SKU-1022,WH-001,2024-08-12,258.3,206.7,310.0,xgboost
SKU-1022,WH-001,2024-08-13,223.8,179.0,268.6,xgboost
SKU-1022,WH-001,2024-08-14,252.7,202.1,303.2,xgboost
SKU-1022,WH-001,2024-08-15,342.1,273.7,410.5,xgboost
SKU-1022,WH-001,2024-08-16,265.3,212.2,318.3,xgboost
SKU-1022,WH-001,2024-08-17,217.7,174.2,261.2,xgboost
SKU-1022,WH-001,2024-08-18,244.1,195.3,292.9,xgboost
SKU-1022,WH-001,2024-08-19,277.3,221.9,332.8,xgboost
SKU-1022,WH-001,2024-08-20,260.4,208.3,312.5,xgboost
SKU-1022,WH-001,2024-08-21,226.9,181.5,272.3,xgboost
SKU-1022,WH-001,2024-08-22,243.3,194.6,292.0,xgboost
SKU-1022,WH-001,2024-08-23,266.0,212.8,319.1,xgboost
SKU-1022,WH-001,2024-08-24,263.4,210.7,316.1,xgboost
SKU-1022,WH-001,2024-08-25,244.0,195.2,292.8,xgboost
SKU-1022,WH-001,2024-08-26,230.7,184.6,276.8,xgboost
SKU-1022,WH-001,2024-08-27,229.9,183.9,275.9,xgboost
SKU-1022,WH-001,2024-08-28,228.8,183.0,274.5,xgboost
SKU-1022,WH-001,2024-08-29,241.0,192.8,289.1,xgboost
SKU-1022,WH-001,2024-08-30,253.8,203.0,304.6,xgboost
SKU-1022,WH-001,2024-08-31,266.6,213.3,319.9,xgboost
SKU-1022,WH-001,2024-09-01,273.7,219.0,328.5,xgboost
SKU-1022,WH-001,2024-09-02,261.6,209.2,313.9,xgboost
SKU-1022,WH-001,2024-09-03,274.4,219.5,329.3,xgboost
SKU-1022,WH-001,2024-09-04,306.9,245.5,368.3,xgboost
SKU-1022,WH-001,2024-09-05,301.3,241.1,361.6,xgboost
SKU-1022,WH-001,2024-09-06,309.9,247.9,371.8,xgboost
SKU-1022,WH-001,2024-09-07,315.3,252.2,378.3,xgboost
SKU-1022,WH-001,2024-09-08,332.8,266.2,399.4,xgboost
SKU-1022,WH-001,2024-09-09,272.9,218.3,327.5,xgboost
SKU-1022,WH-001,2024-09-10,292.1,233.7,350.6,xgboost
SKU-1022,WH-001,2024-09-11,307.5,246.0,369.0,xgboost
SKU-1022,WH-001,2024-09-12,293.8,235.0,352.5,xgboost
SKU-1022,WH-001,2024-09-13,273.8,219.0,328.5,xgboost
SKU-1022,WH-001,2024-09-14,296.3,237.1,355.6,xgboost
SKU-1022,WH-001,2024-09-15,314.0,251.2,376.8,xgboost
SKU-1022,WH-001,2024-09-16,291.9,233.5,350.3,xgboost
SKU-1022,WH-001,2024-09-17,200.5,160.4,240.6,xgboost
SKU-1022,WH-001,2024-09-18,242.9,194.3,291.5,xgboost
SKU-1022,WH-001,2024-09-19,289.2,231.4,347.1,xgboost
SKU-1022,WH-001,2024-09-20,256.4,205.1,307.6,xgboost
SKU-1022,WH-001,2024-09-21,249.4,199.5,299.3,xgboost
SKU-1022,WH-001,2024-09-22,254.8,203.8,305.7,xgboost
SKU-1022,WH-001,2024-09-23,268.3,214.7,322.0,xgboost
SKU-1022,WH-001,2024-09-24,264.8,211.8,317.7,xgboost
SKU-1022,WH-001,2024-09-25,220.2,176.1,264.2,xgboost
SKU-1022,WH-001,2024-09-26,226.3,181.0,271.5,xgboost
SKU-1022,WH-002,2024-06-29,234.5,199.4,269.7,exponential_smoothing
SKU-1022,WH-002,2024-06-30,213.9,181.8,246.0,exponential_smoothing
SKU-1022,WH-002,2024-07-01,301.8,256.5,347.0,exponential_smoothing
SKU-1022,WH-002,2024-07-02,274.2,233.1,315.3,exponential_smoothing
SKU-1022,WH-002,2024-07-03,254.4,216.2,292.6,exponential_smoothing
SKU-1022,WH-002,2024-07-04,254.1,216.0,292.2,exponential_smoothing
SKU-1022,WH-002,2024-07-05,236.3,200.9,271.8,exponential_smoothing
SKU-1022,WH-002,2024-07-06,233.4,198.4,268.4,exponential_smoothing
SKU-1022,WH-002,2024-07-07,212.8,180.9,244.7,exponential_smoothing
SKU-1022,WH-002,2024-07-08,300.7,255.6,345.8,exponential_smoothing
SKU-1022,WH-002,2024-07-09,273.1,232.1,314.1,exponential_smoothing
SKU-1022,WH-002,2024-07-10,253.3,215.3,291.3,exponential_smoothing
SKU-1022,WH-002,2024-07-11,253.0,215.0,290.9,exponential_smoothing
SKU-1022,WH-002,2024-07-12,235.2,199.9,270.5,exponential_smoothing
SKU-1022,WH-002,2024-07-13,232.3,197.5,267.2,exponential_smoothing
SKU-1022,WH-002,2024-07-14,211.7,179.9,243.4,exponential_smoothing
SKU-1022,WH-002,2024-07-15,299.6,254.6,344.5,exponential_smoothing
SKU-1022,WH-002,2024-07-16,272.0,231.2,312.8,exponential_smoothing
SKU-1022,WH-002,2024-07-17,252.2,214.4,290.0,exponential_smoothing
SKU-1022,WH-002,2024-07-18,251.9,214.1,289.7,exponential_smoothing
SKU-1022,WH-002,2024-07-19,234.1,199.0,269.2,exponential_smoothing
SKU-1022,WH-002,2024-07-20,331.6,281.8,381.3,exponential_smoothing
SKU-1022,WH-002,2024-07-21,301.9,256.7,347.2,exponential_smoothing
SKU-1022,WH-002,2024-07-22,428.0,363.8,492.2,exponential_smoothing
SKU-1022,WH-002,2024-07-23,388.5,330.2,446.7,exponential_smoothing
SKU-1022,WH-002,2024-07-24,360.1,306.1,414.1,exponential_smoothing
SKU-1022,WH-002,2024-07-25,359.6,305.7,413.6,exponential_smoothing
SKU-1022,WH-002,2024-07-26,334.2,284.0,384.3,exponential_smoothing
SKU-1022,WH-002,2024-07-27,330.0,280.5,379.5,exponential_smoothing
SKU-1022,WH-002,2024-07-28,300.4,255.3,345.4,exponential_smoothing
SKU-1022,WH-002,2024-07-29,426.4,362.4,490.4,exponential_smoothing
SKU-1022,WH-002,2024-07-30,386.9,328.8,444.9,exponential_smoothing
SKU-1022,WH-002,2024-07-31,250.0,212.5,287.5,exponential_smoothing
SKU-1022,WH-002,2024-08-01,249.7,212.2,287.1,exponential_smoothing
SKU-1022,WH-002,2024-08-02,231.9,197.1,266.7,exponential_smoothing
SKU-1022,WH-002,2024-08-03,229.0,194.7,263.4,exponential_smoothing
SKU-1022,WH-002,2024-08-04,208.4,177.1,239.6,exponential_smoothing
SKU-1022,WH-002,2024-08-05,296.2,251.8,340.7,exponential_smoothing
SKU-1022,WH-002,2024-08-06,268.7,228.4,309.0,exponential_smoothing
SKU-1022,WH-002,2024-08-07,248.9,211.6,286.2,exponential_smoothing
SKU-1022,WH-002,2024-08-08,248.6,211.3,285.9,exponential_smoothing
SKU-1022,WH-002,2024-08-09,230.8,196.2,265.4,exponential_smoothing
SKU-1022,WH-002,2024-08-10,227.9,193.7,262.1,exponential_smoothing
SKU-1022,WH-002,2024-08-11,207.2,176.2,238.3,exponential_smoothing
SKU-1022,WH-002,2024-08-12,295.1,250.9,339.4,exponential_smoothing
SKU-1022,WH-002,2024-08-13,267.6,227.4,307.7,exponential_smoothing
SKU-1022,WH-002,2024-08-14,247.8,210.6,285.0,exponential_smoothing
SKU-1022,WH-002,2024-08-15,247.5,210.4,284.6,exponential_smoothing
SKU-1022,WH-002,2024-08-16,229.7,195.3,264.2,exponential_smoothing
SKU-1022,WH-002,2024-08-17,226.8,192.8,260.8,exponential_smoothing
SKU-1022,WH-002,2024-08-18,206.1,175.2,237.1,exponential_smoothing
SKU-1022,WH-002,2024-08-19,294.0,249.9,338.1,exponential_smoothing
SKU-1022,WH-002,2024-08-20,266.5,226.5,306.5,exponential_smoothing
SKU-1022,WH-002,2024-08-21,246.7,209.7,283.7,exponential_smoothing
SKU-1022,WH-002,2024-08-22,246.4,209.4,283.3,exponential_smoothing
SKU-1022,WH-002,2024-08-23,228.6,194.3,262.9,exponential_smoothing
SKU-1022,WH-002,2024-08-24,225.7,191.8,259.6,exponential_smoothing
SKU-1022,WH-002,2024-08-25,205.0,174.3,235.8,exponential_smoothing
SKU-1022,WH-002,2024-08-26,292.9,249.0,336.9,exponential_smoothing
SKU-1022,WH-002,2024-08-27,265.4,225.6,305.2,exponential_smoothing
SKU-1022,WH-002,2024-08-28,245.6,208.7,282.4,exponential_smoothing
SKU-1022,WH-002,2024-08-29,245.3,208.5,282.1,exponential_smoothing
SKU-1022,WH-002,2024-08-30,227.5,193.4,261.6,exponential_smoothing
SKU-1022,WH-002,2024-08-31,224.6,190.9,258.3,exponential_smoothing
SKU-1022,WH-002,2024-09-01,203.9,173.3,234.5,exponential_smoothing
SKU-1022,WH-002,2024-09-02,291.8,248.1,335.6,exponential_smoothing
SKU-1022,WH-002,2024-09-03,264.3,224.6,303.9,exponential_smoothing
SKU-1022,WH-002,2024-09-04,244.5,207.8,281.1,exponential_smoothing
SKU-1022,WH-002,2024-09-05,244.2,207.5,280.8,exponential_smoothing
SKU-1022,WH-002,2024-09-06,226.4,192.4,260.4,exponential_smoothing
SKU-1022,WH-002,2024-09-07,223.5,190.0,257.0,exponential_smoothing
SKU-1022,WH-002,2024-09-08,202.8,172.4,233.3,exponential_smoothing
SKU-1022,WH-002,2024-09-09,290.7,247.1,334.3,exponential_smoothing
SKU-1022,WH-002,2024-09-10,263.2,223.7,302.6,exponential_smoothing
SKU-1022,WH-002,2024-09-11,243.4,206.9,279.9,exponential_smoothing
SKU-1022,WH-002,2024-09-12,243.1,206.6,279.5,exponential_smoothing
SKU-1022,WH-002,2024-09-13,225.3,191.5,259.1,exponential_smoothing
SKU-1022,WH-002,2024-09-14,222.4,189.0,255.7,exponential_smoothing
SKU-1022,WH-002,2024-09-15,201.7,171.5,232.0,exponential_smoothing
SKU-1022,WH-002,2024-09-16,289.6,246.2,333.1,exponential_smoothing
SKU-1022,WH-002,2024-09-17,262.1,222.8,301.4,exponential_smoothing
SKU-1022,WH-002,2024-09-18,242.3,205.9,278.6,exponential_smoothing
SKU-1022,WH-002,2024-09-19,242.0,205.7,278.3,exponential_smoothing
SKU-1022,WH-002,2024-09-20,224.2,190.6,257.8,exponential_smoothing
SKU-1022,WH-002,2024-09-21,221.3,188.1,254.5,exponential_smoothing
SKU-1022,WH-002,2024-09-22,200.6,170.5,230.7,exponential_smoothing
SKU-1022,WH-002,2024-09-23,288.5,245.2,331.8,exponential_smoothing
SKU-1022,WH-002,2024-09-24,261.0,221.8,300.1,exponential_smoothing
SKU-1022,WH-002,2024-09-25,241.2,205.0,277.3,exponential_smoothing
SKU-1022,WH-002,2024-09-26,240.9,204.7,277.0,exponential_smoothing
SKU-1022,WH-003,2024-06-29,242.4,206.1,278.8,exponential_smoothing
SKU-1022,WH-003,2024-06-30,221.9,188.6,255.2,exponential_smoothing
SKU-1022,WH-003,2024-07-01,255.2,217.0,293.5,exponential_smoothing
SKU-1022,WH-003,2024-07-02,236.9,201.3,272.4,exponential_smoothing
SKU-1022,WH-003,2024-07-03,252.6,214.7,290.5,exponential_smoothing
SKU-1022,WH-003,2024-07-04,222.3,189.0,255.7,exponential_smoothing
SKU-1022,WH-003,2024-07-05,234.6,199.4,269.8,exponential_smoothing
SKU-1022,WH-003,2024-07-06,240.9,204.8,277.1,exponential_smoothing
SKU-1022,WH-003,2024-07-07,220.5,187.4,253.5,exponential_smoothing
SKU-1022,WH-003,2024-07-08,253.8,215.7,291.8,exponential_smoothing
SKU-1022,WH-003,2024-07-09,235.4,200.1,270.7,exponential_smoothing
SKU-1022,WH-003,2024-07-10,251.2,213.5,288.8,exponential_smoothing
SKU-1022,WH-003,2024-07-11,220.8,187.7,254.0,exponential_smoothing
SKU-1022,WH-003,2024-07-12,233.1,198.2,268.1,exponential_smoothing
SKU-1022,WH-003,2024-07-13,239.5,203.5,275.4,exponential_smoothing
SKU-1022,WH-003,2024-07-14,219.0,186.1,251.8,exponential_smoothing
SKU-1022,WH-003,2024-07-15,252.3,214.4,290.1,exponential_smoothing
SKU-1022,WH-003,2024-07-16,233.9,198.8,269.0,exponential_smoothing
SKU-1022,WH-003,2024-07-17,249.7,212.2,287.1,exponential_smoothing
SKU-1022,WH-003,2024-07-18,219.4,186.5,252.3,exponential_smoothing
SKU-1022,WH-003,2024-07-19,231.7,196.9,266.4,exponential_smoothing
SKU-1022,WH-003,2024-07-20,238.0,202.3,273.7,exponential_smoothing
SKU-1022,WH-003,2024-07-21,217.5,184.9,250.1,exponential_smoothing
SKU-1022,WH-003,2024-07-22,250.8,213.2,288.4,exponential_smoothing
SKU-1022,WH-003,2024-07-23,232.4,197.5,267.3,exponential_smoothing
SKU-1022,WH-003,2024-07-24,248.2,211.0,285.4,exponential_smoothing
SKU-1022,WH-003,2024-07-25,217.9,185.2,250.6,exponential_smoothing
SKU-1022,WH-003,2024-07-26,230.2,195.6,264.7,exponential_smoothing
SKU-1022,WH-003,2024-07-27,236.5,201.0,272.0,exponential_smoothing
SKU-1022,WH-003,2024-07-28,216.0,183.6,248.4,exponential_smoothing
SKU-1022,WH-003,2024-07-29,249.3,211.9,286.7,exponential_smoothing
SKU-1022,WH-003,2024-07-30,230.9,196.3,265.6,exponential_smoothing
SKU-1022,WH-003,2024-07-31,246.7,209.7,283.7,exponential_smoothing
SKU-1022,WH-003,2024-08-01,216.4,183.9,248.8,exponential_smoothing
SKU-1022,WH-003,2024-08-02,228.7,194.4,263.0,exponential_smoothing
SKU-1022,WH-003,2024-08-03,235.0,199.8,270.3,exponential_smoothing
SKU-1022,WH-003,2024-08-04,214.5,182.3,246.7,exponential_smoothing
SKU-1022,WH-003,2024-08-05,247.8,210.7,285.0,exponential_smoothing
SKU-1022,WH-003,2024-08-06,229.4,195.0,263.8,exponential_smoothing
SKU-1022,WH-003,2024-08-07,245.2,208.4,282.0,exponential_smoothing
SKU-1022,WH-003,2024-08-08,214.9,182.7,247.1,exponential_smoothing
SKU-1022,WH-003,2024-08-09,227.2,193.1,261.3,exponential_smoothing
SKU-1022,WH-003,2024-08-10,233.5,198.5,268.5,exponential_smoothing
SKU-1022,WH-003,2024-08-11,213.0,181.1,245.0,exponential_smoothing
SKU-1022,WH-003,2024-08-12,246.3,209.4,283.3,exponential_smoothing
SKU-1022,WH-003,2024-08-13,228.0,193.8,262.1,exponential_smoothing
SKU-1022,WH-003,2024-08-14,243.7,207.2,280.3,exponential_smoothing
SKU-1022,WH-003,2024-08-15,213.4,181.4,245.4,exponential_smoothing
SKU-1022,WH-003,2024-08-16,225.7,191.9,259.6,exponential_smoothing
SKU-1022,WH-003,2024-08-17,232.0,197.2,266.8,exponential_smoothing
SKU-1022,WH-003,2024-08-18,211.6,179.8,243.3,exponential_smoothing
SKU-1022,WH-003,2024-08-19,244.9,208.1,281.6,exponential_smoothing
SKU-1022,WH-003,2024-08-20,226.5,192.5,260.4,exponential_smoothing
SKU-1022,WH-003,2024-08-21,242.3,205.9,278.6,exponential_smoothing
SKU-1022,WH-003,2024-08-22,211.9,180.1,243.7,exponential_smoothing
SKU-1022,WH-003,2024-08-23,224.2,190.6,257.9,exponential_smoothing
SKU-1022,WH-003,2024-08-24,230.6,196.0,265.1,exponential_smoothing
SKU-1022,WH-003,2024-08-25,210.1,178.6,241.6,exponential_smoothing
SKU-1022,WH-003,2024-08-26,243.4,206.9,279.9,exponential_smoothing
SKU-1022,WH-003,2024-08-27,225.0,191.2,258.7,exponential_smoothing
SKU-1022,WH-003,2024-08-28,240.8,204.7,276.9,exponential_smoothing
SKU-1022,WH-003,2024-08-29,210.5,178.9,242.0,exponential_smoothing
SKU-1022,WH-003,2024-08-30,222.8,189.3,256.2,exponential_smoothing
SKU-1022,WH-003,2024-08-31,229.1,194.7,263.4,exponential_smoothing
SKU-1022,WH-003,2024-09-01,208.6,177.3,239.9,exponential_smoothing
SKU-1022,WH-003,2024-09-02,241.9,205.6,278.2,exponential_smoothing
SKU-1022,WH-003,2024-09-03,223.5,190.0,257.0,exponential_smoothing
SKU-1022,WH-003,2024-09-04,239.3,203.4,275.2,exponential_smoothing
SKU-1022,WH-003,2024-09-05,209.0,177.6,240.3,exponential_smoothing
SKU-1022,WH-003,2024-09-06,221.3,188.1,254.5,exponential_smoothing
SKU-1022,WH-003,2024-09-07,227.6,193.4,261.7,exponential_smoothing
SKU-1022,WH-003,2024-09-08,207.1,176.0,238.2,exponential_smoothing
SKU-1022,WH-003,2024-09-09,240.4,204.3,276.5,exponential_smoothing
SKU-1022,WH-003,2024-09-10,222.0,188.7,255.3,exponential_smoothing
SKU-1022,WH-003,2024-09-11,237.8,202.1,273.5,exponential_smoothing
SKU-1022,WH-003,2024-09-12,207.5,176.4,238.6,exponential_smoothing
SKU-1022,WH-003,2024-09-13,219.8,186.8,252.8,exponential_smoothing
SKU-1022,WH-003,2024-09-14,226.1,192.2,260.0,exponential_smoothing
SKU-1022,WH-003,2024-09-15,205.6,174.8,236.5,exponential_smoothing
SKU-1022,WH-003,2024-09-16,238.9,203.1,274.8,exponential_smoothing
SKU-1022,WH-003,2024-09-17,220.5,187.5,253.6,exponential_smoothing
SKU-1022,WH-003,2024-09-18,236.3,200.9,271.8,exponential_smoothing
SKU-1022,WH-003,2024-09-19,206.0,175.1,236.9,exponential_smoothing
SKU-1022,WH-003,2024-09-20,218.3,185.6,251.0,exponential_smoothing
SKU-1022,WH-003,2024-09-21,224.6,190.9,258.3,exponential_smoothing
SKU-1022,WH-003,2024-09-22,204.1,173.5,234.8,exponential_smoothing
SKU-1022,WH-003,2024-09-23,237.4,201.8,273.1,exponential_smoothing
SKU-1022,WH-003,2024-09-24,219.0,186.2,251.9,exponential_smoothing
SKU-1022,WH-003,2024-09-25,234.8,199.6,270.1,exponential_smoothing
SKU-1022,WH-003,2024-09-26,204.5,173.8,235.2,exponential_smoothing
SKU-1022,WH-004,2024-06-29,273.7,246.3,301.1,moving_average
SKU-1022,WH-004,2024-06-30,273.7,246.3,301.1,moving_average
SKU-1022,WH-004,2024-07-01,273.7,246.3,301.1,moving_average
SKU-1022,WH-004,2024-07-02,273.7,246.3,301.1,moving_average
SKU-1022,WH-004,2024-07-03,273.7,246.3,301.1,moving_average
SKU-1022,WH-004,2024-07-04,273.7,246.3,301.1,moving_average
SKU-1022,WH-004,2024-07-05,273.7,246.3,301.1,moving_average
SKU-1022,WH-004,2024-07-06,273.7,246.3,301.1,moving_average
SKU-1022,WH-004,2024-07-07,273.7,246.3,301.1,moving_average
SKU-1022,WH-004,2024-07-08,273.7,246.3,301.1,moving_average
SKU-1022,WH-004,2024-07-09,273.7,246.3,301.1,moving_average
SKU-1022,WH-004,2024-07-10,273.7,246.3,301.1,moving_average
SKU-1022,WH-004,2024-07-11,273.7,246.3,301.1,moving_average
SKU-1022,WH-004,2024-07-12,273.7,246.3,301.1,moving_average
SKU-1022,WH-004,2024-07-13,273.7,246.3,301.1,moving_average
SKU-1022,WH-004,2024-07-14,273.7,246.3,301.1,moving_average
SKU-1022,WH-004,2024-07-15,273.7,246.3,301.1,moving_average
SKU-1022,WH-004,2024-07-16,273.7,246.3,301.1,moving_average
SKU-1022,WH-004,2024-07-17,273.7,246.3,301.1,moving_average
SKU-1022,WH-004,2024-07-18,273.7,246.3,301.1,moving_average
SKU-1022,WH-004,2024-07-19,273.7,246.3,301.1,moving_average
SKU-1022,WH-004,2024-07-20,273.7,246.3,301.1,moving_average
SKU-1022,WH-004,2024-07-21,273.7,246.3,301.1,moving_average
SKU-1022,WH-004,2024-07-22,273.7,246.3,301.1,moving_average
SKU-1022,WH-004,2024-07-23,273.7,246.3,301.1,moving_average
SKU-1022,WH-004,2024-07-24,273.7,246.3,301.1,moving_average
SKU-1022,WH-004,2024-07-25,273.7,246.3,301.1,moving_average
SKU-1022,WH-004,2024-07-26,273.7,246.3,301.1,moving_average
SKU-1022,WH-004,2024-07-27,273.7,246.3,301.1,moving_average
SKU-1022,WH-004,2024-07-28,273.7,246.3,301.1,moving_average
SKU-1022,WH-004,2024-07-29,273.7,246.3,301.1,moving_average
SKU-1022,WH-004,2024-07-30,273.7,246.3,301.1,moving_average
SKU-1022,WH-004,2024-07-31,273.7,246.3,301.1,moving_average
SKU-1022,WH-004,2024-08-01,273.7,246.3,301.1,moving_average
SKU-1022,WH-004,2024-08-02,273.7,246.3,301.1,moving_average
SKU-1022,WH-004,2024-08-03,273.7,246.3,301.1,moving_average
SKU-1022,WH-004,2024-08-04,273.7,246.3,301.1,moving_average
SKU-1022,WH-004,2024-08-05,273.7,246.3,301.1,moving_average
SKU-1022,WH-004,2024-08-06,273.7,246.3,301.1,moving_average
SKU-1022,WH-004,2024-08-07,273.7,246.3,301.1,moving_average
SKU-1022,WH-004,2024-08-08,273.7,246.3,301.1,moving_average
SKU-1022,WH-004,2024-08-09,273.7,246.3,301.1,moving_average
SKU-1022,WH-004,2024-08-10,273.7,246.3,301.1,moving_average
SKU-1022,WH-004,2024-08-11,273.7,246.3,301.1,moving_average
SKU-1022,WH-004,2024-08-12,273.7,246.3,301.1,moving_average
SKU-1022,WH-004,2024-08-13,273.7,246.3,301.1,moving_average
SKU-1022,WH-004,2024-08-14,273.7,246.3,301.1,moving_average
SKU-1022,WH-004,2024-08-15,273.7,246.3,301.1,moving_average
SKU-1022,WH-004,2024-08-16,273.7,246.3,301.1,moving_average
SKU-1022,WH-004,2024-08-17,273.7,246.3,301.1,moving_average
SKU-1022,WH-004,2024-08-18,273.7,246.3,301.1,moving_average
SKU-1022,WH-004,2024-08-19,273.7,246.3,301.1,moving_average
SKU-1022,WH-004,2024-08-20,273.7,246.3,301.1,moving_average
SKU-1022,WH-004,2024-08-21,273.7,246.3,301.1,moving_average
SKU-1022,WH-004,2024-08-22,273.7,246.3,301.1,moving_average
SKU-1022,WH-004,2024-08-23,273.7,246.3,301.1,moving_average
SKU-1022,WH-004,2024-08-24,273.7,246.3,301.1,moving_average
SKU-1022,WH-004,2024-08-25,273.7,246.3,301.1,moving_average
SKU-1022,WH-004,2024-08-26,273.7,246.3,301.1,moving_average
SKU-1022,WH-004,2024-08-27,273.7,246.3,301.1,moving_average
SKU-1022,WH-004,2024-08-28,273.7,246.3,301.1,moving_average
SKU-1022,WH-004,2024-08-29,273.7,246.3,301.1,moving_average
SKU-1022,WH-004,2024-08-30,273.7,246.3,301.1,moving_average
SKU-1022,WH-004,2024-08-31,273.7,246.3,301.1,moving_average
SKU-1022,WH-004,2024-09-01,273.7,246.3,301.1,moving_average
SKU-1022,WH-004,2024-09-02,273.7,246.3,301.1,moving_average
SKU-1022,WH-004,2024-09-03,273.7,246.3,301.1,moving_average
SKU-1022,WH-004,2024-09-04,273.7,246.3,301.1,moving_average
SKU-1022,WH-004,2024-09-05,273.7,246.3,301.1,moving_average
SKU-1022,WH-004,2024-09-06,273.7,246.3,301.1,moving_average
SKU-1022,WH-004,2024-09-07,273.7,246.3,301.1,moving_average
SKU-1022,WH-004,2024-09-08,273.7,246.3,301.1,moving_average
SKU-1022,WH-004,2024-09-09,273.7,246.3,301.1,moving_average
SKU-1022,WH-004,2024-09-10,273.7,246.3,301.1,moving_average
SKU-1022,WH-004,2024-09-11,273.7,246.3,301.1,moving_average
SKU-1022,WH-004,2024-09-12,273.7,246.3,301.1,moving_average
SKU-1022,WH-004,2024-09-13,273.7,246.3,301.1,moving_average
SKU-1022,WH-004,2024-09-14,273.7,246.3,301.1,moving_average
SKU-1022,WH-004,2024-09-15,273.7,246.3,301.1,moving_average
SKU-1022,WH-004,2024-09-16,273.7,246.3,301.1,moving_average
SKU-1022,WH-004,2024-09-17,273.7,246.3,301.1,moving_average
SKU-1022,WH-004,2024-09-18,273.7,246.3,301.1,moving_average
SKU-1022,WH-004,2024-09-19,273.7,246.3,301.1,moving_average
SKU-1022,WH-004,2024-09-20,273.7,246.3,301.1,moving_average
SKU-1022,WH-004,2024-09-21,273.7,246.3,301.1,moving_average
SKU-1022,WH-004,2024-09-22,273.7,246.3,301.1,moving_average
SKU-1022,WH-004,2024-09-23,273.7,246.3,301.1,moving_average
SKU-1022,WH-004,2024-09-24,273.7,246.3,301.1,moving_average
SKU-1022,WH-004,2024-09-25,273.7,246.3,301.1,moving_average
SKU-1022,WH-004,2024-09-26,273.7,246.3,301.1,moving_average
SKU-1022,WH-005,2024-06-29,273.9,246.5,301.3,moving_average
SKU-1022,WH-005,2024-06-30,273.9,246.5,301.3,moving_average
SKU-1022,WH-005,2024-07-01,273.9,246.5,301.3,moving_average
SKU-1022,WH-005,2024-07-02,273.9,246.5,301.3,moving_average
SKU-1022,WH-005,2024-07-03,273.9,246.5,301.3,moving_average
SKU-1022,WH-005,2024-07-04,273.9,246.5,301.3,moving_average
SKU-1022,WH-005,2024-07-05,273.9,246.5,301.3,moving_average
SKU-1022,WH-005,2024-07-06,273.9,246.5,301.3,moving_average
SKU-1022,WH-005,2024-07-07,273.9,246.5,301.3,moving_average
SKU-1022,WH-005,2024-07-08,273.9,246.5,301.3,moving_average
SKU-1022,WH-005,2024-07-09,273.9,246.5,301.3,moving_average
SKU-1022,WH-005,2024-07-10,273.9,246.5,301.3,moving_average
SKU-1022,WH-005,2024-07-11,273.9,246.5,301.3,moving_average
SKU-1022,WH-005,2024-07-12,273.9,246.5,301.3,moving_average
SKU-1022,WH-005,2024-07-13,273.9,246.5,301.3,moving_average
SKU-1022,WH-005,2024-07-14,273.9,246.5,301.3,moving_average
SKU-1022,WH-005,2024-07-15,273.9,246.5,301.3,moving_average
SKU-1022,WH-005,2024-07-16,273.9,246.5,301.3,moving_average
SKU-1022,WH-005,2024-07-17,273.9,246.5,301.3,moving_average
SKU-1022,WH-005,2024-07-18,273.9,246.5,301.3,moving_average
SKU-1022,WH-005,2024-07-19,273.9,246.5,301.3,moving_average
SKU-1022,WH-005,2024-07-20,273.9,246.5,301.3,moving_average
SKU-1022,WH-005,2024-07-21,273.9,246.5,301.3,moving_average
SKU-1022,WH-005,2024-07-22,273.9,246.5,301.3,moving_average
SKU-1022,WH-005,2024-07-23,273.9,246.5,301.3,moving_average
SKU-1022,WH-005,2024-07-24,273.9,246.5,301.3,moving_average
SKU-1022,WH-005,2024-07-25,273.9,246.5,301.3,moving_average
SKU-1022,WH-005,2024-07-26,273.9,246.5,301.3,moving_average
SKU-1022,WH-005,2024-07-27,273.9,246.5,301.3,moving_average
SKU-1022,WH-005,2024-07-28,273.9,246.5,301.3,moving_average
SKU-1022,WH-005,2024-07-29,273.9,246.5,301.3,moving_average
SKU-1022,WH-005,2024-07-30,273.9,246.5,301.3,moving_average
SKU-1022,WH-005,2024-07-31,273.9,246.5,301.3,moving_average
SKU-1022,WH-005,2024-08-01,273.9,246.5,301.3,moving_average
SKU-1022,WH-005,2024-08-02,273.9,246.5,301.3,moving_average
SKU-1022,WH-005,2024-08-03,273.9,246.5,301.3,moving_average
SKU-1022,WH-005,2024-08-04,273.9,246.5,301.3,moving_average
SKU-1022,WH-005,2024-08-05,273.9,246.5,301.3,moving_average
SKU-1022,WH-005,2024-08-06,273.9,246.5,301.3,moving_average
SKU-1022,WH-005,2024-08-07,273.9,246.5,301.3,moving_average
SKU-1022,WH-005,2024-08-08,273.9,246.5,301.3,moving_average
SKU-1022,WH-005,2024-08-09,273.9,246.5,301.3,moving_average
SKU-1022,WH-005,2024-08-10,273.9,246.5,301.3,moving_average
SKU-1022,WH-005,2024-08-11,273.9,246.5,301.3,moving_average
SKU-1022,WH-005,2024-08-12,273.9,246.5,301.3,moving_average
SKU-1022,WH-005,2024-08-13,273.9,246.5,301.3,moving_average
SKU-1022,WH-005,2024-08-14,273.9,246.5,301.3,moving_average
SKU-1022,WH-005,2024-08-15,273.9,246.5,301.3,moving_average
SKU-1022,WH-005,2024-08-16,273.9,246.5,301.3,moving_average
SKU-1022,WH-005,2024-08-17,273.9,246.5,301.3,moving_average
SKU-1022,WH-005,2024-08-18,273.9,246.5,301.3,moving_average
SKU-1022,WH-005,2024-08-19,273.9,246.5,301.3,moving_average
SKU-1022,WH-005,2024-08-20,273.9,246.5,301.3,moving_average
SKU-1022,WH-005,2024-08-21,273.9,246.5,301.3,moving_average
SKU-1022,WH-005,2024-08-22,273.9,246.5,301.3,moving_average
SKU-1022,WH-005,2024-08-23,273.9,246.5,301.3,moving_average
SKU-1022,WH-005,2024-08-24,273.9,246.5,301.3,moving_average
SKU-1022,WH-005,2024-08-25,273.9,246.5,301.3,moving_average
SKU-1022,WH-005,2024-08-26,273.9,246.5,301.3,moving_average
SKU-1022,WH-005,2024-08-27,273.9,246.5,301.3,moving_average
SKU-1022,WH-005,2024-08-28,273.9,246.5,301.3,moving_average
SKU-1022,WH-005,2024-08-29,273.9,246.5,301.3,moving_average
SKU-1022,WH-005,2024-08-30,273.9,246.5,301.3,moving_average
SKU-1022,WH-005,2024-08-31,273.9,246.5,301.3,moving_average
SKU-1022,WH-005,2024-09-01,273.9,246.5,301.3,moving_average
SKU-1022,WH-005,2024-09-02,273.9,246.5,301.3,moving_average
SKU-1022,WH-005,2024-09-03,273.9,246.5,301.3,moving_average
SKU-1022,WH-005,2024-09-04,273.9,246.5,301.3,moving_average
SKU-1022,WH-005,2024-09-05,273.9,246.5,301.3,moving_average
SKU-1022,WH-005,2024-09-06,273.9,246.5,301.3,moving_average
SKU-1022,WH-005,2024-09-07,273.9,246.5,301.3,moving_average
SKU-1022,WH-005,2024-09-08,273.9,246.5,301.3,moving_average
SKU-1022,WH-005,2024-09-09,273.9,246.5,301.3,moving_average
SKU-1022,WH-005,2024-09-10,273.9,246.5,301.3,moving_average
SKU-1022,WH-005,2024-09-11,273.9,246.5,301.3,moving_average
SKU-1022,WH-005,2024-09-12,273.9,246.5,301.3,moving_average
SKU-1022,WH-005,2024-09-13,273.9,246.5,301.3,moving_average
SKU-1022,WH-005,2024-09-14,273.9,246.5,301.3,moving_average
SKU-1022,WH-005,2024-09-15,273.9,246.5,301.3,moving_average
SKU-1022,WH-005,2024-09-16,273.9,246.5,301.3,moving_average
SKU-1022,WH-005,2024-09-17,424.5,382.1,467.0,moving_average
SKU-1022,WH-005,2024-09-18,424.5,382.1,467.0,moving_average
SKU-1022,WH-005,2024-09-19,424.5,382.1,467.0,moving_average
SKU-1022,WH-005,2024-09-20,424.5,382.1,467.0,moving_average
SKU-1022,WH-005,2024-09-21,424.5,382.1,467.0,moving_average
SKU-1022,WH-005,2024-09-22,424.5,382.1,467.0,moving_average
SKU-1022,WH-005,2024-09-23,424.5,382.1,467.0,moving_average
SKU-1022,WH-005,2024-09-24,424.5,382.1,467.0,moving_average
SKU-1022,WH-005,2024-09-25,424.5,382.1,467.0,moving_average
SKU-1022,WH-005,2024-09-26,424.5,382.1,467.0,moving_average
SKU-1022,WH-006,2024-06-29,264.4,238.0,290.9,moving_average
SKU-1022,WH-006,2024-06-30,264.4,238.0,290.9,moving_average
SKU-1022,WH-006,2024-07-01,264.4,238.0,290.9,moving_average
SKU-1022,WH-006,2024-07-02,264.4,238.0,290.9,moving_average
SKU-1022,WH-006,2024-07-03,264.4,238.0,290.9,moving_average
SKU-1022,WH-006,2024-07-04,264.4,238.0,290.9,moving_average
SKU-1022,WH-006,2024-07-05,264.4,238.0,290.9,moving_average
SKU-1022,WH-006,2024-07-06,264.4,238.0,290.9,moving_average
SKU-1022,WH-006,2024-07-07,264.4,238.0,290.9,moving_average
SKU-1022,WH-006,2024-07-08,264.4,238.0,290.9,moving_average
SKU-1022,WH-006,2024-07-09,264.4,238.0,290.9,moving_average
SKU-1022,WH-006,2024-07-10,264.4,238.0,290.9,moving_average
SKU-1022,WH-006,2024-07-11,264.4,238.0,290.9,moving_average
SKU-1022,WH-006,2024-07-12,264.4,238.0,290.9,moving_average
SKU-1022,WH-006,2024-07-13,264.4,238.0,290.9,moving_average
SKU-1022,WH-006,2024-07-14,264.4,238.0,290.9,moving_average
SKU-1022,WH-006,2024-07-15,264.4,238.0,290.9,moving_average
SKU-1022,WH-006,2024-07-16,264.4,238.0,290.9,moving_average
SKU-1022,WH-006,2024-07-17,264.4,238.0,290.9,moving_average
SKU-1022,WH-006,2024-07-18,264.4,238.0,290.9,moving_average
SKU-1022,WH-006,2024-07-19,264.4,238.0,290.9,moving_average
SKU-1022,WH-006,2024-07-20,264.4,238.0,290.9,moving_average
SKU-1022,WH-006,2024-07-21,264.4,238.0,290.9,moving_average
SKU-1022,WH-006,2024-07-22,264.4,238.0,290.9,moving_average
SKU-1022,WH-006,2024-07-23,264.4,238.0,290.9,moving_average
SKU-1022,WH-006,2024-07-24,264.4,238.0,290.9,moving_average
SKU-1022,WH-006,2024-07-25,264.4,238.0,290.9,moving_average
SKU-1022,WH-006,2024-07-26,264.4,238.0,290.9,moving_average
SKU-1022,WH-006,2024-07-27,264.4,238.0,290.9,moving_average
SKU-1022,WH-006,2024-07-28,264.4,238.0,290.9,moving_average
SKU-1022,WH-006,2024-07-29,264.4,238.0,290.9,moving_average
SKU-1022,WH-006,2024-07-30,264.4,238.0,290.9,moving_average
SKU-1022,WH-006,2024-07-31,264.4,238.0,290.9,moving_average
SKU-1022,WH-006,2024-08-01,264.4,238.0,290.9,moving_average
SKU-1022,WH-006,2024-08-02,264.4,238.0,290.9,moving_average
SKU-1022,WH-006,2024-08-03,264.4,238.0,290.9,moving_average
SKU-1022,WH-006,2024-08-04,264.4,238.0,290.9,moving_average
SKU-1022,WH-006,2024-08-05,264.4,238.0,290.9,moving_average
SKU-1022,WH-006,2024-08-06,264.4,238.0,290.9,moving_average
SKU-1022,WH-006,2024-08-07,264.4,238.0,290.9,moving_average
SKU-1022,WH-006,2024-08-08,264.4,238.0,290.9,moving_average
SKU-1022,WH-006,2024-08-09,264.4,238.0,290.9,moving_average
SKU-1022,WH-006,2024-08-10,264.4,238.0,290.9,moving_average
SKU-1022,WH-006,2024-08-11,264.4,238.0,290.9,moving_average
SKU-1022,WH-006,2024-08-12,264.4,238.0,290.9,moving_average
SKU-1022,WH-006,2024-08-13,264.4,238.0,290.9,moving_average
SKU-1022,WH-006,2024-08-14,264.4,238.0,290.9,moving_average
SKU-1022,WH-006,2024-08-15,264.4,238.0,290.9,moving_average
SKU-1022,WH-006,2024-08-16,264.4,238.0,290.9,moving_average
SKU-1022,WH-006,2024-08-17,264.4,238.0,290.9,moving_average
SKU-1022,WH-006,2024-08-18,264.4,238.0,290.9,moving_average
SKU-1022,WH-006,2024-08-19,264.4,238.0,290.9,moving_average
SKU-1022,WH-006,2024-08-20,264.4,238.0,290.9,moving_average
SKU-1022,WH-006,2024-08-21,264.4,238.0,290.9,moving_average
SKU-1022,WH-006,2024-08-22,264.4,238.0,290.9,moving_average
SKU-1022,WH-006,2024-08-23,264.4,238.0,290.9,moving_average
SKU-1022,WH-006,2024-08-24,264.4,238.0,290.9,moving_average
SKU-1022,WH-006,2024-08-25,264.4,238.0,290.9,moving_average
SKU-1022,WH-006,2024-08-26,264.4,238.0,290.9,moving_average
SKU-1022,WH-006,2024-08-27,264.4,238.0,290.9,moving_average
SKU-1022,WH-006,2024-08-28,264.4,238.0,290.9,moving_average
SKU-1022,WH-006,2024-08-29,264.4,238.0,290.9,moving_average
SKU-1022,WH-006,2024-08-30,264.4,238.0,290.9,moving_average
SKU-1022,WH-006,2024-08-31,264.4,238.0,290.9,moving_average
SKU-1022,WH-006,2024-09-01,264.4,238.0,290.9,moving_average
SKU-1022,WH-006,2024-09-02,264.4,238.0,290.9,moving_average
SKU-1022,WH-006,2024-09-03,264.4,238.0,290.9,moving_average
SKU-1022,WH-006,2024-09-04,264.4,238.0,290.9,moving_average
SKU-1022,WH-006,2024-09-05,264.4,238.0,290.9,moving_average
SKU-1022,WH-006,2024-09-06,264.4,238.0,290.9,moving_average
SKU-1022,WH-006,2024-09-07,264.4,238.0,290.9,moving_average
SKU-1022,WH-006,2024-09-08,264.4,238.0,290.9,moving_average
SKU-1022,WH-006,2024-09-09,264.4,238.0,290.9,moving_average
SKU-1022,WH-006,2024-09-10,264.4,238.0,290.9,moving_average
SKU-1022,WH-006,2024-09-11,264.4,238.0,290.9,moving_average
SKU-1022,WH-006,2024-09-12,264.4,238.0,290.9,moving_average
SKU-1022,WH-006,2024-09-13,264.4,238.0,290.9,moving_average
SKU-1022,WH-006,2024-09-14,264.4,238.0,290.9,moving_average
SKU-1022,WH-006,2024-09-15,264.4,238.0,290.9,moving_average
SKU-1022,WH-006,2024-09-16,264.4,238.0,290.9,moving_average
SKU-1022,WH-006,2024-09-17,264.4,238.0,290.9,moving_average
SKU-1022,WH-006,2024-09-18,264.4,238.0,290.9,moving_average
SKU-1022,WH-006,2024-09-19,264.4,238.0,290.9,moving_average
SKU-1022,WH-006,2024-09-20,264.4,238.0,290.9,moving_average
SKU-1022,WH-006,2024-09-21,264.4,238.0,290.9,moving_average
SKU-1022,WH-006,2024-09-22,264.4,238.0,290.9,moving_average
SKU-1022,WH-006,2024-09-23,264.4,238.0,290.9,moving_average
SKU-1022,WH-006,2024-09-24,264.4,238.0,290.9,moving_average
SKU-1022,WH-006,2024-09-25,264.4,238.0,290.9,moving_average
SKU-1022,WH-006,2024-09-26,264.4,238.0,290.9,moving_average
SKU-1022,WH-007,2024-06-29,229.7,183.8,275.7,xgboost
SKU-1022,WH-007,2024-06-30,179.5,143.6,215.4,xgboost
SKU-1022,WH-007,2024-07-01,205.1,164.1,246.1,xgboost
SKU-1022,WH-007,2024-07-02,264.9,211.9,317.8,xgboost
SKU-1022,WH-007,2024-07-03,314.4,251.5,377.3,xgboost
SKU-1022,WH-007,2024-07-04,261.6,209.3,313.9,xgboost
SKU-1022,WH-007,2024-07-05,282.2,225.8,338.7,xgboost
SKU-1022,WH-007,2024-07-06,219.7,175.8,263.7,xgboost
SKU-1022,WH-007,2024-07-07,208.0,166.4,249.7,xgboost
SKU-1022,WH-007,2024-07-08,219.2,175.4,263.1,xgboost
SKU-1022,WH-007,2024-07-09,316.0,252.8,379.2,xgboost
SKU-1022,WH-007,2024-07-10,335.2,268.2,402.3,xgboost
SKU-1022,WH-007,2024-07-11,390.1,312.1,468.1,xgboost
SKU-1022,WH-007,2024-07-12,313.3,250.6,376.0,xgboost
SKU-1022,WH-007,2024-07-13,270.2,216.1,324.2,xgboost
SKU-1022,WH-007,2024-07-14,241.2,193.0,289.5,xgboost
SKU-1022,WH-007,2024-07-15,218.4,174.7,262.1,xgboost
SKU-1022,WH-007,2024-07-16,232.2,185.8,278.6,xgboost
SKU-1022,WH-007,2024-07-17,236.5,189.2,283.8,xgboost
SKU-1022,WH-007,2024-07-18,356.3,285.0,427.6,xgboost
SKU-1022,WH-007,2024-07-19,315.6,252.5,378.8,xgboost
SKU-1022,WH-007,2024-07-20,261.1,208.9,313.3,xgboost
SKU-1022,WH-007,2024-07-21,225.4,180.3,270.5,xgboost
SKU-1022,WH-007,2024-07-22,268.6,214.9,322.3,xgboost
SKU-1022,WH-007,2024-07-23,370.4,296.3,444.4,xgboost
SKU-1022,WH-007,2024-07-24,335.3,268.3,402.4,xgboost
SKU-1022,WH-007,2024-07-25,374.3,299.4,449.2,xgboost
SKU-1022,WH-007,2024-07-26,499.2,399.3,599.0,xgboost
SKU-1022,WH-007,2024-07-27,355.3,284.2,426.3,xgboost
SKU-1022,WH-007,2024-07-28,250.8,200.7,301.0,xgboost
SKU-1022,WH-007,2024-07-29,209.3,167.4,251.1,xgboost
SKU-1022,WH-007,2024-07-30,303.3,242.7,364.0,xgboost
SKU-1022,WH-007,2024-07-31,375.5,300.4,450.6,xgboost
SKU-1022,WH-007,2024-08-01,284.0,227.2,340.8,xgboost
SKU-1022,WH-007,2024-08-02,342.8,274.2,411.3,xgboost
SKU-1022,WH-007,2024-08-03,359.6,287.7,431.5,xgboost
SKU-1022,WH-007,2024-08-04,170.1,136.1,204.2,xgboost
SKU-1022,WH-007,2024-08-05,178.5,142.8,214.2,xgboost
SKU-1022,WH-007,2024-08-06,251.8,201.5,302.2,xgboost
SKU-1022,WH-007,2024-08-07,222.4,177.9,266.9,xgboost
SKU-1022,WH-007,2024-08-08,237.5,190.0,285.0,xgboost
SKU-1022,WH-007,2024-08-09,213.4,170.7,256.1,xgboost
SKU-1022,WH-007,2024-08-10,234.0,187.2,280.8,xgboost
SKU-1022,WH-007,2024-08-11,351.0,280.8,421.1,xgboost
SKU-1022,WH-007,2024-08-12,241.8,193.4,290.1,xgboost
SKU-1022,WH-007,2024-08-13,271.8,217.4,326.2,xgboost
SKU-1022,WH-007,2024-08-14,261.2,209.0,313.5,xgboost
SKU-1022,WH-007,2024-08-15,249.2,199.4,299.0,xgboost
SKU-1022,WH-007,2024-08-16,245.3,196.2,294.4,xgboost
SKU-1022,WH-007,2024-08-17,223.7,179.0,268.5,xgboost
SKU-1022,WH-007,2024-08-18,222.6,178.1,267.1,xgboost
SKU-1022,WH-007,2024-08-19,400.1,320.1,480.1,xgboost
SKU-1022,WH-007,2024-08-20,195.8,156.6,234.9,xgboost
SKU-1022,WH-007,2024-08-21,324.8,259.9,389.8,xgboost
SKU-1022,WH-007,2024-08-22,303.4,242.7,364.1,xgboost
SKU-1022,WH-007,2024-08-23,315.3,252.3,378.4,xgboost
SKU-1022,WH-007,2024-08-24,302.2,241.8,362.6,xgboost
SKU-1022,WH-007,2024-08-25,264.1,211.3,316.9,xgboost
SKU-1022,WH-007,2024-08-26,237.9,190.3,285.5,xgboost
SKU-1022,WH-007,2024-08-27,310.7,248.5,372.8,xgboost
SKU-1022,WH-007,2024-08-28,258.9,207.1,310.6,xgboost
SKU-1022,WH-007,2024-08-29,263.5,210.8,316.2,xgboost
SKU-1022,WH-007,2024-08-30,207.9,166.3,249.4,xgboost
SKU-1022,WH-007,2024-08-31,225.2,180.2,270.2,xgboost
SKU-1022,WH-007,2024-09-01,179.1,143.3,214.9,xgboost
SKU-1022,WH-007,2024-09-02,208.2,166.6,249.9,xgboost
SKU-1022,WH-007,2024-09-03,233.7,187.0,280.5,xgboost
SKU-1022,WH-007,2024-09-04,244.3,195.5,293.2,xgboost
SKU-1022,WH-007,2024-09-05,217.0,173.6,260.4,xgboost
SKU-1022,WH-007,2024-09-06,227.0,181.6,272.4,xgboost
SKU-1022,WH-007,2024-09-07,208.3,166.6,249.9,xgboost
SKU-1022,WH-007,2024-09-08,201.0,160.8,241.3,xgboost
SKU-1022,WH-007,2024-09-09,198.4,158.7,238.1,xgboost
SKU-1022,WH-007,2024-09-10,231.6,185.3,278.0,xgboost
SKU-1022,WH-007,2024-09-11,243.4,194.7,292.1,xgboost
SKU-1022,WH-007,2024-09-12,232.2,185.8,278.7,xgboost
SKU-1022,WH-007,2024-09-13,226.8,181.4,272.1,xgboost
SKU-1022,WH-007,2024-09-14,225.3,180.2,270.3,xgboost
SKU-1022,WH-007,2024-09-15,179.5,143.6,215.5,xgboost
SKU-1022,WH-007,2024-09-16,195.2,156.2,234.3,xgboost
SKU-1022,WH-007,2024-09-17,165.2,132.1,198.2,xgboost
SKU-1022,WH-007,2024-09-18,272.5,218.0,327.0,xgboost
SKU-1022,WH-007,2024-09-19,251.3,201.1,301.6,xgboost
SKU-1022,WH-007,2024-09-20,293.7,235.0,352.5,xgboost
SKU-1022,WH-007,2024-09-21,291.9,233.5,350.3,xgboost
SKU-1022,WH-007,2024-09-22,296.2,236.9,355.4,xgboost
SKU-1022,WH-007,2024-09-23,289.6,231.7,347.5,xgboost
SKU-1022,WH-007,2024-09-24,243.9,195.1,292.7,xgboost
SKU-1022,WH-007,2024-09-25,340.3,272.3,408.4,xgboost
SKU-1022,WH-007,2024-09-26,256.8,205.4,308.2,xgboost
SKU-1023,WH-001,2024-06-29,182.8,146.2,219.4,xgboost
SKU-1023,WH-001,2024-06-30,203.8,163.0,244.5,xgboost
SKU-1023,WH-001,2024-07-01,175.6,140.5,210.7,xgboost
SKU-1023,WH-001,2024-07-02,279.3,223.5,335.2,xgboost
SKU-1023,WH-001,2024-07-03,281.4,225.2,337.7,xgboost
SKU-1023,WH-001,2024-07-04,231.9,185.5,278.2,xgboost
SKU-1023,WH-001,2024-07-05,225.1,180.1,270.2,xgboost
SKU-1023,WH-001,2024-07-06,243.9,195.1,292.6,xgboost
SKU-1023,WH-001,2024-07-07,285.0,228.0,342.0,xgboost
SKU-1023,WH-001,2024-07-08,241.8,193.4,290.1,xgboost
SKU-1023,WH-001,2024-07-09,296.8,237.5,356.2,xgboost
SKU-1023,WH-001,2024-07-10,226.4,181.1,271.7,xgboost
SKU-1023,WH-001,2024-07-11,200.1,160.1,240.1,xgboost
SKU-1023,WH-001,2024-07-12,234.6,187.7,281.5,xgboost
SKU-1023,WH-001,2024-07-13,204.8,163.8,245.7,xgboost
SKU-1023,WH-001,2024-07-14,217.3,173.9,260.8,xgboost
SKU-1023,WH-001,2024-07-15,208.7,166.9,250.4,xgboost
SKU-1023,WH-001,2024-07-16,229.3,183.5,275.2,xgboost
SKU-1023,WH-001,2024-07-17,237.7,190.1,285.2,xgboost
SKU-1023,WH-001,2024-07-18,252.0,201.6,302.4,xgboost
SKU-1023,WH-001,2024-07-19,206.5,165.2,247.8,xgboost
SKU-1023,WH-001,2024-07-20,216.9,173.5,260.3,xgboost
SKU-1023,WH-001,2024-07-21,175.4,140.4,210.5,xgboost
SKU-1023,WH-001,2024-07-22,234.3,187.4,281.1,xgboost
SKU-1023,WH-001,2024-07-23,245.8,196.7,295.0,xgboost
SKU-1023,WH-001,2024-07-24,216.5,173.2,259.7,xgboost
SKU-1023,WH-001,2024-07-25,234.3,187.5,281.2,xgboost
SKU-1023,WH-001,2024-07-26,166.3,133.0,199.5,xgboost
SKU-1023,WH-001,2024-07-27,159.4,127.5,191.3,xgboost
SKU-1023,WH-001,2024-07-28,163.5,130.8,196.2,xgboost
SKU-1023,WH-001,2024-07-29,158.6,126.8,190.3,xgboost
SKU-1023,WH-001,2024-07-30,236.6,189.2,283.9,xgboost
SKU-1023,WH-001,2024-07-31,206.9,165.5,248.2,xgboost
SKU-1023,WH-001,2024-08-01,225.2,180.2,270.3,xgboost
SKU-1023,WH-001,2024-08-02,239.3,191.5,287.2,xgboost
SKU-1023,WH-001,2024-08-03,233.3,186.7,280.0,xgboost
SKU-1023,WH-001,2024-08-04,223.6,178.9,268.3,xgboost
SKU-1023,WH-001,2024-08-05,221.2,176.9,265.4,xgboost
SKU-1023,WH-001,2024-08-06,289.6,231.6,347.5,xgboost
SKU-1023,WH-001,2024-08-07,288.7,231.0,346.5,xgboost
SKU-1023,WH-001,2024-08-08,247.5,198.0,297.0,xgboost
SKU-1023,WH-001,2024-08-09,257.0,205.6,308.4,xgboost
SKU-1023,WH-001,2024-08-10,224.4,179.5,269.3,xgboost
SKU-1023,WH-001,2024-08-11,192.1,153.7,230.5,xgboost
SKU-1023,WH-001,2024-08-12,185.0,148.0,222.0,xgboost
SKU-1023,WH-001,2024-08-13,204.0,163.2,244.8,xgboost
SKU-1023,WH-001,2024-08-14,224.0,179.2,268.8,xgboost
SKU-1023,WH-001,2024-08-15,226.3,181.1,271.6,xgboost
SKU-1023,WH-001,2024-08-16,239.8,191.9,287.8,xgboost
SKU-1023,WH-001,2024-08-17,215.5,172.4,258.6,xgboost
SKU-1023,WH-001,2024-08-18,214.8,171.8,257.7,xgboost
SKU-1023,WH-001,2024-08-19,182.8,146.2,219.3,xgboost
SKU-1023,WH-001,2024-08-20,247.2,197.8,296.7,xgboost
SKU-1023,WH-001,2024-08-21,194.7,155.8,233.6,xgboost
SKU-1023,WH-001,2024-08-22,216.1,172.9,259.4,xgboost
SKU-1023,WH-001,2024-08-23,200.9,160.7,241.1,xgboost
SKU-1023,WH-001,2024-08-24,182.7,146.1,219.2,xgboost
SKU-1023,WH-001,2024-08-25,178.5,142.8,214.2,xgboost
SKU-1023,WH-001,2024-08-26,154.6,123.7,185.5,xgboost
SKU-1023,WH-001,2024-08-27,187.7,150.2,225.3,xgboost
SKU-1023,WH-001,2024-08-28,151.8,121.5,182.2,xgboost
SKU-1023,WH-001,2024-08-29,174.3,139.5,209.2,xgboost
SKU-1023,WH-001,2024-08-30,215.4,172.3,258.5,xgboost
SKU-1023,WH-001,2024-08-31,202.8,162.2,243.3,xgboost
SKU-1023,WH-001,2024-09-01,210.9,168.7,253.1,xgboost
SKU-1023,WH-001,2024-09-02,237.2,189.8,284.7,xgboost
SKU-1023,WH-001,2024-09-03,229.1,183.3,275.0,xgboost
SKU-1023,WH-001,2024-09-04,227.5,182.0,272.9,xgboost
SKU-1023,WH-001,2024-09-05,242.1,193.6,290.5,xgboost
SKU-1023,WH-001,2024-09-06,267.0,213.6,320.4,xgboost
SKU-1023,WH-001,2024-09-07,282.0,225.6,338.4,xgboost
SKU-1023,WH-001,2024-09-08,260.9,208.7,313.1,xgboost
SKU-1023,WH-001,2024-09-09,233.7,187.0,280.5,xgboost
SKU-1023,WH-001,2024-09-10,248.0,198.4,297.6,xgboost
SKU-1023,WH-001,2024-09-11,234.7,187.8,281.7,xgboost
SKU-1023,WH-001,2024-09-12,200.9,160.7,241.0,xgboost
SKU-1023,WH-001,2024-09-13,201.1,160.9,241.3,xgboost
SKU-1023,WH-001,2024-09-14,226.5,181.2,271.8,xgboost
SKU-1023,WH-001,2024-09-15,216.2,173.0,259.5,xgboost
SKU-1023,WH-001,2024-09-16,208.9,167.2,250.7,xgboost
SKU-1023,WH-001,2024-09-17,277.0,221.6,332.4,xgboost
SKU-1023,WH-001,2024-09-18,234.0,187.2,280.7,xgboost
SKU-1023,WH-001,2024-09-19,229.9,183.9,275.9,xgboost
SKU-1023,WH-001,2024-09-20,190.2,152.1,228.2,xgboost
SKU-1023,WH-001,2024-09-21,204.4,163.5,245.3,xgboost
SKU-1023,WH-001,2024-09-22,205.2,164.2,246.2,xgboost
SKU-1023,WH-001,2024-09-23,187.7,150.1,225.2,xgboost
SKU-1023,WH-001,2024-09-24,227.2,181.8,272.6,xgboost
SKU-1023,WH-001,2024-09-25,209.4,167.5,251.3,xgboost
SKU-1023,WH-001,2024-09-26,180.5,144.4,216.5,xgboost
SKU-1023,WH-002,2024-06-29,210.8,179.2,242.4,exponential_smoothing
SKU-1023,WH-002,2024-06-30,195.3,166.0,224.6,exponential_smoothing
SKU-1023,WH-002,2024-07-01,252.0,214.2,289.8,exponential_smoothing
SKU-1023,WH-002,2024-07-02,248.9,211.6,286.3,exponential_smoothing
SKU-1023,WH-002,2024-07-03,218.4,185.7,251.2,exponential_smoothing
SKU-1023,WH-002,2024-07-04,215.3,183.0,247.5,exponential_smoothing
SKU-1023,WH-002,2024-07-05,212.6,180.7,244.4,exponential_smoothing
SKU-1023,WH-002,2024-07-06,213.7,181.6,245.7,exponential_smoothing
SKU-1023,WH-002,2024-07-07,198.2,168.5,227.9,exponential_smoothing
SKU-1023,WH-002,2024-07-08,254.9,216.6,293.1,exponential_smoothing
SKU-1023,WH-002,2024-07-09,251.8,214.0,289.6,exponential_smoothing
SKU-1023,WH-002,2024-07-10,221.3,188.1,254.5,exponential_smoothing
SKU-1023,WH-002,2024-07-11,218.1,185.4,250.8,exponential_smoothing
SKU-1023,WH-002,2024-07-12,215.4,183.1,247.7,exponential_smoothing
SKU-1023,WH-002,2024-07-13,216.5,184.1,249.0,exponential_smoothing
SKU-1023,WH-002,2024-07-14,201.1,170.9,231.2,exponential_smoothing
SKU-1023,WH-002,2024-07-15,257.7,219.1,296.4,exponential_smoothing
SKU-1023,WH-002,2024-07-16,254.7,216.5,292.9,exponential_smoothing
SKU-1023,WH-002,2024-07-17,249.1,211.7,286.4,exponential_smoothing
SKU-1023,WH-002,2024-07-18,245.5,208.7,282.4,exponential_smoothing
SKU-1023,WH-002,2024-07-19,242.5,206.1,278.9,exponential_smoothing
SKU-1023,WH-002,2024-07-20,243.8,207.2,280.3,exponential_smoothing
SKU-1023,WH-002,2024-07-21,226.6,192.6,260.6,exponential_smoothing
SKU-1023,WH-002,2024-07-22,289.5,246.1,333.0,exponential_smoothing
SKU-1023,WH-002,2024-07-23,286.1,243.2,329.1,exponential_smoothing
SKU-1023,WH-002,2024-07-24,252.3,214.4,290.1,exponential_smoothing
SKU-1023,WH-002,2024-07-25,248.7,211.4,286.0,exponential_smoothing
SKU-1023,WH-002,2024-07-26,221.2,188.0,254.3,exponential_smoothing
SKU-1023,WH-002,2024-07-27,222.3,188.9,255.6,exponential_smoothing
SKU-1023,WH-002,2024-07-28,206.8,175.8,237.8,exponential_smoothing
SKU-1023,WH-002,2024-07-29,263.5,224.0,303.0,exponential_smoothing
SKU-1023,WH-002,2024-07-30,260.4,221.4,299.5,exponential_smoothing
SKU-1023,WH-002,2024-07-31,229.9,195.4,264.4,exponential_smoothing
SKU-1023,WH-002,2024-08-01,226.7,192.7,260.8,exponential_smoothing
SKU-1023,WH-002,2024-08-02,224.0,190.4,257.6,exponential_smoothing
SKU-1023,WH-002,2024-08-03,225.2,191.4,258.9,exponential_smoothing
SKU-1023,WH-002,2024-08-04,209.7,178.2,241.1,exponential_smoothing
SKU-1023,WH-002,2024-08-05,266.4,226.4,306.3,exponential_smoothing
SKU-1023,WH-002,2024-08-06,263.3,223.8,302.8,exponential_smoothing
SKU-1023,WH-002,2024-08-07,232.8,197.9,267.7,exponential_smoothing
SKU-1023,WH-002,2024-08-08,229.6,195.2,264.1,exponential_smoothing
SKU-1023,WH-002,2024-08-09,226.9,192.9,260.9,exponential_smoothing
SKU-1023,WH-002,2024-08-10,228.0,193.8,262.2,exponential_smoothing
SKU-1023,WH-002,2024-08-11,212.6,180.7,244.4,exponential_smoothing
SKU-1023,WH-002,2024-08-12,269.2,228.8,309.6,exponential_smoothing
SKU-1023,WH-002,2024-08-13,266.2,226.2,306.1,exponential_smoothing
SKU-1023,WH-002,2024-08-14,235.7,200.3,271.0,exponential_smoothing
SKU-1023,WH-002,2024-08-15,232.5,197.6,267.4,exponential_smoothing
SKU-1023,WH-002,2024-08-16,229.8,195.3,264.2,exponential_smoothing
SKU-1023,WH-002,2024-08-17,230.9,196.3,265.5,exponential_smoothing
SKU-1023,WH-002,2024-08-18,215.4,183.1,247.7,exponential_smoothing
SKU-1023,WH-002,2024-08-19,272.1,231.3,312.9,exponential_smoothing
SKU-1023,WH-002,2024-08-20,269.0,228.7,309.4,exponential_smoothing
SKU-1023,WH-002,2024-08-21,238.5,202.8,274.3,exponential_smoothing
SKU-1023,WH-002,2024-08-22,235.4,200.1,270.7,exponential_smoothing
SKU-1023,WH-002,2024-08-23,232.7,197.8,267.5,exponential_smoothing
SKU-1023,WH-002,2024-08-24,233.8,198.7,268.8,exponential_smoothing
SKU-1023,WH-002,2024-08-25,218.3,185.6,251.0,exponential_smoothing
SKU-1023,WH-002,2024-08-26,275.0,233.7,316.2,exponential_smoothing
SKU-1023,WH-002,2024-08-27,271.9,231.1,312.7,exponential_smoothing
SKU-1023,WH-002,2024-08-28,241.4,205.2,277.6,exponential_smoothing
SKU-1023,WH-002,2024-08-29,238.2,202.5,274.0,exponential_smoothing
SKU-1023,WH-002,2024-08-30,235.5,200.2,270.9,exponential_smoothing
SKU-1023,WH-002,2024-08-31,236.6,201.1,272.1,exponential_smoothing
SKU-1023,WH-002,2024-09-01,221.2,188.0,254.3,exponential_smoothing
SKU-1023,WH-002,2024-09-02,277.8,236.2,319.5,exponential_smoothing
SKU-1023,WH-002,2024-09-03,274.8,233.6,316.0,exponential_smoothing
SKU-1023,WH-002,2024-09-04,244.3,207.6,280.9,exponential_smoothing
SKU-1023,WH-002,2024-09-05,241.1,204.9,277.3,exponential_smoothing
SKU-1023,WH-002,2024-09-06,238.4,202.6,274.2,exponential_smoothing
SKU-1023,WH-002,2024-09-07,239.5,203.6,275.4,exponential_smoothing
SKU-1023,WH-002,2024-09-08,224.0,190.4,257.7,exponential_smoothing
SKU-1023,WH-002,2024-09-09,280.7,238.6,322.8,exponential_smoothing
SKU-1023,WH-002,2024-09-10,277.6,236.0,319.3,exponential_smoothing
SKU-1023,WH-002,2024-09-11,247.2,210.1,284.2,exponential_smoothing
SKU-1023,WH-002,2024-09-12,244.0,207.4,280.6,exponential_smoothing
SKU-1023,WH-002,2024-09-13,241.3,205.1,277.5,exponential_smoothing
SKU-1023,WH-002,2024-09-14,242.4,206.0,278.7,exponential_smoothing
SKU-1023,WH-002,2024-09-15,226.9,192.9,261.0,exponential_smoothing
SKU-1023,WH-002,2024-09-16,283.6,241.1,326.1,exponential_smoothing
SKU-1023,WH-002,2024-09-17,280.5,238.4,322.6,exponential_smoothing
SKU-1023,WH-002,2024-09-18,250.0,212.5,287.5,exponential_smoothing
SKU-1023,WH-002,2024-09-19,246.8,209.8,283.9,exponential_smoothing
SKU-1023,WH-002,2024-09-20,244.1,207.5,280.8,exponential_smoothing
SKU-1023,WH-002,2024-09-21,245.3,208.5,282.0,exponential_smoothing
SKU-1023,WH-002,2024-09-22,229.8,195.3,264.3,exponential_smoothing
SKU-1023,WH-002,2024-09-23,286.5,243.5,329.4,exponential_smoothing
SKU-1023,WH-002,2024-09-24,283.4,240.9,325.9,exponential_smoothing
SKU-1023,WH-002,2024-09-25,252.9,215.0,290.8,exponential_smoothing
SKU-1023,WH-002,2024-09-26,249.7,212.3,287.2,exponential_smoothing
SKU-1023,WH-003,2024-06-29,260.4,221.4,299.5,exponential_smoothing
SKU-1023,WH-003,2024-06-30,248.5,211.2,285.8,exponential_smoothing
SKU-1023,WH-003,2024-07-01,288.8,245.5,332.1,exponential_smoothing
SKU-1023,WH-003,2024-07-02,275.8,234.4,317.2,exponential_smoothing
SKU-1023,WH-003,2024-07-03,278.2,236.5,320.0,exponential_smoothing
SKU-1023,WH-003,2024-07-04,264.7,225.0,304.4,exponential_smoothing
SKU-1023,WH-003,2024-07-05,270.7,230.1,311.2,exponential_smoothing
SKU-1023,WH-003,2024-07-06,264.5,224.8,304.2,exponential_smoothing
SKU-1023,WH-003,2024-07-07,252.6,214.7,290.4,exponential_smoothing
SKU-1023,WH-003,2024-07-08,292.9,248.9,336.8,exponential_smoothing
SKU-1023,WH-003,2024-07-09,279.9,237.9,321.8,exponential_smoothing
SKU-1023,WH-003,2024-07-10,282.3,239.9,324.6,exponential_smoothing
SKU-1023,WH-003,2024-07-11,268.8,228.4,309.1,exponential_smoothing
SKU-1023,WH-003,2024-07-12,274.7,233.5,315.9,exponential_smoothing
SKU-1023,WH-003,2024-07-13,268.5,228.2,308.8,exponential_smoothing
SKU-1023,WH-003,2024-07-14,256.6,218.1,295.1,exponential_smoothing
SKU-1023,WH-003,2024-07-15,296.9,252.4,341.4,exponential_smoothing
SKU-1023,WH-003,2024-07-16,283.9,241.3,326.5,exponential_smoothing
SKU-1023,WH-003,2024-07-17,286.3,243.4,329.2,exponential_smoothing
SKU-1023,WH-003,2024-07-18,272.8,231.9,313.7,exponential_smoothing
SKU-1023,WH-003,2024-07-19,278.7,236.9,320.5,exponential_smoothing
SKU-1023,WH-003,2024-07-20,272.6,231.7,313.4,exponential_smoothing
SKU-1023,WH-003,2024-07-21,260.6,221.5,299.7,exponential_smoothing
SKU-1023,WH-003,2024-07-22,300.9,255.8,346.1,exponential_smoothing
SKU-1023,WH-003,2024-07-23,287.9,244.7,331.1,exponential_smoothing
SKU-1023,WH-003,2024-07-24,290.3,246.8,333.9,exponential_smoothing
SKU-1023,WH-003,2024-07-25,276.8,235.3,318.3,exponential_smoothing
SKU-1023,WH-003,2024-07-26,282.8,240.3,325.2,exponential_smoothing
SKU-1023,WH-003,2024-07-27,276.6,235.1,318.1,exponential_smoothing
SKU-1023,WH-003,2024-07-28,264.7,225.0,304.4,exponential_smoothing
SKU-1023,WH-003,2024-07-29,305.0,259.2,350.7,exponential_smoothing
SKU-1023,WH-003,2024-07-30,292.0,248.2,335.7,exponential_smoothing
SKU-1023,WH-003,2024-07-31,294.4,250.2,338.5,exponential_smoothing
SKU-1023,WH-003,2024-08-01,280.9,238.7,323.0,exponential_smoothing
SKU-1023,WH-003,2024-08-02,286.8,243.8,329.8,exponential_smoothing
SKU-1023,WH-003,2024-08-03,280.6,238.5,322.7,exponential_smoothing
SKU-1023,WH-003,2024-08-04,268.7,228.4,309.0,exponential_smoothing
SKU-1023,WH-003,2024-08-05,309.0,262.6,355.3,exponential_smoothing
SKU-1023,WH-003,2024-08-06,296.0,251.6,340.4,exponential_smoothing
SKU-1023,WH-003,2024-08-07,298.4,253.6,343.2,exponential_smoothing
SKU-1023,WH-003,2024-08-08,284.9,242.2,327.6,exponential_smoothing
SKU-1023,WH-003,2024-08-09,290.8,247.2,334.4,exponential_smoothing
SKU-1023,WH-003,2024-08-10,284.7,242.0,327.4,exponential_smoothing
SKU-1023,WH-003,2024-08-11,272.7,231.8,313.6,exponential_smoothing
SKU-1023,WH-003,2024-08-12,313.0,266.1,360.0,exponential_smoothing
SKU-1023,WH-003,2024-08-13,300.0,255.0,345.0,exponential_smoothing
SKU-1023,WH-003,2024-08-14,302.4,257.1,347.8,exponential_smoothing
SKU-1023,WH-003,2024-08-15,288.9,245.6,332.3,exponential_smoothing
SKU-1023,WH-003,2024-08-16,294.9,250.6,339.1,exponential_smoothing
SKU-1023,WH-003,2024-08-17,288.7,245.4,332.0,exponential_smoothing
SKU-1023,WH-003,2024-08-18,276.8,235.2,318.3,exponential_smoothing
SKU-1023,WH-003,2024-08-19,317.1,269.5,364.6,exponential_smoothing
SKU-1023,WH-003,2024-08-20,304.1,258.5,349.7,exponential_smoothing
SKU-1023,WH-003,2024-08-21,306.5,260.5,352.4,exponential_smoothing
SKU-1023,WH-003,2024-08-22,293.0,249.0,336.9,exponential_smoothing
SKU-1023,WH-003,2024-08-23,298.9,254.1,343.7,exponential_smoothing
SKU-1023,WH-003,2024-08-24,292.7,248.8,336.6,exponential_smoothing
SKU-1023,WH-003,2024-08-25,280.8,238.7,322.9,exponential_smoothing
SKU-1023,WH-003,2024-08-26,321.1,272.9,369.3,exponential_smoothing
SKU-1023,WH-003,2024-08-27,308.1,261.9,354.3,exponential_smoothing
SKU-1023,WH-003,2024-08-28,310.5,263.9,357.1,exponential_smoothing
SKU-1023,WH-003,2024-08-29,297.0,252.4,341.5,exponential_smoothing
SKU-1023,WH-003,2024-08-30,401.4,341.2,461.6,exponential_smoothing
SKU-1023,WH-003,2024-08-31,393.2,334.2,452.2,exponential_smoothing
SKU-1023,WH-003,2024-09-01,377.4,320.8,434.0,exponential_smoothing
SKU-1023,WH-003,2024-09-02,430.8,366.2,495.4,exponential_smoothing
SKU-1023,WH-003,2024-09-03,413.6,351.5,475.6,exponential_smoothing
SKU-1023,WH-003,2024-09-04,416.8,354.3,479.3,exponential_smoothing
SKU-1023,WH-003,2024-09-05,301.0,255.9,346.2,exponential_smoothing
SKU-1023,WH-003,2024-09-06,307.0,260.9,353.0,exponential_smoothing
SKU-1023,WH-003,2024-09-07,300.8,255.7,345.9,exponential_smoothing
SKU-1023,WH-003,2024-09-08,288.9,245.5,332.2,exponential_smoothing
SKU-1023,WH-003,2024-09-09,329.2,279.8,378.5,exponential_smoothing
SKU-1023,WH-003,2024-09-10,316.2,268.7,363.6,exponential_smoothing
SKU-1023,WH-003,2024-09-11,318.6,270.8,366.4,exponential_smoothing
SKU-1023,WH-003,2024-09-12,305.1,259.3,350.8,exponential_smoothing
SKU-1023,WH-003,2024-09-13,311.0,264.3,357.6,exponential_smoothing
SKU-1023,WH-003,2024-09-14,304.8,259.1,350.6,exponential_smoothing
SKU-1023,WH-003,2024-09-15,292.9,249.0,336.8,exponential_smoothing
SKU-1023,WH-003,2024-09-16,333.2,283.2,383.2,exponential_smoothing
SKU-1023,WH-003,2024-09-17,320.2,272.2,368.2,exponential_smoothing
SKU-1023,WH-003,2024-09-18,322.6,274.2,371.0,exponential_smoothing
SKU-1023,WH-003,2024-09-19,309.1,262.7,355.5,exponential_smoothing
SKU-1023,WH-003,2024-09-20,315.0,267.8,362.3,exponential_smoothing
SKU-1023,WH-003,2024-09-21,308.9,262.5,355.2,exponential_smoothing
SKU-1023,WH-003,2024-09-22,296.9,252.4,341.5,exponential_smoothing
SKU-1023,WH-003,2024-09-23,337.2,286.6,387.8,exponential_smoothing
SKU-1023,WH-003,2024-09-24,324.2,275.6,372.9,exponential_smoothing
SKU-1023,WH-003,2024-09-25,326.6,277.7,375.6,exponential_smoothing
SKU-1023,WH-003,2024-09-26,313.1,266.2,360.1,exponential_smoothing
SKU-1023,WH-004,2024-06-29,279.1,251.2,307.0,moving_average
SKU-1023,WH-004,2024-06-30,279.1,251.2,307.0,moving_average
SKU-1023,WH-004,2024-07-01,279.1,251.2,307.0,moving_average
SKU-1023,WH-004,2024-07-02,279.1,251.2,307.0,moving_average
SKU-1023,WH-004,2024-07-03,279.1,251.2,307.0,moving_average
SKU-1023,WH-004,2024-07-04,279.1,251.2,307.0,moving_average
SKU-1023,WH-004,2024-07-05,279.1,251.2,307.0,moving_average
SKU-1023,WH-004,2024-07-06,279.1,251.2,307.0,moving_average
SKU-1023,WH-004,2024-07-07,279.1,251.2,307.0,moving_average
SKU-1023,WH-004,2024-07-08,279.1,251.2,307.0,moving_average
SKU-1023,WH-004,2024-07-09,279.1,251.2,307.0,moving_average
SKU-1023,WH-004,2024-07-10,279.1,251.2,307.0,moving_average
SKU-1023,WH-004,2024-07-11,279.1,251.2,307.0,moving_average
SKU-1023,WH-004,2024-07-12,279.1,251.2,307.0,moving_average
SKU-1023,WH-004,2024-07-13,279.1,251.2,307.0,moving_average
SKU-1023,WH-004,2024-07-14,279.1,251.2,307.0,moving_average
SKU-1023,WH-004,2024-07-15,279.1,251.2,307.0,moving_average
SKU-1023,WH-004,2024-07-16,279.1,251.2,307.0,moving_average
SKU-1023,WH-004,2024-07-17,279.1,251.2,307.0,moving_average
SKU-1023,WH-004,2024-07-18,279.1,251.2,307.0,moving_average
SKU-1023,WH-004,2024-07-19,279.1,251.2,307.0,moving_average
SKU-1023,WH-004,2024-07-20,279.1,251.2,307.0,moving_average
SKU-1023,WH-004,2024-07-21,279.1,251.2,307.0,moving_average
SKU-1023,WH-004,2024-07-22,279.1,251.2,307.0,moving_average
SKU-1023,WH-004,2024-07-23,279.1,251.2,307.0,moving_average
SKU-1023,WH-004,2024-07-24,279.1,251.2,307.0,moving_average
SKU-1023,WH-004,2024-07-25,279.1,251.2,307.0,moving_average
SKU-1023,WH-004,2024-07-26,279.1,251.2,307.0,moving_average
SKU-1023,WH-004,2024-07-27,279.1,251.2,307.0,moving_average
SKU-1023,WH-004,2024-07-28,279.1,251.2,307.0,moving_average
SKU-1023,WH-004,2024-07-29,279.1,251.2,307.0,moving_average
SKU-1023,WH-004,2024-07-30,279.1,251.2,307.0,moving_average
SKU-1023,WH-004,2024-07-31,279.1,251.2,307.0,moving_average
SKU-1023,WH-004,2024-08-01,279.1,251.2,307.0,moving_average
SKU-1023,WH-004,2024-08-02,279.1,251.2,307.0,moving_average
SKU-1023,WH-004,2024-08-03,279.1,251.2,307.0,moving_average
SKU-1023,WH-004,2024-08-04,279.1,251.2,307.0,moving_average
SKU-1023,WH-004,2024-08-05,279.1,251.2,307.0,moving_average
SKU-1023,WH-004,2024-08-06,279.1,251.2,307.0,moving_average
SKU-1023,WH-004,2024-08-07,279.1,251.2,307.0,moving_average
SKU-1023,WH-004,2024-08-08,279.1,251.2,307.0,moving_average
SKU-1023,WH-004,2024-08-09,279.1,251.2,307.0,moving_average
SKU-1023,WH-004,2024-08-10,279.1,251.2,307.0,moving_average
SKU-1023,WH-004,2024-08-11,279.1,251.2,307.0,moving_average
SKU-1023,WH-004,2024-08-12,279.1,251.2,307.0,moving_average
SKU-1023,WH-004,2024-08-13,279.1,251.2,307.0,moving_average
SKU-1023,WH-004,2024-08-14,279.1,251.2,307.0,moving_average
SKU-1023,WH-004,2024-08-15,279.1,251.2,307.0,moving_average
SKU-1023,WH-004,2024-08-16,279.1,251.2,307.0,moving_average
SKU-1023,WH-004,2024-08-17,279.1,251.2,307.0,moving_average
SKU-1023,WH-004,2024-08-18,279.1,251.2,307.0,moving_average
SKU-1023,WH-004,2024-08-19,279.1,251.2,307.0,moving_average
SKU-1023,WH-004,2024-08-20,279.1,251.2,307.0,moving_average
SKU-1023,WH-004,2024-08-21,279.1,251.2,307.0,moving_average
SKU-1023,WH-004,2024-08-22,279.1,251.2,307.0,moving_average
SKU-1023,WH-004,2024-08-23,279.1,251.2,307.0,moving_average
SKU-1023,WH-004,2024-08-24,279.1,251.2,307.0,moving_average
SKU-1023,WH-004,2024-08-25,279.1,251.2,307.0,moving_average
SKU-1023,WH-004,2024-08-26,279.1,251.2,307.0,moving_average
SKU-1023,WH-004,2024-08-27,279.1,251.2,307.0,moving_average
SKU-1023,WH-004,2024-08-28,279.1,251.2,307.0,moving_average
SKU-1023,WH-004,2024-08-29,279.1,251.2,307.0,moving_average
SKU-1023,WH-004,2024-08-30,279.1,251.2,307.0,moving_average
SKU-1023,WH-004,2024-08-31,279.1,251.2,307.0,moving_average
SKU-1023,WH-004,2024-09-01,279.1,251.2,307.0,moving_average
SKU-1023,WH-004,2024-09-02,279.1,251.2,307.0,moving_average
SKU-1023,WH-004,2024-09-03,279.1,251.2,307.0,moving_average
SKU-1023,WH-004,2024-09-04,279.1,251.2,307.0,moving_average
SKU-1023,WH-004,2024-09-05,279.1,251.2,307.0,moving_average
SKU-1023,WH-004,2024-09-06,279.1,251.2,307.0,moving_average
SKU-1023,WH-004,2024-09-07,279.1,251.2,307.0,moving_average
SKU-1023,WH-004,2024-09-08,279.1,251.2,307.0,moving_average
SKU-1023,WH-004,2024-09-09,279.1,251.2,307.0,moving_average
SKU-1023,WH-004,2024-09-10,279.1,251.2,307.0,moving_average
SKU-1023,WH-004,2024-09-11,279.1,251.2,307.0,moving_average
SKU-1023,WH-004,2024-09-12,279.1,251.2,307.0,moving_average
SKU-1023,WH-004,2024-09-13,279.1,251.2,307.0,moving_average
SKU-1023,WH-004,2024-09-14,279.1,251.2,307.0,moving_average
SKU-1023,WH-004,2024-09-15,279.1,251.2,307.0,moving_average
SKU-1023,WH-004,2024-09-16,279.1,251.2,307.0,moving_average
SKU-1023,WH-004,2024-09-17,279.1,251.2,307.0,moving_average
SKU-1023,WH-004,2024-09-18,279.1,251.2,307.0,moving_average
SKU-1023,WH-004,2024-09-19,279.1,251.2,307.0,moving_average
SKU-1023,WH-004,2024-09-20,279.1,251.2,307.0,moving_average
SKU-1023,WH-004,2024-09-21,279.1,251.2,307.0,moving_average
SKU-1023,WH-004,2024-09-22,279.1,251.2,307.0,moving_average
SKU-1023,WH-004,2024-09-23,279.1,251.2,307.0,moving_average
SKU-1023,WH-004,2024-09-24,279.1,251.2,307.0,moving_average
SKU-1023,WH-004,2024-09-25,279.1,251.2,307.0,moving_average
SKU-1023,WH-004,2024-09-26,279.1,251.2,307.0,moving_average
SKU-1023,WH-005,2024-06-29,268.1,241.3,294.9,moving_average
SKU-1023,WH-005,2024-06-30,268.1,241.3,294.9,moving_average
SKU-1023,WH-005,2024-07-01,268.1,241.3,294.9,moving_average
SKU-1023,WH-005,2024-07-02,268.1,241.3,294.9,moving_average
SKU-1023,WH-005,2024-07-03,268.1,241.3,294.9,moving_average
SKU-1023,WH-005,2024-07-04,268.1,241.3,294.9,moving_average
SKU-1023,WH-005,2024-07-05,268.1,241.3,294.9,moving_average
SKU-1023,WH-005,2024-07-06,268.1,241.3,294.9,moving_average
SKU-1023,WH-005,2024-07-07,268.1,241.3,294.9,moving_average
SKU-1023,WH-005,2024-07-08,268.1,241.3,294.9,moving_average
SKU-1023,WH-005,2024-07-09,268.1,241.3,294.9,moving_average
SKU-1023,WH-005,2024-07-10,268.1,241.3,294.9,moving_average
SKU-1023,WH-005,2024-07-11,268.1,241.3,294.9,moving_average
SKU-1023,WH-005,2024-07-12,268.1,241.3,294.9,moving_average
SKU-1023,WH-005,2024-07-13,268.1,241.3,294.9,moving_average
SKU-1023,WH-005,2024-07-14,268.1,241.3,294.9,moving_average
SKU-1023,WH-005,2024-07-15,268.1,241.3,294.9,moving_average
SKU-1023,WH-005,2024-07-16,268.1,241.3,294.9,moving_average
SKU-1023,WH-005,2024-07-17,268.1,241.3,294.9,moving_average
SKU-1023,WH-005,2024-07-18,268.1,241.3,294.9,moving_average
SKU-1023,WH-005,2024-07-19,268.1,241.3,294.9,moving_average
SKU-1023,WH-005,2024-07-20,268.1,241.3,294.9,moving_average
SKU-1023,WH-005,2024-07-21,268.1,241.3,294.9,moving_average
SKU-1023,WH-005,2024-07-22,268.1,241.3,294.9,moving_average
SKU-1023,WH-005,2024-07-23,268.1,241.3,294.9,moving_average
SKU-1023,WH-005,2024-07-24,268.1,241.3,294.9,moving_average
SKU-1023,WH-005,2024-07-25,268.1,241.3,294.9,moving_average
SKU-1023,WH-005,2024-07-26,268.1,241.3,294.9,moving_average
SKU-1023,WH-005,2024-07-27,268.1,241.3,294.9,moving_average
SKU-1023,WH-005,2024-07-28,268.1,241.3,294.9,moving_average
SKU-1023,WH-005,2024-07-29,268.1,241.3,294.9,moving_average
SKU-1023,WH-005,2024-07-30,268.1,241.3,294.9,moving_average
SKU-1023,WH-005,2024-07-31,268.1,241.3,294.9,moving_average
SKU-1023,WH-005,2024-08-01,268.1,241.3,294.9,moving_average
SKU-1023,WH-005,2024-08-02,268.1,241.3,294.9,moving_average
SKU-1023,WH-005,2024-08-03,268.1,241.3,294.9,moving_average
SKU-1023,WH-005,2024-08-04,268.1,241.3,294.9,moving_average
SKU-1023,WH-005,2024-08-05,268.1,241.3,294.9,moving_average
SKU-1023,WH-005,2024-08-06,268.1,241.3,294.9,moving_average
SKU-1023,WH-005,2024-08-07,268.1,241.3,294.9,moving_average
SKU-1023,WH-005,2024-08-08,268.1,241.3,294.9,moving_average
SKU-1023,WH-005,2024-08-09,268.1,241.3,294.9,moving_average
SKU-1023,WH-005,2024-08-10,268.1,241.3,294.9,moving_average
SKU-1023,WH-005,2024-08-11,268.1,241.3,294.9,moving_average
SKU-1023,WH-005,2024-08-12,268.1,241.3,294.9,moving_average
SKU-1023,WH-005,2024-08-13,268.1,241.3,294.9,moving_average
SKU-1023,WH-005,2024-08-14,268.1,241.3,294.9,moving_average
SKU-1023,WH-005,2024-08-15,268.1,241.3,294.9,moving_average
SKU-1023,WH-005,2024-08-16,268.1,241.3,294.9,moving_average
SKU-1023,WH-005,2024-08-17,268.1,241.3,294.9,moving_average
SKU-1023,WH-005,2024-08-18,268.1,241.3,294.9,moving_average
SKU-1023,WH-005,2024-08-19,268.1,241.3,294.9,moving_average
SKU-1023,WH-005,2024-08-20,268.1,241.3,294.9,moving_average
SKU-1023,WH-005,2024-08-21,268.1,241.3,294.9,moving_average
SKU-1023,WH-005,2024-08-22,268.1,241.3,294.9,moving_average
SKU-1023,WH-005,2024-08-23,268.1,241.3,294.9,moving_average
SKU-1023,WH-005,2024-08-24,268.1,241.3,294.9,moving_average
SKU-1023,WH-005,2024-08-25,268.1,241.3,294.9,moving_average
SKU-1023,WH-005,2024-08-26,268.1,241.3,294.9,moving_average
SKU-1023,WH-005,2024-08-27,268.1,241.3,294.9,moving_average
SKU-1023,WH-005,2024-08-28,268.1,241.3,294.9,moving_average
SKU-1023,WH-005,2024-08-29,268.1,241.3,294.9,moving_average
SKU-1023,WH-005,2024-08-30,268.1,241.3,294.9,moving_average
SKU-1023,WH-005,2024-08-31,268.1,241.3,294.9,moving_average
SKU-1023,WH-005,2024-09-01,268.1,241.3,294.9,moving_average
SKU-1023,WH-005,2024-09-02,268.1,241.3,294.9,moving_average
SKU-1023,WH-005,2024-09-03,268.1,241.3,294.9,moving_average
SKU-1023,WH-005,2024-09-04,268.1,241.3,294.9,moving_average
SKU-1023,WH-005,2024-09-05,268.1,241.3,294.9,moving_average
SKU-1023,WH-005,2024-09-06,268.1,241.3,294.9,moving_average
SKU-1023,WH-005,2024-09-07,268.1,241.3,294.9,moving_average
SKU-1023,WH-005,2024-09-08,268.1,241.3,294.9,moving_average
SKU-1023,WH-005,2024-09-09,268.1,241.3,294.9,moving_average
SKU-1023,WH-005,2024-09-10,268.1,241.3,294.9,moving_average
SKU-1023,WH-005,2024-09-11,268.1,241.3,294.9,moving_average
SKU-1023,WH-005,2024-09-12,268.1,241.3,294.9,moving_average
SKU-1023,WH-005,2024-09-13,268.1,241.3,294.9,moving_average
SKU-1023,WH-005,2024-09-14,268.1,241.3,294.9,moving_average
SKU-1023,WH-005,2024-09-15,268.1,241.3,294.9,moving_average
SKU-1023,WH-005,2024-09-16,268.1,241.3,294.9,moving_average
SKU-1023,WH-005,2024-09-17,268.1,241.3,294.9,moving_average
SKU-1023,WH-005,2024-09-18,268.1,241.3,294.9,moving_average
SKU-1023,WH-005,2024-09-19,268.1,241.3,294.9,moving_average
SKU-1023,WH-005,2024-09-20,268.1,241.3,294.9,moving_average
SKU-1023,WH-005,2024-09-21,268.1,241.3,294.9,moving_average
SKU-1023,WH-005,2024-09-22,268.1,241.3,294.9,moving_average
SKU-1023,WH-005,2024-09-23,268.1,241.3,294.9,moving_average
SKU-1023,WH-005,2024-09-24,268.1,241.3,294.9,moving_average
SKU-1023,WH-005,2024-09-25,268.1,241.3,294.9,moving_average
SKU-1023,WH-005,2024-09-26,268.1,241.3,294.9,moving_average
SKU-1023,WH-006,2024-06-29,254.9,229.4,280.3,moving_average
SKU-1023,WH-006,2024-06-30,254.9,229.4,280.3,moving_average
SKU-1023,WH-006,2024-07-01,254.9,229.4,280.3,moving_average
SKU-1023,WH-006,2024-07-02,254.9,229.4,280.3,moving_average
SKU-1023,WH-006,2024-07-03,254.9,229.4,280.3,moving_average
SKU-1023,WH-006,2024-07-04,254.9,229.4,280.3,moving_average
SKU-1023,WH-006,2024-07-05,254.9,229.4,280.3,moving_average
SKU-1023,WH-006,2024-07-06,254.9,229.4,280.3,moving_average
SKU-1023,WH-006,2024-07-07,254.9,229.4,280.3,moving_average
SKU-1023,WH-006,2024-07-08,254.9,229.4,280.3,moving_average
SKU-1023,WH-006,2024-07-09,254.9,229.4,280.3,moving_average
SKU-1023,WH-006,2024-07-10,254.9,229.4,280.3,moving_average
SKU-1023,WH-006,2024-07-11,254.9,229.4,280.3,moving_average
SKU-1023,WH-006,2024-07-12,254.9,229.4,280.3,moving_average
SKU-1023,WH-006,2024-07-13,254.9,229.4,280.3,moving_average
SKU-1023,WH-006,2024-07-14,254.9,229.4,280.3,moving_average
SKU-1023,WH-006,2024-07-15,254.9,229.4,280.3,moving_average
SKU-1023,WH-006,2024-07-16,254.9,229.4,280.3,moving_average
SKU-1023,WH-006,2024-07-17,254.9,229.4,280.3,moving_average
SKU-1023,WH-006,2024-07-18,254.9,229.4,280.3,moving_average
SKU-1023,WH-006,2024-07-19,254.9,229.4,280.3,moving_average
SKU-1023,WH-006,2024-07-20,254.9,229.4,280.3,moving_average
SKU-1023,WH-006,2024-07-21,349.9,314.9,384.9,moving_average
SKU-1023,WH-006,2024-07-22,349.9,314.9,384.9,moving_average
SKU-1023,WH-006,2024-07-23,349.9,314.9,384.9,moving_average
SKU-1023,WH-006,2024-07-24,349.9,314.9,384.9,moving_average
SKU-1023,WH-006,2024-07-25,349.9,314.9,384.9,moving_average
SKU-1023,WH-006,2024-07-26,349.9,314.9,384.9,moving_average
SKU-1023,WH-006,2024-07-27,349.9,314.9,384.9,moving_average
SKU-1023,WH-006,2024-07-28,349.9,314.9,384.9,moving_average
SKU-1023,WH-006,2024-07-29,349.9,314.9,384.9,moving_average
SKU-1023,WH-006,2024-07-30,349.9,314.9,384.9,moving_average
SKU-1023,WH-006,2024-07-31,349.9,314.9,384.9,moving_average
SKU-1023,WH-006,2024-08-01,254.9,229.4,280.3,moving_average
SKU-1023,WH-006,2024-08-02,254.9,229.4,280.3,moving_average
SKU-1023,WH-006,2024-08-03,254.9,229.4,280.3,moving_average
SKU-1023,WH-006,2024-08-04,254.9,229.4,280.3,moving_average
SKU-1023,WH-006,2024-08-05,254.9,229.4,280.3,moving_average
SKU-1023,WH-006,2024-08-06,254.9,229.4,280.3,moving_average
SKU-1023,WH-006,2024-08-07,254.9,229.4,280.3,moving_average
SKU-1023,WH-006,2024-08-08,254.9,229.4,280.3,moving_average
SKU-1023,WH-006,2024-08-09,254.9,229.4,280.3,moving_average
SKU-1023,WH-006,2024-08-10,254.9,229.4,280.3,moving_average
SKU-1023,WH-006,2024-08-11,254.9,229.4,280.3,moving_average
SKU-1023,WH-006,2024-08-12,254.9,229.4,280.3,moving_average
SKU-1023,WH-006,2024-08-13,254.9,229.4,280.3,moving_average
SKU-1023,WH-006,2024-08-14,254.9,229.4,280.3,moving_average
SKU-1023,WH-006,2024-08-15,254.9,229.4,280.3,moving_average
SKU-1023,WH-006,2024-08-16,254.9,229.4,280.3,moving_average
SKU-1023,WH-006,2024-08-17,254.9,229.4,280.3,moving_average
SKU-1023,WH-006,2024-08-18,254.9,229.4,280.3,moving_average
SKU-1023,WH-006,2024-08-19,254.9,229.4,280.3,moving_average
SKU-1023,WH-006,2024-08-20,254.9,229.4,280.3,moving_average
SKU-1023,WH-006,2024-08-21,254.9,229.4,280.3,moving_average
SKU-1023,WH-006,2024-08-22,254.9,229.4,280.3,moving_average
SKU-1023,WH-006,2024-08-23,254.9,229.4,280.3,moving_average
SKU-1023,WH-006,2024-08-24,254.9,229.4,280.3,moving_average
SKU-1023,WH-006,2024-08-25,254.9,229.4,280.3,moving_average
SKU-1023,WH-006,2024-08-26,254.9,229.4,280.3,moving_average
SKU-1023,WH-006,2024-08-27,254.9,229.4,280.3,moving_average
SKU-1023,WH-006,2024-08-28,254.9,229.4,280.3,moving_average
SKU-1023,WH-006,2024-08-29,254.9,229.4,280.3,moving_average
SKU-1023,WH-006,2024-08-30,254.9,229.4,280.3,moving_average
SKU-1023,WH-006,2024-08-31,254.9,229.4,280.3,moving_average
SKU-1023,WH-006,2024-09-01,254.9,229.4,280.3,moving_average
SKU-1023,WH-006,2024-09-02,254.9,229.4,280.3,moving_average
SKU-1023,WH-006,2024-09-03,254.9,229.4,280.3,moving_average
SKU-1023,WH-006,2024-09-04,254.9,229.4,280.3,moving_average
SKU-1023,WH-006,2024-09-05,254.9,229.4,280.3,moving_average
SKU-1023,WH-006,2024-09-06,254.9,229.4,280.3,moving_average
SKU-1023,WH-006,2024-09-07,254.9,229.4,280.3,moving_average
SKU-1023,WH-006,2024-09-08,254.9,229.4,280.3,moving_average
SKU-1023,WH-006,2024-09-09,254.9,229.4,280.3,moving_average
SKU-1023,WH-006,2024-09-10,254.9,229.4,280.3,moving_average
SKU-1023,WH-006,2024-09-11,254.9,229.4,280.3,moving_average
SKU-1023,WH-006,2024-09-12,254.9,229.4,280.3,moving_average
SKU-1023,WH-006,2024-09-13,254.9,229.4,280.3,moving_average
SKU-1023,WH-006,2024-09-14,254.9,229.4,280.3,moving_average
SKU-1023,WH-006,2024-09-15,254.9,229.4,280.3,moving_average
SKU-1023,WH-006,2024-09-16,254.9,229.4,280.3,moving_average
SKU-1023,WH-006,2024-09-17,254.9,229.4,280.3,moving_average
SKU-1023,WH-006,2024-09-18,254.9,229.4,280.3,moving_average
SKU-1023,WH-006,2024-09-19,254.9,229.4,280.3,moving_average
SKU-1023,WH-006,2024-09-20,254.9,229.4,280.3,moving_average
SKU-1023,WH-006,2024-09-21,254.9,229.4,280.3,moving_average
SKU-1023,WH-006,2024-09-22,254.9,229.4,280.3,moving_average
SKU-1023,WH-006,2024-09-23,254.9,229.4,280.3,moving_average
SKU-1023,WH-006,2024-09-24,254.9,229.4,280.3,moving_average
SKU-1023,WH-006,2024-09-25,254.9,229.4,280.3,moving_average
SKU-1023,WH-006,2024-09-26,254.9,229.4,280.3,moving_average
SKU-1023,WH-007,2024-06-29,253.7,203.0,304.5,xgboost
SKU-1023,WH-007,2024-06-30,221.4,177.2,265.7,xgboost
SKU-1023,WH-007,2024-07-01,240.4,192.4,288.5,xgboost
SKU-1023,WH-007,2024-07-02,258.8,207.0,310.6,xgboost
SKU-1023,WH-007,2024-07-03,322.1,257.7,386.5,xgboost
SKU-1023,WH-007,2024-07-04,290.2,232.1,348.2,xgboost
SKU-1023,WH-007,2024-07-05,275.3,220.3,330.4,xgboost
SKU-1023,WH-007,2024-07-06,289.4,231.5,347.3,xgboost
SKU-1023,WH-007,2024-07-07,335.5,268.4,402.6,xgboost
SKU-1023,WH-007,2024-07-08,347.8,278.2,417.3,xgboost
SKU-1023,WH-007,2024-07-09,261.8,209.5,314.2,xgboost
SKU-1023,WH-007,2024-07-10,310.3,248.2,372.3,xgboost
SKU-1023,WH-007,2024-07-11,277.8,222.3,333.4,xgboost
SKU-1023,WH-007,2024-07-12,281.2,225.0,337.5,xgboost
SKU-1023,WH-007,2024-07-13,285.7,228.5,342.8,xgboost
SKU-1023,WH-007,2024-07-14,253.8,203.0,304.6,xgboost
SKU-1023,WH-007,2024-07-15,241.7,193.3,290.0,xgboost
SKU-1023,WH-007,2024-07-16,211.6,169.3,254.0,xgboost
SKU-1023,WH-007,2024-07-17,244.9,195.9,293.9,xgboost
SKU-1023,WH-007,2024-07-18,209.9,167.9,251.9,xgboost
SKU-1023,WH-007,2024-07-19,203.0,162.4,243.6,xgboost
SKU-1023,WH-007,2024-07-20,211.5,169.2,253.8,xgboost
SKU-1023,WH-007,2024-07-21,205.8,164.7,247.0,xgboost
SKU-1023,WH-007,2024-07-22,226.9,181.5,272.3,xgboost
SKU-1023,WH-007,2024-07-23,225.7,180.6,270.8,xgboost
SKU-1023,WH-007,2024-07-24,208.6,166.9,250.4,xgboost
SKU-1023,WH-007,2024-07-25,215.0,172.0,258.0,xgboost
SKU-1023,WH-007,2024-07-26,207.5,166.0,249.0,xgboost
SKU-1023,WH-007,2024-07-27,203.8,163.0,244.6,xgboost
SKU-1023,WH-007,2024-07-28,192.2,153.8,230.6,xgboost
SKU-1023,WH-007,2024-07-29,221.8,177.4,266.1,xgboost
SKU-1023,WH-007,2024-07-30,247.2,197.8,296.7,xgboost
SKU-1023,WH-007,2024-07-31,268.1,214.5,321.7,xgboost
SKU-1023,WH-007,2024-08-01,207.2,165.7,248.6,xgboost
SKU-1023,WH-007,2024-08-02,246.0,196.8,295.1,xgboost
SKU-1023,WH-007,2024-08-03,307.8,246.2,369.3,xgboost
SKU-1023,WH-007,2024-08-04,284.9,227.9,341.8,xgboost
SKU-1023,WH-007,2024-08-05,343.3,274.6,411.9,xgboost
SKU-1023,WH-007,2024-08-06,296.8,237.5,356.2,xgboost
SKU-1023,WH-007,2024-08-07,312.2,249.7,374.6,xgboost
SKU-1023,WH-007,2024-08-08,301.1,240.9,361.3,xgboost
SKU-1023,WH-007,2024-08-09,309.2,247.4,371.1,xgboost
SKU-1023,WH-007,2024-08-10,314.7,251.7,377.6,xgboost
SKU-1023,WH-007,2024-08-11,312.7,250.2,375.3,xgboost
SKU-1023,WH-007,2024-08-12,315.5,252.4,378.7,xgboost
SKU-1023,WH-007,2024-08-13,209.3,167.4,251.1,xgboost
SKU-1023,WH-007,2024-08-14,202.5,162.0,243.0,xgboost
SKU-1023,WH-007,2024-08-15,220.4,176.3,264.4,xgboost
SKU-1023,WH-007,2024-08-16,207.0,165.6,248.5,xgboost
SKU-1023,WH-007,2024-08-17,221.8,177.5,266.2,xgboost
SKU-1023,WH-007,2024-08-18,201.0,160.8,241.2,xgboost
SKU-1023,WH-007,2024-08-19,211.0,168.8,253.2,xgboost
SKU-1023,WH-007,2024-08-20,225.1,180.1,270.1,xgboost
SKU-1023,WH-007,2024-08-21,244.2,195.4,293.1,xgboost
SKU-1023,WH-007,2024-08-22,226.5,181.2,271.8,xgboost
SKU-1023,WH-007,2024-08-23,215.5,172.4,258.6,xgboost
SKU-1023,WH-007,2024-08-24,195.8,156.6,235.0,xgboost
SKU-1023,WH-007,2024-08-25,210.6,168.5,252.7,xgboost
SKU-1023,WH-007,2024-08-26,194.8,155.8,233.7,xgboost
SKU-1023,WH-007,2024-08-27,226.4,181.1,271.7,xgboost
SKU-1023,WH-007,2024-08-28,252.5,202.0,303.0,xgboost
SKU-1023,WH-007,2024-08-29,237.4,189.9,284.9,xgboost
SKU-1023,WH-007,2024-08-30,243.7,195.0,292.5,xgboost
SKU-1023,WH-007,2024-08-31,218.2,174.6,261.9,xgboost
SKU-1023,WH-007,2024-09-01,240.8,192.6,288.9,xgboost
SKU-1023,WH-007,2024-09-02,288.0,230.4,345.5,xgboost
SKU-1023,WH-007,2024-09-03,286.5,229.2,343.8,xgboost
SKU-1023,WH-007,2024-09-04,328.0,262.4,393.6,xgboost
SKU-1023,WH-007,2024-09-05,295.8,236.6,354.9,xgboost
SKU-1023,WH-007,2024-09-06,310.3,248.2,372.3,xgboost
SKU-1023,WH-007,2024-09-07,315.6,252.5,378.8,xgboost
SKU-1023,WH-007,2024-09-08,332.8,266.2,399.3,xgboost
SKU-1023,WH-007,2024-09-09,358.7,287.0,430.5,xgboost
SKU-1023,WH-007,2024-09-10,277.2,221.7,332.6,xgboost
SKU-1023,WH-007,2024-09-11,273.0,218.4,327.6,xgboost
SKU-1023,WH-007,2024-09-12,269.9,215.9,323.8,xgboost
SKU-1023,WH-007,2024-09-13,239.5,191.6,287.4,xgboost
SKU-1023,WH-007,2024-09-14,222.7,178.2,267.2,xgboost
SKU-1023,WH-007,2024-09-15,224.9,179.9,269.9,xgboost
SKU-1023,WH-007,2024-09-16,211.4,169.1,253.7,xgboost
SKU-1023,WH-007,2024-09-17,172.5,138.0,206.9,xgboost
SKU-1023,WH-007,2024-09-18,213.0,170.4,255.6,xgboost
SKU-1023,WH-007,2024-09-19,202.9,162.3,243.4,xgboost
SKU-1023,WH-007,2024-09-20,238.3,190.6,286.0,xgboost
SKU-1023,WH-007,2024-09-21,249.2,199.3,299.0,xgboost
SKU-1023,WH-007,2024-09-22,223.9,179.1,268.6,xgboost
SKU-1023,WH-007,2024-09-23,227.6,182.1,273.1,xgboost
SKU-1023,WH-007,2024-09-24,230.2,184.2,276.2,xgboost
SKU-1023,WH-007,2024-09-25,216.2,173.0,259.5,xgboost
SKU-1023,WH-007,2024-09-26,198.1,158.5,237.8,xgboost
SKU-1024,WH-001,2024-06-29,206.8,165.4,248.1,xgboost
SKU-1024,WH-001,2024-06-30,175.5,140.4,210.6,xgboost
SKU-1024,WH-001,2024-07-01,170.3,136.2,204.4,xgboost
SKU-1024,WH-001,2024-07-02,198.7,158.9,238.4,xgboost
SKU-1024,WH-001,2024-07-03,250.8,200.6,301.0,xgboost
SKU-1024,WH-001,2024-07-04,233.4,186.7,280.0,xgboost
SKU-1024,WH-001,2024-07-05,221.9,177.5,266.2,xgboost
SKU-1024,WH-001,2024-07-06,217.7,174.1,261.2,xgboost
SKU-1024,WH-001,2024-07-07,212.6,170.1,255.2,xgboost
SKU-1024,WH-001,2024-07-08,221.7,177.4,266.0,xgboost
SKU-1024,WH-001,2024-07-09,269.3,215.5,323.2,xgboost
SKU-1024,WH-001,2024-07-10,267.9,214.3,321.4,xgboost
SKU-1024,WH-001,2024-07-11,315.6,252.5,378.7,xgboost
SKU-1024,WH-001,2024-07-12,327.5,262.0,393.1,xgboost
SKU-1024,WH-001,2024-07-13,315.9,252.8,379.1,xgboost
SKU-1024,WH-001,2024-07-14,305.0,244.0,366.0,xgboost
SKU-1024,WH-001,2024-07-15,271.9,217.5,326.2,xgboost
SKU-1024,WH-001,2024-07-16,295.6,236.5,354.7,xgboost
SKU-1024,WH-001,2024-07-17,330.8,264.6,397.0,xgboost
SKU-1024,WH-001,2024-07-18,289.9,231.9,347.9,xgboost
SKU-1024,WH-001,2024-07-19,292.5,234.0,351.0,xgboost
SKU-1024,WH-001,2024-07-20,305.7,244.6,366.9,xgboost
SKU-1024,WH-001,2024-07-21,213.1,170.5,255.8,xgboost
SKU-1024,WH-001,2024-07-22,212.4,169.9,254.8,xgboost
SKU-1024,WH-001,2024-07-23,246.2,196.9,295.4,xgboost
SKU-1024,WH-001,2024-07-24,236.2,189.0,283.5,xgboost
SKU-1024,WH-001,2024-07-25,221.2,177.0,265.4,xgboost
SKU-1024,WH-001,2024-07-26,222.3,177.9,266.8,xgboost
SKU-1024,WH-001,2024-07-27,214.9,171.9,257.9,xgboost
SKU-1024,WH-001,2024-07-28,206.8,165.4,248.1,xgboost
SKU-1024,WH-001,2024-07-29,221.6,177.2,265.9,xgboost
SKU-1024,WH-001,2024-07-30,267.0,213.6,320.4,xgboost
SKU-1024,WH-001,2024-07-31,264.5,211.6,317.5,xgboost
SKU-1024,WH-001,2024-08-01,238.8,191.1,286.6,xgboost
SKU-1024,WH-001,2024-08-02,241.1,192.8,289.3,xgboost
SKU-1024,WH-001,2024-08-03,230.4,184.4,276.5,xgboost
SKU-1024,WH-001,2024-08-04,251.0,200.8,301.2,xgboost
SKU-1024,WH-001,2024-08-05,255.4,204.4,306.5,xgboost
SKU-1024,WH-001,2024-08-06,261.5,209.2,313.8,xgboost
SKU-1024,WH-001,2024-08-07,251.3,201.0,301.6,xgboost
SKU-1024,WH-001,2024-08-08,252.3,201.8,302.7,xgboost
SKU-1024,WH-001,2024-08-09,250.8,200.6,300.9,xgboost
SKU-1024,WH-001,2024-08-10,250.7,200.6,300.9,xgboost
SKU-1024,WH-001,2024-08-11,261.0,208.8,313.2,xgboost
SKU-1024,WH-001,2024-08-12,264.6,211.7,317.5,xgboost
SKU-1024,WH-001,2024-08-13,284.7,227.8,341.6,xgboost
SKU-1024,WH-001,2024-08-14,266.2,212.9,319.4,xgboost
SKU-1024,WH-001,2024-08-15,259.2,207.4,311.0,xgboost
SKU-1024,WH-001,2024-08-16,274.3,219.4,329.2,xgboost
SKU-1024,WH-001,2024-08-17,266.6,213.3,320.0,xgboost
SKU-1024,WH-001,2024-08-18,265.3,212.2,318.3,xgboost
SKU-1024,WH-001,2024-08-19,252.7,202.2,303.3,xgboost
SKU-1024,WH-001,2024-08-20,259.8,207.8,311.7,xgboost
SKU-1024,WH-001,2024-08-21,229.6,183.7,275.5,xgboost
SKU-1024,WH-001,2024-08-22,228.0,182.4,273.6,xgboost
SKU-1024,WH-001,2024-08-23,224.5,179.6,269.4,xgboost
SKU-1024,WH-001,2024-08-24,213.3,170.6,256.0,xgboost
SKU-1024,WH-001,2024-08-25,204.4,163.5,245.2,xgboost
SKU-1024,WH-001,2024-08-26,210.7,168.5,252.8,xgboost
SKU-1024,WH-001,2024-08-27,227.4,181.9,272.9,xgboost
SKU-1024,WH-001,2024-08-28,219.0,175.2,262.8,xgboost
SKU-1024,WH-001,2024-08-29,210.9,168.7,253.0,xgboost
SKU-1024,WH-001,2024-08-30,219.5,175.6,263.4,xgboost
SKU-1024,WH-001,2024-08-31,195.5,156.4,234.6,xgboost
SKU-1024,WH-001,2024-09-01,200.1,160.1,240.1,xgboost
SKU-1024,WH-001,2024-09-02,205.6,164.5,246.7,xgboost
SKU-1024,WH-001,2024-09-03,204.8,163.9,245.8,xgboost
SKU-1024,WH-001,2024-09-04,218.0,174.4,261.6,xgboost
SKU-1024,WH-001,2024-09-05,206.4,165.1,247.7,xgboost
SKU-1024,WH-001,2024-09-06,200.5,160.4,240.7,xgboost
SKU-1024,WH-001,2024-09-07,219.8,175.8,263.7,xgboost
SKU-1024,WH-001,2024-09-08,230.0,184.0,276.0,xgboost
SKU-1024,WH-001,2024-09-09,216.4,173.1,259.6,xgboost
SKU-1024,WH-001,2024-09-10,222.2,177.7,266.6,xgboost
SKU-1024,WH-001,2024-09-11,221.4,177.1,265.7,xgboost
SKU-1024,WH-001,2024-09-12,235.0,188.0,282.0,xgboost
SKU-1024,WH-001,2024-09-13,236.6,189.3,283.9,xgboost
SKU-1024,WH-001,2024-09-14,236.0,188.8,283.2,xgboost
SKU-1024,WH-001,2024-09-15,231.9,185.5,278.3,xgboost
SKU-1024,WH-001,2024-09-16,235.6,188.5,282.7,xgboost
SKU-1024,WH-001,2024-09-17,255.0,204.0,305.9,xgboost
SKU-1024,WH-001,2024-09-18,237.3,189.9,284.8,xgboost
SKU-1024,WH-001,2024-09-19,231.2,185.0,277.4,xgboost
SKU-1024,WH-001,2024-09-20,222.5,178.0,267.0,xgboost
SKU-1024,WH-001,2024-09-21,210.7,168.5,252.8,xgboost
SKU-1024,WH-001,2024-09-22,215.4,172.4,258.5,xgboost
SKU-1024,WH-001,2024-09-23,215.8,172.6,258.9,xgboost
SKU-1024,WH-001,2024-09-24,252.9,202.3,303.4,xgboost
SKU-1024,WH-001,2024-09-25,239.0,191.2,286.8,xgboost
SKU-1024,WH-001,2024-09-26,235.5,188.4,282.6,xgboost
SKU-1024,WH-002,2024-06-29,253.8,215.7,291.9,exponential_smoothing
SKU-1024,WH-002,2024-06-30,217.6,184.9,250.2,exponential_smoothing
SKU-1024,WH-002,2024-07-01,283.0,240.6,325.5,exponential_smoothing
SKU-1024,WH-002,2024-07-02,273.3,232.3,314.3,exponential_smoothing
SKU-1024,WH-002,2024-07-03,261.3,222.1,300.5,exponential_smoothing
SKU-1024,WH-002,2024-07-04,259.1,220.3,298.0,exponential_smoothing
SKU-1024,WH-002,2024-07-05,244.4,207.7,281.0,exponential_smoothing
SKU-1024,WH-002,2024-07-06,258.5,219.8,297.3,exponential_smoothing
SKU-1024,WH-002,2024-07-07,222.3,189.0,255.7,exponential_smoothing
SKU-1024,WH-002,2024-07-08,287.8,244.6,330.9,exponential_smoothing
SKU-1024,WH-002,2024-07-09,278.1,236.4,319.8,exponential_smoothing
SKU-1024,WH-002,2024-07-10,266.1,226.1,306.0,exponential_smoothing
SKU-1024,WH-002,2024-07-11,263.9,224.3,303.5,exponential_smoothing
SKU-1024,WH-002,2024-07-12,249.1,211.7,286.5,exponential_smoothing
SKU-1024,WH-002,2024-07-13,263.3,223.8,302.8,exponential_smoothing
SKU-1024,WH-002,2024-07-14,227.0,193.0,261.1,exponential_smoothing
SKU-1024,WH-002,2024-07-15,292.5,248.6,336.4,exponential_smoothing
SKU-1024,WH-002,2024-07-16,282.8,240.4,325.2,exponential_smoothing
SKU-1024,WH-002,2024-07-17,270.8,230.2,311.4,exponential_smoothing
SKU-1024,WH-002,2024-07-18,268.6,228.3,308.9,exponential_smoothing
SKU-1024,WH-002,2024-07-19,253.8,215.8,291.9,exponential_smoothing
SKU-1024,WH-002,2024-07-20,268.0,227.8,308.2,exponential_smoothing
SKU-1024,WH-002,2024-07-21,231.8,197.0,266.5,exponential_smoothing
SKU-1024,WH-002,2024-07-22,297.2,252.7,341.8,exponential_smoothing
SKU-1024,WH-002,2024-07-23,287.6,244.4,330.7,exponential_smoothing
SKU-1024,WH-002,2024-07-24,275.5,234.2,316.9,exponential_smoothing
SKU-1024,WH-002,2024-07-25,273.3,232.3,314.3,exponential_smoothing
SKU-1024,WH-002,2024-07-26,258.6,219.8,297.4,exponential_smoothing
SKU-1024,WH-002,2024-07-27,272.8,231.8,313.7,exponential_smoothing
SKU-1024,WH-002,2024-07-28,236.5,201.0,272.0,exponential_smoothing
SKU-1024,WH-002,2024-07-29,302.0,256.7,347.3,exponential_smoothing
SKU-1024,WH-002,2024-07-30,292.3,248.4,336.1,exponential_smoothing
SKU-1024,WH-002,2024-07-31,280.3,238.2,322.3,exponential_smoothing
SKU-1024,WH-002,2024-08-01,278.1,236.4,319.8,exponential_smoothing
SKU-1024,WH-002,2024-08-02,263.3,223.8,302.8,exponential_smoothing
SKU-1024,WH-002,2024-08-03,277.5,235.9,319.1,exponential_smoothing
SKU-1024,WH-002,2024-08-04,241.3,205.1,277.4,exponential_smoothing
SKU-1024,WH-002,2024-08-05,306.7,260.7,352.7,exponential_smoothing
SKU-1024,WH-002,2024-08-06,297.0,252.5,341.6,exponential_smoothing
SKU-1024,WH-002,2024-08-07,285.0,242.2,327.7,exponential_smoothing
SKU-1024,WH-002,2024-08-08,282.8,240.4,325.2,exponential_smoothing
SKU-1024,WH-002,2024-08-09,268.1,227.8,308.3,exponential_smoothing
SKU-1024,WH-002,2024-08-10,282.2,239.9,324.6,exponential_smoothing
SKU-1024,WH-002,2024-08-11,246.0,209.1,282.9,exponential_smoothing
SKU-1024,WH-002,2024-08-12,311.4,264.7,358.2,exponential_smoothing
SKU-1024,WH-002,2024-08-13,301.8,256.5,347.0,exponential_smoothing
SKU-1024,WH-002,2024-08-14,289.7,246.3,333.2,exponential_smoothing
SKU-1024,WH-002,2024-08-15,287.5,244.4,330.7,exponential_smoothing
SKU-1024,WH-002,2024-08-16,272.8,231.9,313.7,exponential_smoothing
SKU-1024,WH-002,2024-08-17,287.0,243.9,330.0,exponential_smoothing
SKU-1024,WH-002,2024-08-18,250.7,213.1,288.3,exponential_smoothing
SKU-1024,WH-002,2024-08-19,316.2,268.8,363.6,exponential_smoothing
SKU-1024,WH-002,2024-08-20,306.5,260.5,352.5,exponential_smoothing
SKU-1024,WH-002,2024-08-21,294.5,250.3,338.6,exponential_smoothing
SKU-1024,WH-002,2024-08-22,292.3,248.4,336.1,exponential_smoothing
SKU-1024,WH-002,2024-08-23,277.5,235.9,319.1,exponential_smoothing
SKU-1024,WH-002,2024-08-24,291.7,247.9,335.4,exponential_smoothing
SKU-1024,WH-002,2024-08-25,255.5,217.1,293.8,exponential_smoothing
SKU-1024,WH-002,2024-08-26,320.9,272.8,369.1,exponential_smoothing
SKU-1024,WH-002,2024-08-27,311.2,264.5,357.9,exponential_smoothing
SKU-1024,WH-002,2024-08-28,299.2,254.3,344.1,exponential_smoothing
SKU-1024,WH-002,2024-08-29,297.0,252.5,341.6,exponential_smoothing
SKU-1024,WH-002,2024-08-30,282.3,239.9,324.6,exponential_smoothing
SKU-1024,WH-002,2024-08-31,296.4,252.0,340.9,exponential_smoothing
SKU-1024,WH-002,2024-09-01,260.2,221.2,299.2,exponential_smoothing
SKU-1024,WH-002,2024-09-02,325.7,276.8,374.5,exponential_smoothing
SKU-1024,WH-002,2024-09-03,316.0,268.6,363.4,exponential_smoothing
SKU-1024,WH-002,2024-09-04,303.9,258.3,349.5,exponential_smoothing
SKU-1024,WH-002,2024-09-05,301.8,256.5,347.0,exponential_smoothing
SKU-1024,WH-002,2024-09-06,287.0,243.9,330.0,exponential_smoothing
SKU-1024,WH-002,2024-09-07,301.2,256.0,346.3,exponential_smoothing
SKU-1024,WH-002,2024-09-08,264.9,225.2,304.7,exponential_smoothing
SKU-1024,WH-002,2024-09-09,330.4,280.8,379.9,exponential_smoothing
SKU-1024,WH-002,2024-09-10,320.7,272.6,368.8,exponential_smoothing
SKU-1024,WH-002,2024-09-11,308.7,262.4,355.0,exponential_smoothing
SKU-1024,WH-002,2024-09-12,306.5,260.5,352.5,exponential_smoothing
SKU-1024,WH-002,2024-09-13,291.7,248.0,335.5,exponential_smoothing
SKU-1024,WH-002,2024-09-14,305.9,260.0,351.8,exponential_smoothing
SKU-1024,WH-002,2024-09-15,269.7,229.2,310.1,exponential_smoothing
SKU-1024,WH-002,2024-09-16,335.1,284.9,385.4,exponential_smoothing
SKU-1024,WH-002,2024-09-17,325.4,276.6,374.2,exponential_smoothing
SKU-1024,WH-002,2024-09-18,313.4,266.4,360.4,exponential_smoothing
SKU-1024,WH-002,2024-09-19,311.2,264.5,357.9,exponential_smoothing
SKU-1024,WH-002,2024-09-20,296.5,252.0,340.9,exponential_smoothing
SKU-1024,WH-002,2024-09-21,310.6,264.0,357.2,exponential_smoothing
SKU-1024,WH-002,2024-09-22,274.4,233.2,315.6,exponential_smoothing
SKU-1024,WH-002,2024-09-23,339.9,288.9,390.8,exponential_smoothing
SKU-1024,WH-002,2024-09-24,330.2,280.6,379.7,exponential_smoothing
SKU-1024,WH-002,2024-09-25,318.1,270.4,365.9,exponential_smoothing
SKU-1024,WH-002,2024-09-26,316.0,268.6,363.4,exponential_smoothing
SKU-1024,WH-003,2024-06-29,241.0,204.8,277.1,exponential_smoothing
SKU-1024,WH-003,2024-06-30,229.8,195.3,264.2,exponential_smoothing
SKU-1024,WH-003,2024-07-01,272.2,231.4,313.0,exponential_smoothing
SKU-1024,WH-003,2024-07-02,264.7,225.0,304.4,exponential_smoothing
SKU-1024,WH-003,2024-07-03,262.2,222.9,301.6,exponential_smoothing
SKU-1024,WH-003,2024-07-04,260.7,221.6,299.8,exponential_smoothing
SKU-1024,WH-003,2024-07-05,249.4,212.0,286.8,exponential_smoothing
SKU-1024,WH-003,2024-07-06,245.7,208.8,282.5,exponential_smoothing
SKU-1024,WH-003,2024-07-07,234.5,199.3,269.7,exponential_smoothing
SKU-1024,WH-003,2024-07-08,276.9,235.4,318.5,exponential_smoothing
SKU-1024,WH-003,2024-07-09,269.4,229.0,309.8,exponential_smoothing
SKU-1024,WH-003,2024-07-10,266.9,226.9,307.0,exponential_smoothing
SKU-1024,WH-003,2024-07-11,265.4,225.6,305.2,exponential_smoothing
SKU-1024,WH-003,2024-07-12,254.1,216.0,292.2,exponential_smoothing
SKU-1024,WH-003,2024-07-13,250.4,212.8,287.9,exponential_smoothing
SKU-1024,WH-003,2024-07-14,239.2,203.3,275.1,exponential_smoothing
SKU-1024,WH-003,2024-07-15,281.6,239.4,323.9,exponential_smoothing
SKU-1024,WH-003,2024-07-16,274.1,233.0,315.2,exponential_smoothing
SKU-1024,WH-003,2024-07-17,271.6,230.9,312.4,exponential_smoothing
SKU-1024,WH-003,2024-07-18,270.1,229.6,310.6,exponential_smoothing
SKU-1024,WH-003,2024-07-19,258.8,220.0,297.6,exponential_smoothing
SKU-1024,WH-003,2024-07-20,255.1,216.8,293.3,exponential_smoothing
SKU-1024,WH-003,2024-07-21,243.9,207.3,280.5,exponential_smoothing
SKU-1024,WH-003,2024-07-22,286.3,243.4,329.3,exponential_smoothing
SKU-1024,WH-003,2024-07-23,278.8,237.0,320.6,exponential_smoothing
SKU-1024,WH-003,2024-07-24,276.3,234.9,317.8,exponential_smoothing
SKU-1024,WH-003,2024-07-25,274.8,233.6,316.0,exponential_smoothing
SKU-1024,WH-003,2024-07-26,263.5,224.0,303.0,exponential_smoothing
SKU-1024,WH-003,2024-07-27,259.8,220.8,298.7,exponential_smoothing
SKU-1024,WH-003,2024-07-28,248.6,211.3,285.9,exponential_smoothing
SKU-1024,WH-003,2024-07-29,291.0,247.4,334.7,exponential_smoothing
SKU-1024,WH-003,2024-07-30,283.5,241.0,326.0,exponential_smoothing
SKU-1024,WH-003,2024-07-31,281.0,238.9,323.2,exponential_smoothing
SKU-1024,WH-003,2024-08-01,279.5,237.6,321.4,exponential_smoothing
SKU-1024,WH-003,2024-08-02,268.2,228.0,308.4,exponential_smoothing
SKU-1024,WH-003,2024-08-03,264.5,224.8,304.2,exponential_smoothing
SKU-1024,WH-003,2024-08-04,253.3,215.3,291.3,exponential_smoothing
SKU-1024,WH-003,2024-08-05,295.7,251.4,340.1,exponential_smoothing
SKU-1024,WH-003,2024-08-06,288.2,245.0,331.4,exponential_smoothing
SKU-1024,WH-003,2024-08-07,285.7,242.9,328.6,exponential_smoothing
SKU-1024,WH-003,2024-08-08,284.2,241.6,326.8,exponential_smoothing
SKU-1024,WH-003,2024-08-09,272.9,232.0,313.9,exponential_smoothing
SKU-1024,WH-003,2024-08-10,269.2,228.8,309.6,exponential_smoothing
SKU-1024,WH-003,2024-08-11,258.0,219.3,296.7,exponential_smoothing
SKU-1024,WH-003,2024-08-12,300.4,255.4,345.5,exponential_smoothing
SKU-1024,WH-003,2024-08-13,292.9,249.0,336.8,exponential_smoothing
SKU-1024,WH-003,2024-08-14,290.4,246.9,334.0,exponential_smoothing
SKU-1024,WH-003,2024-08-15,288.9,245.6,332.2,exponential_smoothing
SKU-1024,WH-003,2024-08-16,277.6,236.0,319.3,exponential_smoothing
SKU-1024,WH-003,2024-08-17,273.9,232.8,315.0,exponential_smoothing
SKU-1024,WH-003,2024-08-18,262.7,223.3,302.1,exponential_smoothing
SKU-1024,WH-003,2024-08-19,305.1,259.4,350.9,exponential_smoothing
SKU-1024,WH-003,2024-08-20,297.6,252.9,342.2,exponential_smoothing
SKU-1024,WH-003,2024-08-21,295.1,250.9,339.4,exponential_smoothing
SKU-1024,WH-003,2024-08-22,293.6,249.6,337.7,exponential_smoothing
SKU-1024,WH-003,2024-08-23,282.3,240.0,324.7,exponential_smoothing
SKU-1024,WH-003,2024-08-24,278.6,236.8,320.4,exponential_smoothing
SKU-1024,WH-003,2024-08-25,267.4,227.3,307.5,exponential_smoothing
SKU-1024,WH-003,2024-08-26,309.8,263.4,356.3,exponential_smoothing
SKU-1024,WH-003,2024-08-27,302.3,256.9,347.6,exponential_smoothing
SKU-1024,WH-003,2024-08-28,299.8,254.9,344.8,exponential_smoothing
SKU-1024,WH-003,2024-08-29,298.3,253.6,343.1,exponential_smoothing
SKU-1024,WH-003,2024-08-30,287.0,244.0,330.1,exponential_smoothing
SKU-1024,WH-003,2024-08-31,283.3,240.8,325.8,exponential_smoothing
SKU-1024,WH-003,2024-09-01,272.1,231.3,312.9,exponential_smoothing
SKU-1024,WH-003,2024-09-02,314.5,267.3,361.7,exponential_smoothing
SKU-1024,WH-003,2024-09-03,307.0,260.9,353.0,exponential_smoothing
SKU-1024,WH-003,2024-09-04,304.5,258.9,350.2,exponential_smoothing
SKU-1024,WH-003,2024-09-05,303.0,257.6,348.5,exponential_smoothing
SKU-1024,WH-003,2024-09-06,291.7,248.0,335.5,exponential_smoothing
SKU-1024,WH-003,2024-09-07,288.0,244.8,331.2,exponential_smoothing
SKU-1024,WH-003,2024-09-08,276.8,235.3,318.3,exponential_smoothing
SKU-1024,WH-003,2024-09-09,319.2,271.3,367.1,exponential_smoothing
SKU-1024,WH-003,2024-09-10,311.7,264.9,358.4,exponential_smoothing
SKU-1024,WH-003,2024-09-11,309.2,262.9,355.6,exponential_smoothing
SKU-1024,WH-003,2024-09-12,307.7,261.6,353.9,exponential_smoothing
SKU-1024,WH-003,2024-09-13,296.4,252.0,340.9,exponential_smoothing
SKU-1024,WH-003,2024-09-14,292.7,248.8,336.6,exponential_smoothing
SKU-1024,WH-003,2024-09-15,281.5,239.3,323.7,exponential_smoothing
SKU-1024,WH-003,2024-09-16,323.9,275.3,372.5,exponential_smoothing
SKU-1024,WH-003,2024-09-17,316.4,268.9,363.9,exponential_smoothing
SKU-1024,WH-003,2024-09-18,313.9,266.9,361.0,exponential_smoothing
SKU-1024,WH-003,2024-09-19,312.4,265.6,359.3,exponential_smoothing
SKU-1024,WH-003,2024-09-20,301.1,256.0,346.3,exponential_smoothing
SKU-1024,WH-003,2024-09-21,297.4,252.8,342.0,exponential_smoothing
SKU-1024,WH-003,2024-09-22,286.2,243.3,329.1,exponential_smoothing
SKU-1024,WH-003,2024-09-23,328.6,279.3,377.9,exponential_smoothing
SKU-1024,WH-003,2024-09-24,321.1,272.9,369.3,exponential_smoothing
SKU-1024,WH-003,2024-09-25,318.6,270.8,366.4,exponential_smoothing
SKU-1024,WH-003,2024-09-26,406.5,345.6,467.5,exponential_smoothing
SKU-1024,WH-004,2024-06-29,270.9,243.8,298.0,moving_average
SKU-1024,WH-004,2024-06-30,270.9,243.8,298.0,moving_average
SKU-1024,WH-004,2024-07-01,270.9,243.8,298.0,moving_average
SKU-1024,WH-004,2024-07-02,270.9,243.8,298.0,moving_average
SKU-1024,WH-004,2024-07-03,270.9,243.8,298.0,moving_average
SKU-1024,WH-004,2024-07-04,270.9,243.8,298.0,moving_average
SKU-1024,WH-004,2024-07-05,270.9,243.8,298.0,moving_average
SKU-1024,WH-004,2024-07-06,270.9,243.8,298.0,moving_average
SKU-1024,WH-004,2024-07-07,270.9,243.8,298.0,moving_average
SKU-1024,WH-004,2024-07-08,270.9,243.8,298.0,moving_average
SKU-1024,WH-004,2024-07-09,270.9,243.8,298.0,moving_average
SKU-1024,WH-004,2024-07-10,270.9,243.8,298.0,moving_average
SKU-1024,WH-004,2024-07-11,270.9,243.8,298.0,moving_average
SKU-1024,WH-004,2024-07-12,270.9,243.8,298.0,moving_average
SKU-1024,WH-004,2024-07-13,270.9,243.8,298.0,moving_average
SKU-1024,WH-004,2024-07-14,270.9,243.8,298.0,moving_average
SKU-1024,WH-004,2024-07-15,270.9,243.8,298.0,moving_average
SKU-1024,WH-004,2024-07-16,270.9,243.8,298.0,moving_average
SKU-1024,WH-004,2024-07-17,270.9,243.8,298.0,moving_average
SKU-1024,WH-004,2024-07-18,270.9,243.8,298.0,moving_average
SKU-1024,WH-004,2024-07-19,270.9,243.8,298.0,moving_average
SKU-1024,WH-004,2024-07-20,270.9,243.8,298.0,moving_average
SKU-1024,WH-004,2024-07-21,270.9,243.8,298.0,moving_average
SKU-1024,WH-004,2024-07-22,270.9,243.8,298.0,moving_average
SKU-1024,WH-004,2024-07-23,270.9,243.8,298.0,moving_average
SKU-1024,WH-004,2024-07-24,270.9,243.8,298.0,moving_average
SKU-1024,WH-004,2024-07-25,270.9,243.8,298.0,moving_average
SKU-1024,WH-004,2024-07-26,270.9,243.8,298.0,moving_average
SKU-1024,WH-004,2024-07-27,270.9,243.8,298.0,moving_average
SKU-1024,WH-004,2024-07-28,270.9,243.8,298.0,moving_average
SKU-1024,WH-004,2024-07-29,270.9,243.8,298.0,moving_average
SKU-1024,WH-004,2024-07-30,270.9,243.8,298.0,moving_average
SKU-1024,WH-004,2024-07-31,270.9,243.8,298.0,moving_average
SKU-1024,WH-004,2024-08-01,270.9,243.8,298.0,moving_average
SKU-1024,WH-004,2024-08-02,270.9,243.8,298.0,moving_average
SKU-1024,WH-004,2024-08-03,270.9,243.8,298.0,moving_average
SKU-1024,WH-004,2024-08-04,270.9,243.8,298.0,moving_average
SKU-1024,WH-004,2024-08-05,270.9,243.8,298.0,moving_average
SKU-1024,WH-004,2024-08-06,270.9,243.8,298.0,moving_average
SKU-1024,WH-004,2024-08-07,270.9,243.8,298.0,moving_average
SKU-1024,WH-004,2024-08-08,270.9,243.8,298.0,moving_average
SKU-1024,WH-004,2024-08-09,270.9,243.8,298.0,moving_average
SKU-1024,WH-004,2024-08-10,270.9,243.8,298.0,moving_average
SKU-1024,WH-004,2024-08-11,270.9,243.8,298.0,moving_average
SKU-1024,WH-004,2024-08-12,270.9,243.8,298.0,moving_average
SKU-1024,WH-004,2024-08-13,270.9,243.8,298.0,moving_average
SKU-1024,WH-004,2024-08-14,270.9,243.8,298.0,moving_average
SKU-1024,WH-004,2024-08-15,270.9,243.8,298.0,moving_average
SKU-1024,WH-004,2024-08-16,270.9,243.8,298.0,moving_average
SKU-1024,WH-004,2024-08-17,270.9,243.8,298.0,moving_average
SKU-1024,WH-004,2024-08-18,270.9,243.8,298.0,moving_average
SKU-1024,WH-004,2024-08-19,270.9,243.8,298.0,moving_average
SKU-1024,WH-004,2024-08-20,270.9,243.8,298.0,moving_average
SKU-1024,WH-004,2024-08-21,270.9,243.8,298.0,moving_average
SKU-1024,WH-004,2024-08-22,270.9,243.8,298.0,moving_average
SKU-1024,WH-004,2024-08-23,270.9,243.8,298.0,moving_average
SKU-1024,WH-004,2024-08-24,270.9,243.8,298.0,moving_average
SKU-1024,WH-004,2024-08-25,270.9,243.8,298.0,moving_average
SKU-1024,WH-004,2024-08-26,270.9,243.8,298.0,moving_average
SKU-1024,WH-004,2024-08-27,270.9,243.8,298.0,moving_average
SKU-1024,WH-004,2024-08-28,270.9,243.8,298.0,moving_average
SKU-1024,WH-004,2024-08-29,270.9,243.8,298.0,moving_average
SKU-1024,WH-004,2024-08-30,270.9,243.8,298.0,moving_average
SKU-1024,WH-004,2024-08-31,270.9,243.8,298.0,moving_average
SKU-1024,WH-004,2024-09-01,270.9,243.8,298.0,moving_average
SKU-1024,WH-004,2024-09-02,270.9,243.8,298.0,moving_average
SKU-1024,WH-004,2024-09-03,270.9,243.8,298.0,moving_average
SKU-1024,WH-004,2024-09-04,270.9,243.8,298.0,moving_average
SKU-1024,WH-004,2024-09-05,270.9,243.8,298.0,moving_average
SKU-1024,WH-004,2024-09-06,270.9,243.8,298.0,moving_average
SKU-1024,WH-004,2024-09-07,270.9,243.8,298.0,moving_average
SKU-1024,WH-004,2024-09-08,270.9,243.8,298.0,moving_average
SKU-1024,WH-004,2024-09-09,270.9,243.8,298.0,moving_average
SKU-1024,WH-004,2024-09-10,270.9,243.8,298.0,moving_average
SKU-1024,WH-004,2024-09-11,270.9,243.8,298.0,moving_average
SKU-1024,WH-004,2024-09-12,270.9,243.8,298.0,moving_average
SKU-1024,WH-004,2024-09-13,270.9,243.8,298.0,moving_average
SKU-1024,WH-004,2024-09-14,270.9,243.8,298.0,moving_average
SKU-1024,WH-004,2024-09-15,270.9,243.8,298.0,moving_average
SKU-1024,WH-004,2024-09-16,270.9,243.8,298.0,moving_average
SKU-1024,WH-004,2024-09-17,270.9,243.8,298.0,moving_average
SKU-1024,WH-004,2024-09-18,270.9,243.8,298.0,moving_average
SKU-1024,WH-004,2024-09-19,270.9,243.8,298.0,moving_average
SKU-1024,WH-004,2024-09-20,270.9,243.8,298.0,moving_average
SKU-1024,WH-004,2024-09-21,270.9,243.8,298.0,moving_average
SKU-1024,WH-004,2024-09-22,270.9,243.8,298.0,moving_average
SKU-1024,WH-004,2024-09-23,270.9,243.8,298.0,moving_average
SKU-1024,WH-004,2024-09-24,270.9,243.8,298.0,moving_average
SKU-1024,WH-004,2024-09-25,270.9,243.8,298.0,moving_average
SKU-1024,WH-004,2024-09-26,270.9,243.8,298.0,moving_average
SKU-1024,WH-005,2024-06-29,270.2,243.2,297.2,moving_average
SKU-1024,WH-005,2024-06-30,270.2,243.2,297.2,moving_average
SKU-1024,WH-005,2024-07-01,270.2,243.2,297.2,moving_average
SKU-1024,WH-005,2024-07-02,270.2,243.2,297.2,moving_average
SKU-1024,WH-005,2024-07-03,270.2,243.2,297.2,moving_average
SKU-1024,WH-005,2024-07-04,270.2,243.2,297.2,moving_average
SKU-1024,WH-005,2024-07-05,270.2,243.2,297.2,moving_average
SKU-1024,WH-005,2024-07-06,270.2,243.2,297.2,moving_average
SKU-1024,WH-005,2024-07-07,270.2,243.2,297.2,moving_average
SKU-1024,WH-005,2024-07-08,270.2,243.2,297.2,moving_average
SKU-1024,WH-005,2024-07-09,270.2,243.2,297.2,moving_average
SKU-1024,WH-005,2024-07-10,270.2,243.2,297.2,moving_average
SKU-1024,WH-005,2024-07-11,270.2,243.2,297.2,moving_average
SKU-1024,WH-005,2024-07-12,270.2,243.2,297.2,moving_average
SKU-1024,WH-005,2024-07-13,270.2,243.2,297.2,moving_average
SKU-1024,WH-005,2024-07-14,270.2,243.2,297.2,moving_average
SKU-1024,WH-005,2024-07-15,270.2,243.2,297.2,moving_average
SKU-1024,WH-005,2024-07-16,270.2,243.2,297.2,moving_average
SKU-1024,WH-005,2024-07-17,270.2,243.2,297.2,moving_average
SKU-1024,WH-005,2024-07-18,270.2,243.2,297.2,moving_average
SKU-1024,WH-005,2024-07-19,270.2,243.2,297.2,moving_average
SKU-1024,WH-005,2024-07-20,270.2,243.2,297.2,moving_average
SKU-1024,WH-005,2024-07-21,270.2,243.2,297.2,moving_average
SKU-1024,WH-005,2024-07-22,270.2,243.2,297.2,moving_average
SKU-1024,WH-005,2024-07-23,270.2,243.2,297.2,moving_average
SKU-1024,WH-005,2024-07-24,270.2,243.2,297.2,moving_average
SKU-1024,WH-005,2024-07-25,270.2,243.2,297.2,moving_average
SKU-1024,WH-005,2024-07-26,270.2,243.2,297.2,moving_average
SKU-1024,WH-005,2024-07-27,270.2,243.2,297.2,moving_average
SKU-1024,WH-005,2024-07-28,270.2,243.2,297.2,moving_average
SKU-1024,WH-005,2024-07-29,270.2,243.2,297.2,moving_average
SKU-1024,WH-005,2024-07-30,270.2,243.2,297.2,moving_average
SKU-1024,WH-005,2024-07-31,270.2,243.2,297.2,moving_average
SKU-1024,WH-005,2024-08-01,270.2,243.2,297.2,moving_average
SKU-1024,WH-005,2024-08-02,270.2,243.2,297.2,moving_average
SKU-1024,WH-005,2024-08-03,270.2,243.2,297.2,moving_average
SKU-1024,WH-005,2024-08-04,270.2,243.2,297.2,moving_average
SKU-1024,WH-005,2024-08-05,270.2,243.2,297.2,moving_average
SKU-1024,WH-005,2024-08-06,270.2,243.2,297.2,moving_average
SKU-1024,WH-005,2024-08-07,270.2,243.2,297.2,moving_average
SKU-1024,WH-005,2024-08-08,270.2,243.2,297.2,moving_average
SKU-1024,WH-005,2024-08-09,270.2,243.2,297.2,moving_average
SKU-1024,WH-005,2024-08-10,270.2,243.2,297.2,moving_average
SKU-1024,WH-005,2024-08-11,270.2,243.2,297.2,moving_average
SKU-1024,WH-005,2024-08-12,270.2,243.2,297.2,moving_average
SKU-1024,WH-005,2024-08-13,270.2,243.2,297.2,moving_average
SKU-1024,WH-005,2024-08-14,270.2,243.2,297.2,moving_average
SKU-1024,WH-005,2024-08-15,270.2,243.2,297.2,moving_average
SKU-1024,WH-005,2024-08-16,270.2,243.2,297.2,moving_average
SKU-1024,WH-005,2024-08-17,270.2,243.2,297.2,moving_average
SKU-1024,WH-005,2024-08-18,270.2,243.2,297.2,moving_average
SKU-1024,WH-005,2024-08-19,270.2,243.2,297.2,moving_average
SKU-1024,WH-005,2024-08-20,270.2,243.2,297.2,moving_average
SKU-1024,WH-005,2024-08-21,270.2,243.2,297.2,moving_average
SKU-1024,WH-005,2024-08-22,270.2,243.2,297.2,moving_average
SKU-1024,WH-005,2024-08-23,270.2,243.2,297.2,moving_average
SKU-1024,WH-005,2024-08-24,270.2,243.2,297.2,moving_average
SKU-1024,WH-005,2024-08-25,270.2,243.2,297.2,moving_average
SKU-1024,WH-005,2024-08-26,270.2,243.2,297.2,moving_average
SKU-1024,WH-005,2024-08-27,270.2,243.2,297.2,moving_average
SKU-1024,WH-005,2024-08-28,270.2,243.2,297.2,moving_average
SKU-1024,WH-005,2024-08-29,270.2,243.2,297.2,moving_average
SKU-1024,WH-005,2024-08-30,270.2,243.2,297.2,moving_average
SKU-1024,WH-005,2024-08-31,270.2,243.2,297.2,moving_average
SKU-1024,WH-005,2024-09-01,270.2,243.2,297.2,moving_average
SKU-1024,WH-005,2024-09-02,270.2,243.2,297.2,moving_average
SKU-1024,WH-005,2024-09-03,270.2,243.2,297.2,moving_average
SKU-1024,WH-005,2024-09-04,270.2,243.2,297.2,moving_average
SKU-1024,WH-005,2024-09-05,270.2,243.2,297.2,moving_average
SKU-1024,WH-005,2024-09-06,270.2,243.2,297.2,moving_average
SKU-1024,WH-005,2024-09-07,270.2,243.2,297.2,moving_average
SKU-1024,WH-005,2024-09-08,270.2,243.2,297.2,moving_average
SKU-1024,WH-005,2024-09-09,270.2,243.2,297.2,moving_average
SKU-1024,WH-005,2024-09-10,270.2,243.2,297.2,moving_average
SKU-1024,WH-005,2024-09-11,270.2,243.2,297.2,moving_average
SKU-1024,WH-005,2024-09-12,270.2,243.2,297.2,moving_average
SKU-1024,WH-005,2024-09-13,270.2,243.2,297.2,moving_average
SKU-1024,WH-005,2024-09-14,270.2,243.2,297.2,moving_average
SKU-1024,WH-005,2024-09-15,270.2,243.2,297.2,moving_average
SKU-1024,WH-005,2024-09-16,270.2,243.2,297.2,moving_average
SKU-1024,WH-005,2024-09-17,270.2,243.2,297.2,moving_average
SKU-1024,WH-005,2024-09-18,270.2,243.2,297.2,moving_average
SKU-1024,WH-005,2024-09-19,270.2,243.2,297.2,moving_average
SKU-1024,WH-005,2024-09-20,270.2,243.2,297.2,moving_average
SKU-1024,WH-005,2024-09-21,270.2,243.2,297.2,moving_average
SKU-1024,WH-005,2024-09-22,270.2,243.2,297.2,moving_average
SKU-1024,WH-005,2024-09-23,270.2,243.2,297.2,moving_average
SKU-1024,WH-005,2024-09-24,270.2,243.2,297.2,moving_average
SKU-1024,WH-005,2024-09-25,270.2,243.2,297.2,moving_average
SKU-1024,WH-005,2024-09-26,270.2,243.2,297.2,moving_average
SKU-1024,WH-006,2024-06-29,250.3,225.3,275.3,moving_average
SKU-1024,WH-006,2024-06-30,250.3,225.3,275.3,moving_average
SKU-1024,WH-006,2024-07-01,250.3,225.3,275.3,moving_average
SKU-1024,WH-006,2024-07-02,250.3,225.3,275.3,moving_average
SKU-1024,WH-006,2024-07-03,250.3,225.3,275.3,moving_average
SKU-1024,WH-006,2024-07-04,250.3,225.3,275.3,moving_average
SKU-1024,WH-006,2024-07-05,250.3,225.3,275.3,moving_average
SKU-1024,WH-006,2024-07-06,250.3,225.3,275.3,moving_average
SKU-1024,WH-006,2024-07-07,250.3,225.3,275.3,moving_average
SKU-1024,WH-006,2024-07-08,250.3,225.3,275.3,moving_average
SKU-1024,WH-006,2024-07-09,250.3,225.3,275.3,moving_average
SKU-1024,WH-006,2024-07-10,250.3,225.3,275.3,moving_average
SKU-1024,WH-006,2024-07-11,250.3,225.3,275.3,moving_average
SKU-1024,WH-006,2024-07-12,250.3,225.3,275.3,moving_average
SKU-1024,WH-006,2024-07-13,250.3,225.3,275.3,moving_average
SKU-1024,WH-006,2024-07-14,250.3,225.3,275.3,moving_average
SKU-1024,WH-006,2024-07-15,250.3,225.3,275.3,moving_average
SKU-1024,WH-006,2024-07-16,250.3,225.3,275.3,moving_average
SKU-1024,WH-006,2024-07-17,250.3,225.3,275.3,moving_average
SKU-1024,WH-006,2024-07-18,250.3,225.3,275.3,moving_average
SKU-1024,WH-006,2024-07-19,250.3,225.3,275.3,moving_average
SKU-1024,WH-006,2024-07-20,250.3,225.3,275.3,moving_average
SKU-1024,WH-006,2024-07-21,250.3,225.3,275.3,moving_average
SKU-1024,WH-006,2024-07-22,250.3,225.3,275.3,moving_average
SKU-1024,WH-006,2024-07-23,250.3,225.3,275.3,moving_average
SKU-1024,WH-006,2024-07-24,250.3,225.3,275.3,moving_average
SKU-1024,WH-006,2024-07-25,250.3,225.3,275.3,moving_average
SKU-1024,WH-006,2024-07-26,250.3,225.3,275.3,moving_average
SKU-1024,WH-006,2024-07-27,250.3,225.3,275.3,moving_average
SKU-1024,WH-006,2024-07-28,250.3,225.3,275.3,moving_average
SKU-1024,WH-006,2024-07-29,250.3,225.3,275.3,moving_average
SKU-1024,WH-006,2024-07-30,250.3,225.3,275.3,moving_average
SKU-1024,WH-006,2024-07-31,250.3,225.3,275.3,moving_average
SKU-1024,WH-006,2024-08-01,250.3,225.3,275.3,moving_average
SKU-1024,WH-006,2024-08-02,250.3,225.3,275.3,moving_average
SKU-1024,WH-006,2024-08-03,250.3,225.3,275.3,moving_average
SKU-1024,WH-006,2024-08-04,250.3,225.3,275.3,moving_average
SKU-1024,WH-006,2024-08-05,250.3,225.3,275.3,moving_average
SKU-1024,WH-006,2024-08-06,250.3,225.3,275.3,moving_average
SKU-1024,WH-006,2024-08-07,250.3,225.3,275.3,moving_average
SKU-1024,WH-006,2024-08-08,250.3,225.3,275.3,moving_average
SKU-1024,WH-006,2024-08-09,250.3,225.3,275.3,moving_average
SKU-1024,WH-006,2024-08-10,250.3,225.3,275.3,moving_average
SKU-1024,WH-006,2024-08-11,250.3,225.3,275.3,moving_average
SKU-1024,WH-006,2024-08-12,250.3,225.3,275.3,moving_average
SKU-1024,WH-006,2024-08-13,250.3,225.3,275.3,moving_average
SKU-1024,WH-006,2024-08-14,250.3,225.3,275.3,moving_average
SKU-1024,WH-006,2024-08-15,250.3,225.3,275.3,moving_average
SKU-1024,WH-006,2024-08-16,250.3,225.3,275.3,moving_average
SKU-1024,WH-006,2024-08-17,250.3,225.3,275.3,moving_average
SKU-1024,WH-006,2024-08-18,250.3,225.3,275.3,moving_average
SKU-1024,WH-006,2024-08-19,250.3,225.3,275.3,moving_average
SKU-1024,WH-006,2024-08-20,250.3,225.3,275.3,moving_average
SKU-1024,WH-006,2024-08-21,250.3,225.3,275.3,moving_average
SKU-1024,WH-006,2024-08-22,250.3,225.3,275.3,moving_average
SKU-1024,WH-006,2024-08-23,250.3,225.3,275.3,moving_average
SKU-1024,WH-006,2024-08-24,250.3,225.3,275.3,moving_average
SKU-1024,WH-006,2024-08-25,250.3,225.3,275.3,moving_average
SKU-1024,WH-006,2024-08-26,250.3,225.3,275.3,moving_average
SKU-1024,WH-006,2024-08-27,250.3,225.3,275.3,moving_average
SKU-1024,WH-006,2024-08-28,250.3,225.3,275.3,moving_average
SKU-1024,WH-006,2024-08-29,250.3,225.3,275.3,moving_average
SKU-1024,WH-006,2024-08-30,250.3,225.3,275.3,moving_average
SKU-1024,WH-006,2024-08-31,250.3,225.3,275.3,moving_average
SKU-1024,WH-006,2024-09-01,250.3,225.3,275.3,moving_average
SKU-1024,WH-006,2024-09-02,250.3,225.3,275.3,moving_average
SKU-1024,WH-006,2024-09-03,250.3,225.3,275.3,moving_average
SKU-1024,WH-006,2024-09-04,250.3,225.3,275.3,moving_average
SKU-1024,WH-006,2024-09-05,250.3,225.3,275.3,moving_average
SKU-1024,WH-006,2024-09-06,250.3,225.3,275.3,moving_average
SKU-1024,WH-006,2024-09-07,250.3,225.3,275.3,moving_average
SKU-1024,WH-006,2024-09-08,250.3,225.3,275.3,moving_average
SKU-1024,WH-006,2024-09-09,250.3,225.3,275.3,moving_average
SKU-1024,WH-006,2024-09-10,250.3,225.3,275.3,moving_average
SKU-1024,WH-006,2024-09-11,250.3,225.3,275.3,moving_average
SKU-1024,WH-006,2024-09-12,250.3,225.3,275.3,moving_average
SKU-1024,WH-006,2024-09-13,250.3,225.3,275.3,moving_average
SKU-1024,WH-006,2024-09-14,250.3,225.3,275.3,moving_average
SKU-1024,WH-006,2024-09-15,250.3,225.3,275.3,moving_average
SKU-1024,WH-006,2024-09-16,250.3,225.3,275.3,moving_average
SKU-1024,WH-006,2024-09-17,250.3,225.3,275.3,moving_average
SKU-1024,WH-006,2024-09-18,250.3,225.3,275.3,moving_average
SKU-1024,WH-006,2024-09-19,250.3,225.3,275.3,moving_average
SKU-1024,WH-006,2024-09-20,250.3,225.3,275.3,moving_average
SKU-1024,WH-006,2024-09-21,250.3,225.3,275.3,moving_average
SKU-1024,WH-006,2024-09-22,250.3,225.3,275.3,moving_average
SKU-1024,WH-006,2024-09-23,250.3,225.3,275.3,moving_average
SKU-1024,WH-006,2024-09-24,250.3,225.3,275.3,moving_average
SKU-1024,WH-006,2024-09-25,250.3,225.3,275.3,moving_average
SKU-1024,WH-006,2024-09-26,250.3,225.3,275.3,moving_average
SKU-1024,WH-007,2024-06-29,253.4,228.1,278.7,moving_average
SKU-1024,WH-007,2024-06-30,253.4,228.1,278.7,moving_average
SKU-1024,WH-007,2024-07-01,253.4,228.1,278.7,moving_average
SKU-1024,WH-007,2024-07-02,253.4,228.1,278.7,moving_average
SKU-1024,WH-007,2024-07-03,253.4,228.1,278.7,moving_average
SKU-1024,WH-007,2024-07-04,253.4,228.1,278.7,moving_average
SKU-1024,WH-007,2024-07-05,253.4,228.1,278.7,moving_average
SKU-1024,WH-007,2024-07-06,253.4,228.1,278.7,moving_average
SKU-1024,WH-007,2024-07-07,253.4,228.1,278.7,moving_average
SKU-1024,WH-007,2024-07-08,253.4,228.1,278.7,moving_average
SKU-1024,WH-007,2024-07-09,253.4,228.1,278.7,moving_average
SKU-1024,WH-007,2024-07-10,253.4,228.1,278.7,moving_average
SKU-1024,WH-007,2024-07-11,253.4,228.1,278.7,moving_average
SKU-1024,WH-007,2024-07-12,253.4,228.1,278.7,moving_average
SKU-1024,WH-007,2024-07-13,253.4,228.1,278.7,moving_average
SKU-1024,WH-007,2024-07-14,253.4,228.1,278.7,moving_average
SKU-1024,WH-007,2024-07-15,253.4,228.1,278.7,moving_average
SKU-1024,WH-007,2024-07-16,253.4,228.1,278.7,moving_average
SKU-1024,WH-007,2024-07-17,253.4,228.1,278.7,moving_average
SKU-1024,WH-007,2024-07-18,382.4,344.1,420.6,moving_average
SKU-1024,WH-007,2024-07-19,382.4,344.1,420.6,moving_average
SKU-1024,WH-007,2024-07-20,382.4,344.1,420.6,moving_average
SKU-1024,WH-007,2024-07-21,382.4,344.1,420.6,moving_average
SKU-1024,WH-007,2024-07-22,382.4,344.1,420.6,moving_average
SKU-1024,WH-007,2024-07-23,382.4,344.1,420.6,moving_average
SKU-1024,WH-007,2024-07-24,253.4,228.1,278.7,moving_average
SKU-1024,WH-007,2024-07-25,253.4,228.1,278.7,moving_average
SKU-1024,WH-007,2024-07-26,253.4,228.1,278.7,moving_average
SKU-1024,WH-007,2024-07-27,253.4,228.1,278.7,moving_average
SKU-1024,WH-007,2024-07-28,253.4,228.1,278.7,moving_average
SKU-1024,WH-007,2024-07-29,253.4,228.1,278.7,moving_average
SKU-1024,WH-007,2024-07-30,253.4,228.1,278.7,moving_average
SKU-1024,WH-007,2024-07-31,253.4,228.1,278.7,moving_average
SKU-1024,WH-007,2024-08-01,253.4,228.1,278.7,moving_average
SKU-1024,WH-007,2024-08-02,253.4,228.1,278.7,moving_average
SKU-1024,WH-007,2024-08-03,253.4,228.1,278.7,moving_average
SKU-1024,WH-007,2024-08-04,253.4,228.1,278.7,moving_average
SKU-1024,WH-007,2024-08-05,253.4,228.1,278.7,moving_average
SKU-1024,WH-007,2024-08-06,253.4,228.1,278.7,moving_average
SKU-1024,WH-007,2024-08-07,253.4,228.1,278.7,moving_average
SKU-1024,WH-007,2024-08-08,253.4,228.1,278.7,moving_average
SKU-1024,WH-007,2024-08-09,253.4,228.1,278.7,moving_average
SKU-1024,WH-007,2024-08-10,253.4,228.1,278.7,moving_average
SKU-1024,WH-007,2024-08-11,253.4,228.1,278.7,moving_average
SKU-1024,WH-007,2024-08-12,253.4,228.1,278.7,moving_average
SKU-1024,WH-007,2024-08-13,253.4,228.1,278.7,moving_average
SKU-1024,WH-007,2024-08-14,253.4,228.1,278.7,moving_average
SKU-1024,WH-007,2024-08-15,253.4,228.1,278.7,moving_average
SKU-1024,WH-007,2024-08-16,253.4,228.1,278.7,moving_average
SKU-1024,WH-007,2024-08-17,253.4,228.1,278.7,moving_average
SKU-1024,WH-007,2024-08-18,253.4,228.1,278.7,moving_average
SKU-1024,WH-007,2024-08-19,253.4,228.1,278.7,moving_average
SKU-1024,WH-007,2024-08-20,253.4,228.1,278.7,moving_average
SKU-1024,WH-007,2024-08-21,253.4,228.1,278.7,moving_average
SKU-1024,WH-007,2024-08-22,253.4,228.1,278.7,moving_average
SKU-1024,WH-007,2024-08-23,253.4,228.1,278.7,moving_average
SKU-1024,WH-007,2024-08-24,253.4,228.1,278.7,moving_average
SKU-1024,WH-007,2024-08-25,253.4,228.1,278.7,moving_average
SKU-1024,WH-007,2024-08-26,253.4,228.1,278.7,moving_average
SKU-1024,WH-007,2024-08-27,253.4,228.1,278.7,moving_average
SKU-1024,WH-007,2024-08-28,253.4,228.1,278.7,moving_average
SKU-1024,WH-007,2024-08-29,253.4,228.1,278.7,moving_average
SKU-1024,WH-007,2024-08-30,253.4,228.1,278.7,moving_average
SKU-1024,WH-007,2024-08-31,253.4,228.1,278.7,moving_average
SKU-1024,WH-007,2024-09-01,253.4,228.1,278.7,moving_average
SKU-1024,WH-007,2024-09-02,253.4,228.1,278.7,moving_average
SKU-1024,WH-007,2024-09-03,253.4,228.1,278.7,moving_average
SKU-1024,WH-007,2024-09-04,253.4,228.1,278.7,moving_average
SKU-1024,WH-007,2024-09-05,253.4,228.1,278.7,moving_average
SKU-1024,WH-007,2024-09-06,253.4,228.1,278.7,moving_average
SKU-1024,WH-007,2024-09-07,253.4,228.1,278.7,moving_average
SKU-1024,WH-007,2024-09-08,253.4,228.1,278.7,moving_average
SKU-1024,WH-007,2024-09-09,253.4,228.1,278.7,moving_average
SKU-1024,WH-007,2024-09-10,253.4,228.1,278.7,moving_average
SKU-1024,WH-007,2024-09-11,253.4,228.1,278.7,moving_average
SKU-1024,WH-007,2024-09-12,253.4,228.1,278.7,moving_average
SKU-1024,WH-007,2024-09-13,253.4,228.1,278.7,moving_average
SKU-1024,WH-007,2024-09-14,253.4,228.1,278.7,moving_average
SKU-1024,WH-007,2024-09-15,253.4,228.1,278.7,moving_average
SKU-1024,WH-007,2024-09-16,253.4,228.1,278.7,moving_average
SKU-1024,WH-007,2024-09-17,253.4,228.1,278.7,moving_average
SKU-1024,WH-007,2024-09-18,253.4,228.1,278.7,moving_average
SKU-1024,WH-007,2024-09-19,253.4,228.1,278.7,moving_average
SKU-1024,WH-007,2024-09-20,253.4,228.1,278.7,moving_average
SKU-1024,WH-007,2024-09-21,253.4,228.1,278.7,moving_average
SKU-1024,WH-007,2024-09-22,253.4,228.1,278.7,moving_average
SKU-1024,WH-007,2024-09-23,253.4,228.1,278.7,moving_average
SKU-1024,WH-007,2024-09-24,253.4,228.1,278.7,moving_average
SKU-1024,WH-007,2024-09-25,253.4,228.1,278.7,moving_average
SKU-1024,WH-007,2024-09-26,253.4,228.1,278.7,moving_average
SKU-1025,WH-001,2024-06-29,493.1,443.8,542.5,moving_average
SKU-1025,WH-001,2024-06-30,493.1,443.8,542.5,moving_average
SKU-1025,WH-001,2024-07-01,493.1,443.8,542.5,moving_average
SKU-1025,WH-001,2024-07-02,493.1,443.8,542.5,moving_average
SKU-1025,WH-001,2024-07-03,493.1,443.8,542.5,moving_average
SKU-1025,WH-001,2024-07-04,493.1,443.8,542.5,moving_average
SKU-1025,WH-001,2024-07-05,493.1,443.8,542.5,moving_average
SKU-1025,WH-001,2024-07-06,493.1,443.8,542.5,moving_average
SKU-1025,WH-001,2024-07-07,493.1,443.8,542.5,moving_average
SKU-1025,WH-001,2024-07-08,493.1,443.8,542.5,moving_average
SKU-1025,WH-001,2024-07-09,493.1,443.8,542.5,moving_average
SKU-1025,WH-001,2024-07-10,493.1,443.8,542.5,moving_average
SKU-1025,WH-001,2024-07-11,493.1,443.8,542.5,moving_average
SKU-1025,WH-001,2024-07-12,493.1,443.8,542.5,moving_average
SKU-1025,WH-001,2024-07-13,493.1,443.8,542.5,moving_average
SKU-1025,WH-001,2024-07-14,493.1,443.8,542.5,moving_average
SKU-1025,WH-001,2024-07-15,493.1,443.8,542.5,moving_average
SKU-1025,WH-001,2024-07-16,493.1,443.8,542.5,moving_average
SKU-1025,WH-001,2024-07-17,493.1,443.8,542.5,moving_average
SKU-1025,WH-001,2024-07-18,493.1,443.8,542.5,moving_average
SKU-1025,WH-001,2024-07-19,493.1,443.8,542.5,moving_average
SKU-1025,WH-001,2024-07-20,493.1,443.8,542.5,moving_average
SKU-1025,WH-001,2024-07-21,493.1,443.8,542.5,moving_average
SKU-1025,WH-001,2024-07-22,493.1,443.8,542.5,moving_average
SKU-1025,WH-001,2024-07-23,493.1,443.8,542.5,moving_average
SKU-1025,WH-001,2024-07-24,493.1,443.8,542.5,moving_average
SKU-1025,WH-001,2024-07-25,493.1,443.8,542.5,moving_average
SKU-1025,WH-001,2024-07-26,493.1,443.8,542.5,moving_average
SKU-1025,WH-001,2024-07-27,493.1,443.8,542.5,moving_average
SKU-1025,WH-001,2024-07-28,493.1,443.8,542.5,moving_average
SKU-1025,WH-001,2024-07-29,493.1,443.8,542.5,moving_average
SKU-1025,WH-001,2024-07-30,493.1,443.8,542.5,moving_average
SKU-1025,WH-001,2024-07-31,493.1,443.8,542.5,moving_average
SKU-1025,WH-001,2024-08-01,493.1,443.8,542.5,moving_average
SKU-1025,WH-001,2024-08-02,493.1,443.8,542.5,moving_average
SKU-1025,WH-001,2024-08-03,493.1,443.8,542.5,moving_average
SKU-1025,WH-001,2024-08-04,493.1,443.8,542.5,moving_average
SKU-1025,WH-001,2024-08-05,493.1,443.8,542.5,moving_average
SKU-1025,WH-001,2024-08-06,493.1,443.8,542.5,moving_average
SKU-1025,WH-001,2024-08-07,493.1,443.8,542.5,moving_average
SKU-1025,WH-001,2024-08-08,493.1,443.8,542.5,moving_average
SKU-1025,WH-001,2024-08-09,493.1,443.8,542.5,moving_average
SKU-1025,WH-001,2024-08-10,493.1,443.8,542.5,moving_average
SKU-1025,WH-001,2024-08-11,493.1,443.8,542.5,moving_average
SKU-1025,WH-001,2024-08-12,493.1,443.8,542.5,moving_average
SKU-1025,WH-001,2024-08-13,493.1,443.8,542.5,moving_average
SKU-1025,WH-001,2024-08-14,493.1,443.8,542.5,moving_average
SKU-1025,WH-001,2024-08-15,493.1,443.8,542.5,moving_average
SKU-1025,WH-001,2024-08-16,493.1,443.8,542.5,moving_average
SKU-1025,WH-001,2024-08-17,493.1,443.8,542.5,moving_average
SKU-1025,WH-001,2024-08-18,493.1,443.8,542.5,moving_average
SKU-1025,WH-001,2024-08-19,493.1,443.8,542.5,moving_average
SKU-1025,WH-001,2024-08-20,493.1,443.8,542.5,moving_average
SKU-1025,WH-001,2024-08-21,493.1,443.8,542.5,moving_average
SKU-1025,WH-001,2024-08-22,493.1,443.8,542.5,moving_average
SKU-1025,WH-001,2024-08-23,493.1,443.8,542.5,moving_average
SKU-1025,WH-001,2024-08-24,493.1,443.8,542.5,moving_average
SKU-1025,WH-001,2024-08-25,493.1,443.8,542.5,moving_average
SKU-1025,WH-001,2024-08-26,493.1,443.8,542.5,moving_average
SKU-1025,WH-001,2024-08-27,493.1,443.8,542.5,moving_average
SKU-1025,WH-001,2024-08-28,493.1,443.8,542.5,moving_average
SKU-1025,WH-001,2024-08-29,493.1,443.8,542.5,moving_average
SKU-1025,WH-001,2024-08-30,493.1,443.8,542.5,moving_average
SKU-1025,WH-001,2024-08-31,493.1,443.8,542.5,moving_average
SKU-1025,WH-001,2024-09-01,493.1,443.8,542.5,moving_average
SKU-1025,WH-001,2024-09-02,493.1,443.8,542.5,moving_average
SKU-1025,WH-001,2024-09-03,493.1,443.8,542.5,moving_average
SKU-1025,WH-001,2024-09-04,493.1,443.8,542.5,moving_average
SKU-1025,WH-001,2024-09-05,493.1,443.8,542.5,moving_average
SKU-1025,WH-001,2024-09-06,493.1,443.8,542.5,moving_average
SKU-1025,WH-001,2024-09-07,493.1,443.8,542.5,moving_average
SKU-1025,WH-001,2024-09-08,493.1,443.8,542.5,moving_average
SKU-1025,WH-001,2024-09-09,493.1,443.8,542.5,moving_average
SKU-1025,WH-001,2024-09-10,493.1,443.8,542.5,moving_average
SKU-1025,WH-001,2024-09-11,493.1,443.8,542.5,moving_average
SKU-1025,WH-001,2024-09-12,493.1,443.8,542.5,moving_average
SKU-1025,WH-001,2024-09-13,493.1,443.8,542.5,moving_average
SKU-1025,WH-001,2024-09-14,493.1,443.8,542.5,moving_average
SKU-1025,WH-001,2024-09-15,493.1,443.8,542.5,moving_average
SKU-1025,WH-001,2024-09-16,493.1,443.8,542.5,moving_average
SKU-1025,WH-001,2024-09-17,493.1,443.8,542.5,moving_average
SKU-1025,WH-001,2024-09-18,493.1,443.8,542.5,moving_average
SKU-1025,WH-001,2024-09-19,493.1,443.8,542.5,moving_average
SKU-1025,WH-001,2024-09-20,493.1,443.8,542.5,moving_average
SKU-1025,WH-001,2024-09-21,493.1,443.8,542.5,moving_average
SKU-1025,WH-001,2024-09-22,493.1,443.8,542.5,moving_average
SKU-1025,WH-001,2024-09-23,493.1,443.8,542.5,moving_average
SKU-1025,WH-001,2024-09-24,493.1,443.8,542.5,moving_average
SKU-1025,WH-001,2024-09-25,493.1,443.8,542.5,moving_average
SKU-1025,WH-001,2024-09-26,493.1,443.8,542.5,moving_average
SKU-1025,WH-002,2024-06-29,503.5,453.2,553.9,moving_average
SKU-1025,WH-002,2024-06-30,503.5,453.2,553.9,moving_average
SKU-1025,WH-002,2024-07-01,503.5,453.2,553.9,moving_average
SKU-1025,WH-002,2024-07-02,503.5,453.2,553.9,moving_average
SKU-1025,WH-002,2024-07-03,503.5,453.2,553.9,moving_average
SKU-1025,WH-002,2024-07-04,503.5,453.2,553.9,moving_average
SKU-1025,WH-002,2024-07-05,503.5,453.2,553.9,moving_average
SKU-1025,WH-002,2024-07-06,503.5,453.2,553.9,moving_average
SKU-1025,WH-002,2024-07-07,503.5,453.2,553.9,moving_average
SKU-1025,WH-002,2024-07-08,503.5,453.2,553.9,moving_average
SKU-1025,WH-002,2024-07-09,503.5,453.2,553.9,moving_average
SKU-1025,WH-002,2024-07-10,503.5,453.2,553.9,moving_average
SKU-1025,WH-002,2024-07-11,503.5,453.2,553.9,moving_average
SKU-1025,WH-002,2024-07-12,503.5,453.2,553.9,moving_average
SKU-1025,WH-002,2024-07-13,503.5,453.2,553.9,moving_average
SKU-1025,WH-002,2024-07-14,503.5,453.2,553.9,moving_average
SKU-1025,WH-002,2024-07-15,503.5,453.2,553.9,moving_average
SKU-1025,WH-002,2024-07-16,503.5,453.2,553.9,moving_average
SKU-1025,WH-002,2024-07-17,503.5,453.2,553.9,moving_average
SKU-1025,WH-002,2024-07-18,503.5,453.2,553.9,moving_average
SKU-1025,WH-002,2024-07-19,503.5,453.2,553.9,moving_average
SKU-1025,WH-002,2024-07-20,503.5,453.2,553.9,moving_average
SKU-1025,WH-002,2024-07-21,503.5,453.2,553.9,moving_average
SKU-1025,WH-002,2024-07-22,503.5,453.2,553.9,moving_average
SKU-1025,WH-002,2024-07-23,503.5,453.2,553.9,moving_average
SKU-1025,WH-002,2024-07-24,503.5,453.2,553.9,moving_average
SKU-1025,WH-002,2024-07-25,503.5,453.2,553.9,moving_average
SKU-1025,WH-002,2024-07-26,503.5,453.2,553.9,moving_average
SKU-1025,WH-002,2024-07-27,503.5,453.2,553.9,moving_average
SKU-1025,WH-002,2024-07-28,503.5,453.2,553.9,moving_average
SKU-1025,WH-002,2024-07-29,503.5,453.2,553.9,moving_average
SKU-1025,WH-002,2024-07-30,503.5,453.2,553.9,moving_average
SKU-1025,WH-002,2024-07-31,503.5,453.2,553.9,moving_average
SKU-1025,WH-002,2024-08-01,503.5,453.2,553.9,moving_average
SKU-1025,WH-002,2024-08-02,503.5,453.2,553.9,moving_average
SKU-1025,WH-002,2024-08-03,503.5,453.2,553.9,moving_average
SKU-1025,WH-002,2024-08-04,503.5,453.2,553.9,moving_average
SKU-1025,WH-002,2024-08-05,503.5,453.2,553.9,moving_average
SKU-1025,WH-002,2024-08-06,503.5,453.2,553.9,moving_average
SKU-1025,WH-002,2024-08-07,503.5,453.2,553.9,moving_average
SKU-1025,WH-002,2024-08-08,503.5,453.2,553.9,moving_average
SKU-1025,WH-002,2024-08-09,503.5,453.2,553.9,moving_average
SKU-1025,WH-002,2024-08-10,503.5,453.2,553.9,moving_average
SKU-1025,WH-002,2024-08-11,503.5,453.2,553.9,moving_average
SKU-1025,WH-002,2024-08-12,503.5,453.2,553.9,moving_average
SKU-1025,WH-002,2024-08-13,503.5,453.2,553.9,moving_average
SKU-1025,WH-002,2024-08-14,503.5,453.2,553.9,moving_average
SKU-1025,WH-002,2024-08-15,503.5,453.2,553.9,moving_average
SKU-1025,WH-002,2024-08-16,503.5,453.2,553.9,moving_average
SKU-1025,WH-002,2024-08-17,503.5,453.2,553.9,moving_average
SKU-1025,WH-002,2024-08-18,503.5,453.2,553.9,moving_average
SKU-1025,WH-002,2024-08-19,503.5,453.2,553.9,moving_average
SKU-1025,WH-002,2024-08-20,503.5,453.2,553.9,moving_average
SKU-1025,WH-002,2024-08-21,503.5,453.2,553.9,moving_average
SKU-1025,WH-002,2024-08-22,503.5,453.2,553.9,moving_average
SKU-1025,WH-002,2024-08-23,503.5,453.2,553.9,moving_average
SKU-1025,WH-002,2024-08-24,503.5,453.2,553.9,moving_average
SKU-1025,WH-002,2024-08-25,503.5,453.2,553.9,moving_average
SKU-1025,WH-002,2024-08-26,503.5,453.2,553.9,moving_average
SKU-1025,WH-002,2024-08-27,503.5,453.2,553.9,moving_average
SKU-1025,WH-002,2024-08-28,503.5,453.2,553.9,moving_average
SKU-1025,WH-002,2024-08-29,503.5,453.2,553.9,moving_average
SKU-1025,WH-002,2024-08-30,503.5,453.2,553.9,moving_average
SKU-1025,WH-002,2024-08-31,503.5,453.2,553.9,moving_average
SKU-1025,WH-002,2024-09-01,503.5,453.2,553.9,moving_average
SKU-1025,WH-002,2024-09-02,503.5,453.2,553.9,moving_average
SKU-1025,WH-002,2024-09-03,503.5,453.2,553.9,moving_average
SKU-1025,WH-002,2024-09-04,503.5,453.2,553.9,moving_average
SKU-1025,WH-002,2024-09-05,503.5,453.2,553.9,moving_average
SKU-1025,WH-002,2024-09-06,503.5,453.2,553.9,moving_average
SKU-1025,WH-002,2024-09-07,503.5,453.2,553.9,moving_average
SKU-1025,WH-002,2024-09-08,503.5,453.2,553.9,moving_average
SKU-1025,WH-002,2024-09-09,503.5,453.2,553.9,moving_average
SKU-1025,WH-002,2024-09-10,503.5,453.2,553.9,moving_average
SKU-1025,WH-002,2024-09-11,503.5,453.2,553.9,moving_average
SKU-1025,WH-002,2024-09-12,503.5,453.2,553.9,moving_average
SKU-1025,WH-002,2024-09-13,503.5,453.2,553.9,moving_average
SKU-1025,WH-002,2024-09-14,503.5,453.2,553.9,moving_average
SKU-1025,WH-002,2024-09-15,503.5,453.2,553.9,moving_average
SKU-1025,WH-002,2024-09-16,503.5,453.2,553.9,moving_average
SKU-1025,WH-002,2024-09-17,503.5,453.2,553.9,moving_average
SKU-1025,WH-002,2024-09-18,503.5,453.2,553.9,moving_average
SKU-1025,WH-002,2024-09-19,503.5,453.2,553.9,moving_average
SKU-1025,WH-002,2024-09-20,503.5,453.2,553.9,moving_average
SKU-1025,WH-002,2024-09-21,503.5,453.2,553.9,moving_average
SKU-1025,WH-002,2024-09-22,503.5,453.2,553.9,moving_average
SKU-1025,WH-002,2024-09-23,503.5,453.2,553.9,moving_average
SKU-1025,WH-002,2024-09-24,503.5,453.2,553.9,moving_average
SKU-1025,WH-002,2024-09-25,503.5,453.2,553.9,moving_average
SKU-1025,WH-002,2024-09-26,503.5,453.2,553.9,moving_average
SKU-1025,WH-003,2024-06-29,512.8,435.9,589.7,exponential_smoothing
SKU-1025,WH-003,2024-06-30,482.9,410.5,555.4,exponential_smoothing
SKU-1025,WH-003,2024-07-01,606.8,515.8,697.8,exponential_smoothing
SKU-1025,WH-003,2024-07-02,557.1,473.5,640.7,exponential_smoothing
SKU-1025,WH-003,2024-07-03,562.5,478.2,646.9,exponential_smoothing
SKU-1025,WH-003,2024-07-04,542.1,460.8,623.4,exponential_smoothing
SKU-1025,WH-003,2024-07-05,535.2,454.9,615.5,exponential_smoothing
SKU-1025,WH-003,2024-07-06,515.2,437.9,592.5,exponential_smoothing
SKU-1025,WH-003,2024-07-07,485.3,412.5,558.2,exponential_smoothing
SKU-1025,WH-003,2024-07-08,609.2,517.8,700.6,exponential_smoothing
SKU-1025,WH-003,2024-07-09,559.5,475.6,643.5,exponential_smoothing
SKU-1025,WH-003,2024-07-10,565.0,480.2,649.7,exponential_smoothing
SKU-1025,WH-003,2024-07-11,544.5,462.8,626.2,exponential_smoothing
SKU-1025,WH-003,2024-07-12,537.6,457.0,618.3,exponential_smoothing
SKU-1025,WH-003,2024-07-13,517.6,440.0,595.3,exponential_smoothing
SKU-1025,WH-003,2024-07-14,487.8,414.6,560.9,exponential_smoothing
SKU-1025,WH-003,2024-07-15,611.6,519.9,703.4,exponential_smoothing
SKU-1025,WH-003,2024-07-16,561.9,477.6,646.2,exponential_smoothing
SKU-1025,WH-003,2024-07-17,567.4,482.3,652.5,exponential_smoothing
SKU-1025,WH-003,2024-07-18,546.9,464.9,629.0,exponential_smoothing
SKU-1025,WH-003,2024-07-19,540.0,459.0,621.0,exponential_smoothing
SKU-1025,WH-003,2024-07-20,520.0,442.0,598.0,exponential_smoothing
SKU-1025,WH-003,2024-07-21,490.2,416.6,563.7,exponential_smoothing
SKU-1025,WH-003,2024-07-22,614.0,521.9,706.1,exponential_smoothing
SKU-1025,WH-003,2024-07-23,564.4,479.7,649.0,exponential_smoothing
SKU-1025,WH-003,2024-07-24,569.8,484.3,655.3,exponential_smoothing
SKU-1025,WH-003,2024-07-25,549.3,466.9,631.7,exponential_smoothing
SKU-1025,WH-003,2024-07-26,542.4,461.1,623.8,exponential_smoothing
SKU-1025,WH-003,2024-07-27,522.4,444.1,600.8,exponential_smoothing
SKU-1025,WH-003,2024-07-28,492.6,418.7,566.5,exponential_smoothing
SKU-1025,WH-003,2024-07-29,616.4,524.0,708.9,exponential_smoothing
SKU-1025,WH-003,2024-07-30,566.8,481.7,651.8,exponential_smoothing
SKU-1025,WH-003,2024-07-31,572.2,486.4,658.0,exponential_smoothing
SKU-1025,WH-003,2024-08-01,551.7,469.0,634.5,exponential_smoothing
SKU-1025,WH-003,2024-08-02,544.8,463.1,626.6,exponential_smoothing
SKU-1025,WH-003,2024-08-03,524.9,446.1,603.6,exponential_smoothing
SKU-1025,WH-003,2024-08-04,495.0,420.8,569.3,exponential_smoothing
SKU-1025,WH-003,2024-08-05,618.9,526.0,711.7,exponential_smoothing
SKU-1025,WH-003,2024-08-06,569.2,483.8,654.6,exponential_smoothing
SKU-1025,WH-003,2024-08-07,574.6,488.4,660.8,exponential_smoothing
SKU-1025,WH-003,2024-08-08,554.2,471.0,637.3,exponential_smoothing
SKU-1025,WH-003,2024-08-09,547.3,465.2,629.3,exponential_smoothing
SKU-1025,WH-003,2024-08-10,527.3,448.2,606.4,exponential_smoothing
SKU-1025,WH-003,2024-08-11,497.4,422.8,572.0,exponential_smoothing
SKU-1025,WH-003,2024-08-12,621.3,528.1,714.5,exponential_smoothing
SKU-1025,WH-003,2024-08-13,571.6,485.9,657.3,exponential_smoothing
SKU-1025,WH-003,2024-08-14,577.0,490.5,663.6,exponential_smoothing
SKU-1025,WH-003,2024-08-15,556.6,473.1,640.1,exponential_smoothing
SKU-1025,WH-003,2024-08-16,549.7,467.2,632.1,exponential_smoothing
SKU-1025,WH-003,2024-08-17,529.7,450.2,609.1,exponential_smoothing
SKU-1025,WH-003,2024-08-18,499.8,424.9,574.8,exponential_smoothing
SKU-1025,WH-003,2024-08-19,623.7,530.1,717.2,exponential_smoothing
SKU-1025,WH-003,2024-08-20,574.0,487.9,660.1,exponential_smoothing
SKU-1025,WH-003,2024-08-21,579.4,492.5,666.3,exponential_smoothing
SKU-1025,WH-003,2024-08-22,559.0,475.1,642.8,exponential_smoothing
SKU-1025,WH-003,2024-08-23,552.1,469.3,634.9,exponential_smoothing
SKU-1025,WH-003,2024-08-24,532.1,452.3,611.9,exponential_smoothing
SKU-1025,WH-003,2024-08-25,502.2,426.9,577.6,exponential_smoothing
SKU-1025,WH-003,2024-08-26,626.1,532.2,720.0,exponential_smoothing
SKU-1025,WH-003,2024-08-27,576.4,490.0,662.9,exponential_smoothing
SKU-1025,WH-003,2024-08-28,581.8,494.6,669.1,exponential_smoothing
SKU-1025,WH-003,2024-08-29,561.4,477.2,645.6,exponential_smoothing
SKU-1025,WH-003,2024-08-30,554.5,471.3,637.7,exponential_smoothing
SKU-1025,WH-003,2024-08-31,534.5,454.3,614.7,exponential_smoothing
SKU-1025,WH-003,2024-09-01,504.7,429.0,580.3,exponential_smoothing
SKU-1025,WH-003,2024-09-02,628.5,534.2,722.8,exponential_smoothing
SKU-1025,WH-003,2024-09-03,578.8,492.0,665.7,exponential_smoothing
SKU-1025,WH-003,2024-09-04,584.3,496.6,671.9,exponential_smoothing
SKU-1025,WH-003,2024-09-05,563.8,479.2,648.4,exponential_smoothing
SKU-1025,WH-003,2024-09-06,556.9,473.4,640.4,exponential_smoothing
SKU-1025,WH-003,2024-09-07,536.9,456.4,617.5,exponential_smoothing
SKU-1025,WH-003,2024-09-08,507.1,431.0,583.1,exponential_smoothing
SKU-1025,WH-003,2024-09-09,630.9,536.3,725.6,exponential_smoothing
SKU-1025,WH-003,2024-09-10,581.2,494.1,668.4,exponential_smoothing
SKU-1025,WH-003,2024-09-11,586.7,498.7,674.7,exponential_smoothing
SKU-1025,WH-003,2024-09-12,566.2,481.3,651.2,exponential_smoothing
SKU-1025,WH-003,2024-09-13,559.3,475.4,643.2,exponential_smoothing
SKU-1025,WH-003,2024-09-14,539.3,458.4,620.2,exponential_smoothing
SKU-1025,WH-003,2024-09-15,509.5,433.1,585.9,exponential_smoothing
SKU-1025,WH-003,2024-09-16,633.3,538.3,728.3,exponential_smoothing
SKU-1025,WH-003,2024-09-17,583.7,496.1,671.2,exponential_smoothing
SKU-1025,WH-003,2024-09-18,589.1,500.7,677.4,exponential_smoothing
SKU-1025,WH-003,2024-09-19,568.6,483.3,653.9,exponential_smoothing
SKU-1025,WH-003,2024-09-20,561.7,477.5,646.0,exponential_smoothing
SKU-1025,WH-003,2024-09-21,541.7,460.5,623.0,exponential_smoothing
SKU-1025,WH-003,2024-09-22,511.9,435.1,588.7,exponential_smoothing
SKU-1025,WH-003,2024-09-23,635.8,540.4,731.1,exponential_smoothing
SKU-1025,WH-003,2024-09-24,586.1,498.2,674.0,exponential_smoothing
SKU-1025,WH-003,2024-09-25,591.5,502.8,680.2,exponential_smoothing
SKU-1025,WH-003,2024-09-26,571.0,485.4,656.7,exponential_smoothing
SKU-1025,WH-004,2024-06-29,520.7,416.5,624.8,xgboost
SKU-1025,WH-004,2024-06-30,445.3,356.2,534.3,xgboost
SKU-1025,WH-004,2024-07-01,476.5,381.2,571.8,xgboost
SKU-1025,WH-004,2024-07-02,503.6,402.9,604.3,xgboost
SKU-1025,WH-004,2024-07-03,549.6,439.7,659.5,xgboost
SKU-1025,WH-004,2024-07-04,529.3,423.5,635.2,xgboost
SKU-1025,WH-004,2024-07-05,505.5,404.4,606.6,xgboost
SKU-1025,WH-004,2024-07-06,559.4,447.5,671.3,xgboost
SKU-1025,WH-004,2024-07-07,468.5,374.8,562.2,xgboost
SKU-1025,WH-004,2024-07-08,573.3,458.7,688.0,xgboost
SKU-1025,WH-004,2024-07-09,555.7,444.6,666.9,xgboost
SKU-1025,WH-004,2024-07-10,607.2,485.8,728.6,xgboost
SKU-1025,WH-004,2024-07-11,643.7,515.0,772.5,xgboost
SKU-1025,WH-004,2024-07-12,594.8,475.8,713.8,xgboost
SKU-1025,WH-004,2024-07-13,613.6,490.9,736.3,xgboost
SKU-1025,WH-004,2024-07-14,631.3,505.1,757.6,xgboost
SKU-1025,WH-004,2024-07-15,580.8,464.6,697.0,xgboost
SKU-1025,WH-004,2024-07-16,603.8,483.0,724.6,xgboost
SKU-1025,WH-004,2024-07-17,651.6,521.3,781.9,xgboost
SKU-1025,WH-004,2024-07-18,658.2,526.6,789.8,xgboost
SKU-1025,WH-004,2024-07-19,606.1,484.9,727.3,xgboost
SKU-1025,WH-004,2024-07-20,586.3,469.1,703.6,xgboost
SKU-1025,WH-004,2024-07-21,636.5,509.2,763.8,xgboost
SKU-1025,WH-004,2024-07-22,641.6,513.3,769.9,xgboost
SKU-1025,WH-004,2024-07-23,569.7,455.8,683.6,xgboost
SKU-1025,WH-004,2024-07-24,570.1,456.1,684.2,xgboost
SKU-1025,WH-004,2024-07-25,533.1,426.4,639.7,xgboost
SKU-1025,WH-004,2024-07-26,497.8,398.2,597.3,xgboost
SKU-1025,WH-004,2024-07-27,629.7,503.8,755.7,xgboost
SKU-1025,WH-004,2024-07-28,595.0,476.0,714.0,xgboost
SKU-1025,WH-004,2024-07-29,629.0,503.2,754.8,xgboost
SKU-1025,WH-004,2024-07-30,628.8,503.1,754.6,xgboost
SKU-1025,WH-004,2024-07-31,596.9,477.5,716.2,xgboost
SKU-1025,WH-004,2024-08-01,598.8,479.0,718.5,xgboost
SKU-1025,WH-004,2024-08-02,627.7,502.2,753.3,xgboost
SKU-1025,WH-004,2024-08-03,592.7,474.2,711.3,xgboost
SKU-1025,WH-004,2024-08-04,664.8,531.8,797.7,xgboost
SKU-1025,WH-004,2024-08-05,575.8,460.7,691.0,xgboost
SKU-1025,WH-004,2024-08-06,480.6,384.5,576.7,xgboost
SKU-1025,WH-004,2024-08-07,570.7,456.6,684.8,xgboost
SKU-1025,WH-004,2024-08-08,544.1,435.2,652.9,xgboost
SKU-1025,WH-004,2024-08-09,558.4,446.7,670.0,xgboost
SKU-1025,WH-004,2024-08-10,569.5,455.6,683.3,xgboost
SKU-1025,WH-004,2024-08-11,592.7,474.2,711.3,xgboost
SKU-1025,WH-004,2024-08-12,627.6,502.1,753.1,xgboost
SKU-1025,WH-004,2024-08-13,621.3,497.0,745.5,xgboost
SKU-1025,WH-004,2024-08-14,619.8,495.8,743.7,xgboost
SKU-1025,WH-004,2024-08-15,630.3,504.2,756.3,xgboost
SKU-1025,WH-004,2024-08-16,620.1,496.1,744.2,xgboost
SKU-1025,WH-004,2024-08-17,616.1,492.9,739.3,xgboost
SKU-1025,WH-004,2024-08-18,614.3,491.4,737.1,xgboost
SKU-1025,WH-004,2024-08-19,606.4,485.1,727.7,xgboost
SKU-1025,WH-004,2024-08-20,668.6,534.9,802.3,xgboost
SKU-1025,WH-004,2024-08-21,662.1,529.7,794.5,xgboost
SKU-1025,WH-004,2024-08-22,602.0,481.6,722.4,xgboost
SKU-1025,WH-004,2024-08-23,642.5,514.0,771.0,xgboost
SKU-1025,WH-004,2024-08-24,596.7,477.3,716.0,xgboost
SKU-1025,WH-004,2024-08-25,596.7,477.3,716.0,xgboost
SKU-1025,WH-004,2024-08-26,571.2,457.0,685.5,xgboost
SKU-1025,WH-004,2024-08-27,617.6,494.1,741.2,xgboost
SKU-1025,WH-004,2024-08-28,612.0,489.6,734.4,xgboost
SKU-1025,WH-004,2024-08-29,552.9,442.3,663.5,xgboost
SKU-1025,WH-004,2024-08-30,524.8,419.8,629.7,xgboost
SKU-1025,WH-004,2024-08-31,559.7,447.7,671.6,xgboost
SKU-1025,WH-004,2024-09-01,519.6,415.7,623.6,xgboost
SKU-1025,WH-004,2024-09-02,534.8,427.8,641.8,xgboost
SKU-1025,WH-004,2024-09-03,532.2,425.8,638.6,xgboost
SKU-1025,WH-004,2024-09-04,526.6,421.2,631.9,xgboost
SKU-1025,WH-004,2024-09-05,504.5,403.6,605.4,xgboost
SKU-1025,WH-004,2024-09-06,531.2,424.9,637.4,xgboost
SKU-1025,WH-004,2024-09-07,501.0,400.8,601.2,xgboost
SKU-1025,WH-004,2024-09-08,545.9,436.7,655.1,xgboost
SKU-1025,WH-004,2024-09-09,535.7,428.5,642.8,xgboost
SKU-1025,WH-004,2024-09-10,560.6,448.5,672.8,xgboost
SKU-1025,WH-004,2024-09-11,588.3,470.6,705.9,xgboost
SKU-1025,WH-004,2024-09-12,565.5,452.4,678.7,xgboost
SKU-1025,WH-004,2024-09-13,621.3,497.1,745.6,xgboost
SKU-1025,WH-004,2024-09-14,610.3,488.2,732.3,xgboost
SKU-1025,WH-004,2024-09-15,594.1,475.3,712.9,xgboost
SKU-1025,WH-004,2024-09-16,636.9,509.5,764.3,xgboost
SKU-1025,WH-004,2024-09-17,640.4,512.3,768.5,xgboost
SKU-1025,WH-004,2024-09-18,614.8,491.8,737.7,xgboost
SKU-1025,WH-004,2024-09-19,605.9,484.7,727.1,xgboost
SKU-1025,WH-004,2024-09-20,596.2,476.9,715.4,xgboost
SKU-1025,WH-004,2024-09-21,651.5,521.2,781.8,xgboost
SKU-1025,WH-004,2024-09-22,645.2,516.2,774.2,xgboost
SKU-1025,WH-004,2024-09-23,610.4,488.3,732.5,xgboost
SKU-1025,WH-004,2024-09-24,601.6,481.2,721.9,xgboost
SKU-1025,WH-004,2024-09-25,568.3,454.6,682.0,xgboost
SKU-1025,WH-004,2024-09-26,615.3,492.3,738.4,xgboost
SKU-1025,WH-005,2024-06-29,415.4,332.3,498.5,xgboost
SKU-1025,WH-005,2024-06-30,456.9,365.5,548.2,xgboost
SKU-1025,WH-005,2024-07-01,455.5,364.4,546.6,xgboost
SKU-1025,WH-005,2024-07-02,432.0,345.6,518.4,xgboost
SKU-1025,WH-005,2024-07-03,455.6,364.5,546.7,xgboost
SKU-1025,WH-005,2024-07-04,465.9,372.7,559.1,xgboost
SKU-1025,WH-005,2024-07-05,474.4,379.5,569.2,xgboost
SKU-1025,WH-005,2024-07-06,559.3,447.5,671.2,xgboost
SKU-1025,WH-005,2024-07-07,570.8,456.6,684.9,xgboost
SKU-1025,WH-005,2024-07-08,448.9,359.1,538.7,xgboost
SKU-1025,WH-005,2024-07-09,494.1,395.3,593.0,xgboost
SKU-1025,WH-005,2024-07-10,526.4,421.1,631.7,xgboost
SKU-1025,WH-005,2024-07-11,403.6,322.8,484.3,xgboost
SKU-1025,WH-005,2024-07-12,482.8,386.3,579.4,xgboost
SKU-1025,WH-005,2024-07-13,503.9,403.1,604.6,xgboost
SKU-1025,WH-005,2024-07-14,480.2,384.2,576.3,xgboost
SKU-1025,WH-005,2024-07-15,457.7,366.2,549.2,xgboost
SKU-1025,WH-005,2024-07-16,483.0,386.4,579.6,xgboost
SKU-1025,WH-005,2024-07-17,539.4,431.5,647.3,xgboost
SKU-1025,WH-005,2024-07-18,493.8,395.0,592.5,xgboost
SKU-1025,WH-005,2024-07-19,532.2,425.8,638.6,xgboost
SKU-1025,WH-005,2024-07-20,426.6,341.3,511.9,xgboost
SKU-1025,WH-005,2024-07-21,464.2,371.3,557.0,xgboost
SKU-1025,WH-005,2024-07-22,724.9,579.9,869.9,xgboost
SKU-1025,WH-005,2024-07-23,707.4,565.9,848.9,xgboost
SKU-1025,WH-005,2024-07-24,630.5,504.4,756.6,xgboost
SKU-1025,WH-005,2024-07-25,583.3,466.6,699.9,xgboost
SKU-1025,WH-005,2024-07-26,791.2,632.9,949.4,xgboost
SKU-1025,WH-005,2024-07-27,681.1,544.8,817.3,xgboost
SKU-1025,WH-005,2024-07-28,633.2,506.5,759.8,xgboost
SKU-1025,WH-005,2024-07-29,650.9,520.7,781.0,xgboost
SKU-1025,WH-005,2024-07-30,631.0,504.8,757.3,xgboost
SKU-1025,WH-005,2024-07-31,619.4,495.5,743.3,xgboost
SKU-1025,WH-005,2024-08-01,648.9,519.1,778.6,xgboost
SKU-1025,WH-005,2024-08-02,692.2,553.8,830.7,xgboost
SKU-1025,WH-005,2024-08-03,597.8,478.3,717.4,xgboost
SKU-1025,WH-005,2024-08-04,661.6,529.3,793.9,xgboost
SKU-1025,WH-005,2024-08-05,466.0,372.8,559.2,xgboost
SKU-1025,WH-005,2024-08-06,415.1,332.1,498.1,xgboost
SKU-1025,WH-005,2024-08-07,423.2,338.6,507.9,xgboost
SKU-1025,WH-005,2024-08-08,471.1,376.9,565.3,xgboost
SKU-1025,WH-005,2024-08-09,487.5,390.0,585.0,xgboost
SKU-1025,WH-005,2024-08-10,416.1,332.9,499.3,xgboost
SKU-1025,WH-005,2024-08-11,454.1,363.3,544.9,xgboost
SKU-1025,WH-005,2024-08-12,471.4,377.1,565.6,xgboost
SKU-1025,WH-005,2024-08-13,418.2,334.5,501.8,xgboost
SKU-1025,WH-005,2024-08-14,468.3,374.6,561.9,xgboost
SKU-1025,WH-005,2024-08-15,512.0,409.6,614.4,xgboost
SKU-1025,WH-005,2024-08-16,425.3,340.3,510.4,xgboost
SKU-1025,WH-005,2024-08-17,444.6,355.7,533.5,xgboost
SKU-1025,WH-005,2024-08-18,509.7,407.7,611.6,xgboost
SKU-1025,WH-005,2024-08-19,432.7,346.2,519.3,xgboost
SKU-1025,WH-005,2024-08-20,444.5,355.6,533.3,xgboost
SKU-1025,WH-005,2024-08-21,562.5,450.0,675.0,xgboost
SKU-1025,WH-005,2024-08-22,520.1,416.0,624.1,xgboost
SKU-1025,WH-005,2024-08-23,444.4,355.6,533.3,xgboost
SKU-1025,WH-005,2024-08-24,531.1,424.9,637.3,xgboost
SKU-1025,WH-005,2024-08-25,574.6,459.6,689.5,xgboost
SKU-1025,WH-005,2024-08-26,485.3,388.2,582.3,xgboost
SKU-1025,WH-005,2024-08-27,515.2,412.2,618.3,xgboost
SKU-1025,WH-005,2024-08-28,553.5,442.8,664.2,xgboost
SKU-1025,WH-005,2024-08-29,500.2,400.1,600.2,xgboost
SKU-1025,WH-005,2024-08-30,478.9,383.1,574.6,xgboost
SKU-1025,WH-005,2024-08-31,583.5,466.8,700.3,xgboost
SKU-1025,WH-005,2024-09-01,551.8,441.5,662.2,xgboost
SKU-1025,WH-005,2024-09-02,479.7,383.7,575.6,xgboost
SKU-1025,WH-005,2024-09-03,505.4,404.3,606.5,xgboost
SKU-1025,WH-005,2024-09-04,456.9,365.6,548.3,xgboost
SKU-1025,WH-005,2024-09-05,423.1,338.5,507.7,xgboost
SKU-1025,WH-005,2024-09-06,432.7,346.2,519.2,xgboost
SKU-1025,WH-005,2024-09-07,516.8,413.4,620.2,xgboost
SKU-1025,WH-005,2024-09-08,450.9,360.8,541.1,xgboost
SKU-1025,WH-005,2024-09-09,450.0,360.0,540.0,xgboost
SKU-1025,WH-005,2024-09-10,462.8,370.2,555.3,xgboost
SKU-1025,WH-005,2024-09-11,388.2,310.6,465.8,xgboost
SKU-1025,WH-005,2024-09-12,401.2,321.0,481.5,xgboost
SKU-1025,WH-005,2024-09-13,506.6,405.3,607.9,xgboost
SKU-1025,WH-005,2024-09-14,478.8,383.0,574.5,xgboost
SKU-1025,WH-005,2024-09-15,436.3,349.0,523.6,xgboost
SKU-1025,WH-005,2024-09-16,437.2,349.8,524.7,xgboost
SKU-1025,WH-005,2024-09-17,416.7,333.3,500.0,xgboost
SKU-1025,WH-005,2024-09-18,398.2,318.6,477.9,xgboost
SKU-1025,WH-005,2024-09-19,517.5,414.0,621.0,xgboost
SKU-1025,WH-005,2024-09-20,548.1,438.5,657.7,xgboost
SKU-1025,WH-005,2024-09-21,480.2,384.1,576.2,xgboost
SKU-1025,WH-005,2024-09-22,462.2,369.8,554.7,xgboost
SKU-1025,WH-005,2024-09-23,557.7,446.1,669.2,xgboost
SKU-1025,WH-005,2024-09-24,571.4,457.1,685.6,xgboost
SKU-1025,WH-005,2024-09-25,519.0,415.2,622.8,xgboost
SKU-1025,WH-005,2024-09-26,573.5,458.8,688.2,xgboost
SKU-1025,WH-006,2024-06-29,540.0,486.0,594.0,moving_average
SKU-1025,WH-006,2024-06-30,540.0,486.0,594.0,moving_average
SKU-1025,WH-006,2024-07-01,540.0,486.0,594.0,moving_average
SKU-1025,WH-006,2024-07-02,540.0,486.0,594.0,moving_average
SKU-1025,WH-006,2024-07-03,540.0,486.0,594.0,moving_average
SKU-1025,WH-006,2024-07-04,540.0,486.0,594.0,moving_average
SKU-1025,WH-006,2024-07-05,540.0,486.0,594.0,moving_average
SKU-1025,WH-006,2024-07-06,540.0,486.0,594.0,moving_average
SKU-1025,WH-006,2024-07-07,540.0,486.0,594.0,moving_average
SKU-1025,WH-006,2024-07-08,540.0,486.0,594.0,moving_average
SKU-1025,WH-006,2024-07-09,540.0,486.0,594.0,moving_average
SKU-1025,WH-006,2024-07-10,540.0,486.0,594.0,moving_average
SKU-1025,WH-006,2024-07-11,540.0,486.0,594.0,moving_average
SKU-1025,WH-006,2024-07-12,540.0,486.0,594.0,moving_average
SKU-1025,WH-006,2024-07-13,540.0,486.0,594.0,moving_average
SKU-1025,WH-006,2024-07-14,540.0,486.0,594.0,moving_average
SKU-1025,WH-006,2024-07-15,540.0,486.0,594.0,moving_average
SKU-1025,WH-006,2024-07-16,540.0,486.0,594.0,moving_average
SKU-1025,WH-006,2024-07-17,540.0,486.0,594.0,moving_average
SKU-1025,WH-006,2024-07-18,540.0,486.0,594.0,moving_average
SKU-1025,WH-006,2024-07-19,540.0,486.0,594.0,moving_average
SKU-1025,WH-006,2024-07-20,540.0,486.0,594.0,moving_average
SKU-1025,WH-006,2024-07-21,540.0,486.0,594.0,moving_average
SKU-1025,WH-006,2024-07-22,540.0,486.0,594.0,moving_average
SKU-1025,WH-006,2024-07-23,540.0,486.0,594.0,moving_average
SKU-1025,WH-006,2024-07-24,540.0,486.0,594.0,moving_average
SKU-1025,WH-006,2024-07-25,540.0,486.0,594.0,moving_average
SKU-1025,WH-006,2024-07-26,540.0,486.0,594.0,moving_average
SKU-1025,WH-006,2024-07-27,540.0,486.0,594.0,moving_average
SKU-1025,WH-006,2024-07-28,540.0,486.0,594.0,moving_average
SKU-1025,WH-006,2024-07-29,540.0,486.0,594.0,moving_average
SKU-1025,WH-006,2024-07-30,540.0,486.0,594.0,moving_average
SKU-1025,WH-006,2024-07-31,540.0,486.0,594.0,moving_average
SKU-1025,WH-006,2024-08-01,540.0,486.0,594.0,moving_average
SKU-1025,WH-006,2024-08-02,540.0,486.0,594.0,moving_average
SKU-1025,WH-006,2024-08-03,540.0,486.0,594.0,moving_average
SKU-1025,WH-006,2024-08-04,540.0,486.0,594.0,moving_average
SKU-1025,WH-006,2024-08-05,540.0,486.0,594.0,moving_average
SKU-1025,WH-006,2024-08-06,540.0,486.0,594.0,moving_average
SKU-1025,WH-006,2024-08-07,540.0,486.0,594.0,moving_average
SKU-1025,WH-006,2024-08-08,540.0,486.0,594.0,moving_average
SKU-1025,WH-006,2024-08-09,540.0,486.0,594.0,moving_average
SKU-1025,WH-006,2024-08-10,540.0,486.0,594.0,moving_average
SKU-1025,WH-006,2024-08-11,540.0,486.0,594.0,moving_average
SKU-1025,WH-006,2024-08-12,540.0,486.0,594.0,moving_average
SKU-1025,WH-006,2024-08-13,540.0,486.0,594.0,moving_average
SKU-1025,WH-006,2024-08-14,540.0,486.0,594.0,moving_average
SKU-1025,WH-006,2024-08-15,540.0,486.0,594.0,moving_average
SKU-1025,WH-006,2024-08-16,540.0,486.0,594.0,moving_average
SKU-1025,WH-006,2024-08-17,540.0,486.0,594.0,moving_average
SKU-1025,WH-006,2024-08-18,540.0,486.0,594.0,moving_average
SKU-1025,WH-006,2024-08-19,540.0,486.0,594.0,moving_average
SKU-1025,WH-006,2024-08-20,540.0,486.0,594.0,moving_average
SKU-1025,WH-006,2024-08-21,540.0,486.0,594.0,moving_average
SKU-1025,WH-006,2024-08-22,540.0,486.0,594.0,moving_average
SKU-1025,WH-006,2024-08-23,540.0,486.0,594.0,moving_average
SKU-1025,WH-006,2024-08-24,540.0,486.0,594.0,moving_average
SKU-1025,WH-006,2024-08-25,540.0,486.0,594.0,moving_average
SKU-1025,WH-006,2024-08-26,540.0,486.0,594.0,moving_average
SKU-1025,WH-006,2024-08-27,540.0,486.0,594.0,moving_average
SKU-1025,WH-006,2024-08-28,540.0,486.0,594.0,moving_average
SKU-1025,WH-006,2024-08-29,540.0,486.0,594.0,moving_average
SKU-1025,WH-006,2024-08-30,540.0,486.0,594.0,moving_average
SKU-1025,WH-006,2024-08-31,540.0,486.0,594.0,moving_average
SKU-1025,WH-006,2024-09-01,540.0,486.0,594.0,moving_average
SKU-1025,WH-006,2024-09-02,540.0,486.0,594.0,moving_average
SKU-1025,WH-006,2024-09-03,540.0,486.0,594.0,moving_average
SKU-1025,WH-006,2024-09-04,540.0,486.0,594.0,moving_average
SKU-1025,WH-006,2024-09-05,540.0,486.0,594.0,moving_average
SKU-1025,WH-006,2024-09-06,540.0,486.0,594.0,moving_average
SKU-1025,WH-006,2024-09-07,540.0,486.0,594.0,moving_average
SKU-1025,WH-006,2024-09-08,540.0,486.0,594.0,moving_average
SKU-1025,WH-006,2024-09-09,540.0,486.0,594.0,moving_average
SKU-1025,WH-006,2024-09-10,540.0,486.0,594.0,moving_average
SKU-1025,WH-006,2024-09-11,540.0,486.0,594.0,moving_average
SKU-1025,WH-006,2024-09-12,540.0,486.0,594.0,moving_average
SKU-1025,WH-006,2024-09-13,540.0,486.0,594.0,moving_average
SKU-1025,WH-006,2024-09-14,540.0,486.0,594.0,moving_average
SKU-1025,WH-006,2024-09-15,540.0,486.0,594.0,moving_average
SKU-1025,WH-006,2024-09-16,540.0,486.0,594.0,moving_average
SKU-1025,WH-006,2024-09-17,540.0,486.0,594.0,moving_average
SKU-1025,WH-006,2024-09-18,540.0,486.0,594.0,moving_average
SKU-1025,WH-006,2024-09-19,540.0,486.0,594.0,moving_average
SKU-1025,WH-006,2024-09-20,540.0,486.0,594.0,moving_average
SKU-1025,WH-006,2024-09-21,540.0,486.0,594.0,moving_average
SKU-1025,WH-006,2024-09-22,540.0,486.0,594.0,moving_average
SKU-1025,WH-006,2024-09-23,540.0,486.0,594.0,moving_average
SKU-1025,WH-006,2024-09-24,540.0,486.0,594.0,moving_average
SKU-1025,WH-006,2024-09-25,540.0,486.0,594.0,moving_average
SKU-1025,WH-006,2024-09-26,540.0,486.0,594.0,moving_average
SKU-1025,WH-007,2024-06-29,519.3,467.4,571.2,moving_average
SKU-1025,WH-007,2024-06-30,519.3,467.4,571.2,moving_average
SKU-1025,WH-007,2024-07-01,519.3,467.4,571.2,moving_average
SKU-1025,WH-007,2024-07-02,519.3,467.4,571.2,moving_average
SKU-1025,WH-007,2024-07-03,519.3,467.4,571.2,moving_average
SKU-1025,WH-007,2024-07-04,519.3,467.4,571.2,moving_average
SKU-1025,WH-007,2024-07-05,519.3,467.4,571.2,moving_average
SKU-1025,WH-007,2024-07-06,519.3,467.4,571.2,moving_average
SKU-1025,WH-007,2024-07-07,519.3,467.4,571.2,moving_average
SKU-1025,WH-007,2024-07-08,519.3,467.4,571.2,moving_average
SKU-1025,WH-007,2024-07-09,519.3,467.4,571.2,moving_average
SKU-1025,WH-007,2024-07-10,519.3,467.4,571.2,moving_average
SKU-1025,WH-007,2024-07-11,519.3,467.4,571.2,moving_average
SKU-1025,WH-007,2024-07-12,519.3,467.4,571.2,moving_average
SKU-1025,WH-007,2024-07-13,519.3,467.4,571.2,moving_average
SKU-1025,WH-007,2024-07-14,519.3,467.4,571.2,moving_average
SKU-1025,WH-007,2024-07-15,519.3,467.4,571.2,moving_average
SKU-1025,WH-007,2024-07-16,519.3,467.4,571.2,moving_average
SKU-1025,WH-007,2024-07-17,519.3,467.4,571.2,moving_average
SKU-1025,WH-007,2024-07-18,519.3,467.4,571.2,moving_average
SKU-1025,WH-007,2024-07-19,519.3,467.4,571.2,moving_average
SKU-1025,WH-007,2024-07-20,519.3,467.4,571.2,moving_average
SKU-1025,WH-007,2024-07-21,519.3,467.4,571.2,moving_average
SKU-1025,WH-007,2024-07-22,519.3,467.4,571.2,moving_average
SKU-1025,WH-007,2024-07-23,519.3,467.4,571.2,moving_average
SKU-1025,WH-007,2024-07-24,519.3,467.4,571.2,moving_average
SKU-1025,WH-007,2024-07-25,519.3,467.4,571.2,moving_average
SKU-1025,WH-007,2024-07-26,519.3,467.4,571.2,moving_average
SKU-1025,WH-007,2024-07-27,519.3,467.4,571.2,moving_average
SKU-1025,WH-007,2024-07-28,519.3,467.4,571.2,moving_average
SKU-1025,WH-007,2024-07-29,519.3,467.4,571.2,moving_average
SKU-1025,WH-007,2024-07-30,519.3,467.4,571.2,moving_average
SKU-1025,WH-007,2024-07-31,519.3,467.4,571.2,moving_average
SKU-1025,WH-007,2024-08-01,519.3,467.4,571.2,moving_average
SKU-1025,WH-007,2024-08-02,519.3,467.4,571.2,moving_average
SKU-1025,WH-007,2024-08-03,519.3,467.4,571.2,moving_average
SKU-1025,WH-007,2024-08-04,519.3,467.4,571.2,moving_average
SKU-1025,WH-007,2024-08-05,519.3,467.4,571.2,moving_average
SKU-1025,WH-007,2024-08-06,519.3,467.4,571.2,moving_average
SKU-1025,WH-007,2024-08-07,519.3,467.4,571.2,moving_average
SKU-1025,WH-007,2024-08-08,519.3,467.4,571.2,moving_average
SKU-1025,WH-007,2024-08-09,519.3,467.4,571.2,moving_average
SKU-1025,WH-007,2024-08-10,519.3,467.4,571.2,moving_average
SKU-1025,WH-007,2024-08-11,519.3,467.4,571.2,moving_average
SKU-1025,WH-007,2024-08-12,519.3,467.4,571.2,moving_average
SKU-1025,WH-007,2024-08-13,519.3,467.4,571.2,moving_average
SKU-1025,WH-007,2024-08-14,519.3,467.4,571.2,moving_average
SKU-1025,WH-007,2024-08-15,519.3,467.4,571.2,moving_average
SKU-1025,WH-007,2024-08-16,519.3,467.4,571.2,moving_average
SKU-1025,WH-007,2024-08-17,519.3,467.4,571.2,moving_average
SKU-1025,WH-007,2024-08-18,519.3,467.4,571.2,moving_average
SKU-1025,WH-007,2024-08-19,519.3,467.4,571.2,moving_average
SKU-1025,WH-007,2024-08-20,519.3,467.4,571.2,moving_average
SKU-1025,WH-007,2024-08-21,519.3,467.4,571.2,moving_average
SKU-1025,WH-007,2024-08-22,519.3,467.4,571.2,moving_average
SKU-1025,WH-007,2024-08-23,519.3,467.4,571.2,moving_average
SKU-1025,WH-007,2024-08-24,519.3,467.4,571.2,moving_average
SKU-1025,WH-007,2024-08-25,519.3,467.4,571.2,moving_average
SKU-1025,WH-007,2024-08-26,519.3,467.4,571.2,moving_average
SKU-1025,WH-007,2024-08-27,519.3,467.4,571.2,moving_average
SKU-1025,WH-007,2024-08-28,519.3,467.4,571.2,moving_average
SKU-1025,WH-007,2024-08-29,519.3,467.4,571.2,moving_average
SKU-1025,WH-007,2024-08-30,519.3,467.4,571.2,moving_average
SKU-1025,WH-007,2024-08-31,519.3,467.4,571.2,moving_average
SKU-1025,WH-007,2024-09-01,519.3,467.4,571.2,moving_average
SKU-1025,WH-007,2024-09-02,519.3,467.4,571.2,moving_average
SKU-1025,WH-007,2024-09-03,519.3,467.4,571.2,moving_average
SKU-1025,WH-007,2024-09-04,519.3,467.4,571.2,moving_average
SKU-1025,WH-007,2024-09-05,519.3,467.4,571.2,moving_average
SKU-1025,WH-007,2024-09-06,519.3,467.4,571.2,moving_average
SKU-1025,WH-007,2024-09-07,519.3,467.4,571.2,moving_average
SKU-1025,WH-007,2024-09-08,519.3,467.4,571.2,moving_average
SKU-1025,WH-007,2024-09-09,519.3,467.4,571.2,moving_average
SKU-1025,WH-007,2024-09-10,519.3,467.4,571.2,moving_average
SKU-1025,WH-007,2024-09-11,519.3,467.4,571.2,moving_average
SKU-1025,WH-007,2024-09-12,519.3,467.4,571.2,moving_average
SKU-1025,WH-007,2024-09-13,519.3,467.4,571.2,moving_average
SKU-1025,WH-007,2024-09-14,519.3,467.4,571.2,moving_average
SKU-1025,WH-007,2024-09-15,519.3,467.4,571.2,moving_average
SKU-1025,WH-007,2024-09-16,519.3,467.4,571.2,moving_average
SKU-1025,WH-007,2024-09-17,519.3,467.4,571.2,moving_average
SKU-1025,WH-007,2024-09-18,519.3,467.4,571.2,moving_average
SKU-1025,WH-007,2024-09-19,519.3,467.4,571.2,moving_average
SKU-1025,WH-007,2024-09-20,519.3,467.4,571.2,moving_average
SKU-1025,WH-007,2024-09-21,519.3,467.4,571.2,moving_average
SKU-1025,WH-007,2024-09-22,519.3,467.4,571.2,moving_average
SKU-1025,WH-007,2024-09-23,519.3,467.4,571.2,moving_average
SKU-1025,WH-007,2024-09-24,519.3,467.4,571.2,moving_average
SKU-1025,WH-007,2024-09-25,519.3,467.4,571.2,moving_average
SKU-1025,WH-007,2024-09-26,519.3,467.4,571.2,moving_average
SKU-1026,WH-001,2024-06-29,0.0,0.0,0.0,exponential_smoothing
SKU-1026,WH-001,2024-06-30,2.1,1.8,2.4,exponential_smoothing
SKU-1026,WH-001,2024-07-01,17.7,15.0,20.3,exponential_smoothing
SKU-1026,WH-001,2024-07-02,18.6,15.8,21.3,exponential_smoothing
SKU-1026,WH-001,2024-07-03,33.6,28.6,38.7,exponential_smoothing
SKU-1026,WH-001,2024-07-04,13.6,11.6,15.7,exponential_smoothing
SKU-1026,WH-001,2024-07-05,10.2,8.7,11.8,exponential_smoothing
SKU-1026,WH-001,2024-07-06,0.0,0.0,0.0,exponential_smoothing
SKU-1026,WH-001,2024-07-07,0.0,0.0,0.0,exponential_smoothing
SKU-1026,WH-001,2024-07-08,14.8,12.6,17.1,exponential_smoothing
SKU-1026,WH-001,2024-07-09,15.7,13.4,18.1,exponential_smoothing
SKU-1026,WH-001,2024-07-10,30.8,26.2,35.4,exponential_smoothing
SKU-1026,WH-001,2024-07-11,10.8,9.2,12.4,exponential_smoothing
SKU-1026,WH-001,2024-07-12,7.4,6.3,8.5,exponential_smoothing
SKU-1026,WH-001,2024-07-13,0.0,0.0,0.0,exponential_smoothing
SKU-1026,WH-001,2024-07-14,0.0,0.0,0.0,exponential_smoothing
SKU-1026,WH-001,2024-07-15,12.0,10.2,13.8,exponential_smoothing
SKU-1026,WH-001,2024-07-16,12.9,11.0,14.9,exponential_smoothing
SKU-1026,WH-001,2024-07-17,28.0,23.8,32.2,exponential_smoothing
SKU-1026,WH-001,2024-07-18,8.0,6.8,9.2,exponential_smoothing
SKU-1026,WH-001,2024-07-19,4.6,3.9,5.3,exponential_smoothing
SKU-1026,WH-001,2024-07-20,0.0,0.0,0.0,exponential_smoothing
SKU-1026,WH-001,2024-07-21,0.0,0.0,0.0,exponential_smoothing
SKU-1026,WH-001,2024-07-22,9.2,7.8,10.6,exponential_smoothing
SKU-1026,WH-001,2024-07-23,10.1,8.6,11.6,exponential_smoothing
SKU-1026,WH-001,2024-07-24,25.2,21.4,29.0,exponential_smoothing
SKU-1026,WH-001,2024-07-25,5.2,4.4,5.9,exponential_smoothing
SKU-1026,WH-001,2024-07-26,1.8,1.5,2.1,exponential_smoothing
SKU-1026,WH-001,2024-07-27,0.0,0.0,0.0,exponential_smoothing
SKU-1026,WH-001,2024-07-28,0.0,0.0,0.0,exponential_smoothing
SKU-1026,WH-001,2024-07-29,6.4,5.4,7.3,exponential_smoothing
SKU-1026,WH-001,2024-07-30,7.3,6.2,8.4,exponential_smoothing
SKU-1026,WH-001,2024-07-31,22.4,19.0,25.7,exponential_smoothing
SKU-1026,WH-001,2024-08-01,2.4,2.0,2.7,exponential_smoothing
SKU-1026,WH-001,2024-08-02,0.0,0.0,0.0,exponential_smoothing
SKU-1026,WH-001,2024-08-03,0.0,0.0,0.0,exponential_smoothing
SKU-1026,WH-001,2024-08-04,0.0,0.0,0.0,exponential_smoothing
SKU-1026,WH-001,2024-08-05,3.6,3.0,4.1,exponential_smoothing
SKU-1026,WH-001,2024-08-06,4.5,3.8,5.1,exponential_smoothing
SKU-1026,WH-001,2024-08-07,19.5,16.6,22.5,exponential_smoothing
SKU-1026,WH-001,2024-08-08,0.0,0.0,0.0,exponential_smoothing
SKU-1026,WH-001,2024-08-09,0.0,0.0,0.0,exponential_smoothing
SKU-1026,WH-001,2024-08-10,0.0,0.0,0.0,exponential_smoothing
SKU-1026,WH-001,2024-08-11,0.0,0.0,0.0,exponential_smoothing
SKU-1026,WH-001,2024-08-12,0.8,0.6,0.9,exponential_smoothing
SKU-1026,WH-001,2024-08-13,1.6,1.4,1.9,exponential_smoothing
SKU-1026,WH-001,2024-08-14,16.7,14.2,19.2,exponential_smoothing
SKU-1026,WH-001,2024-08-15,0.0,0.0,0.0,exponential_smoothing
SKU-1026,WH-001,2024-08-16,0.0,0.0,0.0,exponential_smoothing
SKU-1026,WH-001,2024-08-17,0.0,0.0,0.0,exponential_smoothing
SKU-1026,WH-001,2024-08-18,0.0,0.0,0.0,exponential_smoothing
SKU-1026,WH-001,2024-08-19,0.0,0.0,0.0,exponential_smoothing
SKU-1026,WH-001,2024-08-20,0.0,0.0,0.0,exponential_smoothing
SKU-1026,WH-001,2024-08-21,13.9,11.8,16.0,exponential_smoothing
SKU-1026,WH-001,2024-08-22,0.0,0.0,0.0,exponential_smoothing
SKU-1026,WH-001,2024-08-23,0.0,0.0,0.0,exponential_smoothing
SKU-1026,WH-001,2024-08-24,0.0,0.0,0.0,exponential_smoothing
SKU-1026,WH-001,2024-08-25,0.0,0.0,0.0,exponential_smoothing
SKU-1026,WH-001,2024-08-26,0.0,0.0,0.0,exponential_smoothing
SKU-1026,WH-001,2024-08-27,0.0,0.0,0.0,exponential_smoothing
SKU-1026,WH-001,2024-08-28,11.1,9.4,12.8,exponential_smoothing
SKU-1026,WH-001,2024-08-29,0.0,0.0,0.0,exponential_smoothing
SKU-1026,WH-001,2024-08-30,0.0,0.0,0.0,exponential_smoothing
SKU-1026,WH-001,2024-08-31,0.0,0.0,0.0,exponential_smoothing
SKU-1026,WH-001,2024-09-01,0.0,0.0,0.0,exponential_smoothing
SKU-1026,WH-001,2024-09-02,0.0,0.0,0.0,exponential_smoothing
SKU-1026,WH-001,2024-09-03,0.0,0.0,0.0,exponential_smoothing
SKU-1026,WH-001,2024-09-04,8.3,7.0,9.5,exponential_smoothing
SKU-1026,WH-001,2024-09-05,0.0,0.0,0.0,exponential_smoothing
SKU-1026,WH-001,2024-09-06,0.0,0.0,0.0,exponential_smoothing
SKU-1026,WH-001,2024-09-07,0.0,0.0,0.0,exponential_smoothing
SKU-1026,WH-001,2024-09-08,0.0,0.0,0.0,exponential_smoothing
SKU-1026,WH-001,2024-09-09,0.0,0.0,0.0,exponential_smoothing
SKU-1026,WH-001,2024-09-10,0.0,0.0,0.0,exponential_smoothing
SKU-1026,WH-001,2024-09-11,5.5,4.6,6.3,exponential_smoothing
SKU-1026,WH-001,2024-09-12,0.0,0.0,0.0,exponential_smoothing
SKU-1026,WH-001,2024-09-13,0.0,0.0,0.0,exponential_smoothing
SKU-1026,WH-001,2024-09-14,0.0,0.0,0.0,exponential_smoothing
SKU-1026,WH-001,2024-09-15,0.0,0.0,0.0,exponential_smoothing
SKU-1026,WH-001,2024-09-16,0.0,0.0,0.0,exponential_smoothing
SKU-1026,WH-001,2024-09-17,0.0,0.0,0.0,exponential_smoothing
SKU-1026,WH-001,2024-09-18,2.6,2.2,3.0,exponential_smoothing
SKU-1026,WH-001,2024-09-19,0.0,0.0,0.0,exponential_smoothing
SKU-1026,WH-001,2024-09-20,0.0,0.0,0.0,exponential_smoothing
SKU-1026,WH-001,2024-09-21,0.0,0.0,0.0,exponential_smoothing
SKU-1026,WH-001,2024-09-22,0.0,0.0,0.0,exponential_smoothing
SKU-1026,WH-001,2024-09-23,0.0,0.0,0.0,exponential_smoothing
SKU-1026,WH-001,2024-09-24,0.0,0.0,0.0,exponential_smoothing
SKU-1026,WH-001,2024-09-25,0.0,0.0,0.0,exponential_smoothing
SKU-1026,WH-001,2024-09-26,0.0,0.0,0.0,exponential_smoothing
SKU-1026,WH-002,2024-06-29,63.6,57.2,69.9,moving_average
SKU-1026,WH-002,2024-06-30,63.6,57.2,69.9,moving_average
SKU-1026,WH-002,2024-07-01,63.6,57.2,69.9,moving_average
SKU-1026,WH-002,2024-07-02,63.6,57.2,69.9,moving_average
SKU-1026,WH-002,2024-07-03,63.6,57.2,69.9,moving_average
SKU-1026,WH-002,2024-07-04,63.6,57.2,69.9,moving_average
SKU-1026,WH-002,2024-07-05,100.1,90.1,110.1,moving_average
SKU-1026,WH-002,2024-07-06,100.1,90.1,110.1,moving_average
SKU-1026,WH-002,2024-07-07,100.1,90.1,110.1,moving_average
SKU-1026,WH-002,2024-07-08,100.1,90.1,110.1,moving_average
SKU-1026,WH-002,2024-07-09,100.1,90.1,110.1,moving_average
SKU-1026,WH-002,2024-07-10,100.1,90.1,110.1,moving_average
SKU-1026,WH-002,2024-07-11,100.1,90.1,110.1,moving_average
SKU-1026,WH-002,2024-07-12,100.1,90.1,110.1,moving_average
SKU-1026,WH-002,2024-07-13,100.1,90.1,110.1,moving_average
SKU-1026,WH-002,2024-07-14,63.6,57.2,69.9,moving_average
SKU-1026,WH-002,2024-07-15,63.6,57.2,69.9,moving_average
SKU-1026,WH-002,2024-07-16,63.6,57.2,69.9,moving_average
SKU-1026,WH-002,2024-07-17,63.6,57.2,69.9,moving_average
SKU-1026,WH-002,2024-07-18,63.6,57.2,69.9,moving_average
SKU-1026,WH-002,2024-07-19,63.6,57.2,69.9,moving_average
SKU-1026,WH-002,2024-07-20,63.6,57.2,69.9,moving_average
SKU-1026,WH-002,2024-07-21,63.6,57.2,69.9,moving_average
SKU-1026,WH-002,2024-07-22,63.6,57.2,69.9,moving_average
SKU-1026,WH-002,2024-07-23,63.6,57.2,69.9,moving_average
SKU-1026,WH-002,2024-07-24,63.6,57.2,69.9,moving_average
SKU-1026,WH-002,2024-07-25,63.6,57.2,69.9,moving_average
SKU-1026,WH-002,2024-07-26,63.6,57.2,69.9,moving_average
SKU-1026,WH-002,2024-07-27,63.6,57.2,69.9,moving_average
SKU-1026,WH-002,2024-07-28,63.6,57.2,69.9,moving_average
SKU-1026,WH-002,2024-07-29,63.6,57.2,69.9,moving_average
SKU-1026,WH-002,2024-07-30,63.6,57.2,69.9,moving_average
SKU-1026,WH-002,2024-07-31,63.6,57.2,69.9,moving_average
SKU-1026,WH-002,2024-08-01,63.6,57.2,69.9,moving_average
SKU-1026,WH-002,2024-08-02,63.6,57.2,69.9,moving_average
SKU-1026,WH-002,2024-08-03,63.6,57.2,69.9,moving_average
SKU-1026,WH-002,2024-08-04,63.6,57.2,69.9,moving_average
SKU-1026,WH-002,2024-08-05,63.6,57.2,69.9,moving_average
SKU-1026,WH-002,2024-08-06,63.6,57.2,69.9,moving_average
SKU-1026,WH-002,2024-08-07,63.6,57.2,69.9,moving_average
SKU-1026,WH-002,2024-08-08,63.6,57.2,69.9,moving_average
SKU-1026,WH-002,2024-08-09,63.6,57.2,69.9,moving_average
SKU-1026,WH-002,2024-08-10,63.6,57.2,69.9,moving_average
SKU-1026,WH-002,2024-08-11,63.6,57.2,69.9,moving_average
SKU-1026,WH-002,2024-08-12,63.6,57.2,69.9,moving_average
SKU-1026,WH-002,2024-08-13,63.6,57.2,69.9,moving_average
SKU-1026,WH-002,2024-08-14,63.6,57.2,69.9,moving_average
SKU-1026,WH-002,2024-08-15,63.6,57.2,69.9,moving_average
SKU-1026,WH-002,2024-08-16,63.6,57.2,69.9,moving_average
SKU-1026,WH-002,2024-08-17,63.6,57.2,69.9,moving_average
SKU-1026,WH-002,2024-08-18,63.6,57.2,69.9,moving_average
SKU-1026,WH-002,2024-08-19,63.6,57.2,69.9,moving_average
SKU-1026,WH-002,2024-08-20,63.6,57.2,69.9,moving_average
SKU-1026,WH-002,2024-08-21,63.6,57.2,69.9,moving_average
SKU-1026,WH-002,2024-08-22,63.6,57.2,69.9,moving_average
SKU-1026,WH-002,2024-08-23,63.6,57.2,69.9,moving_average
SKU-1026,WH-002,2024-08-24,63.6,57.2,69.9,moving_average
SKU-1026,WH-002,2024-08-25,63.6,57.2,69.9,moving_average
SKU-1026,WH-002,2024-08-26,63.6,57.2,69.9,moving_average
SKU-1026,WH-002,2024-08-27,63.6,57.2,69.9,moving_average
SKU-1026,WH-002,2024-08-28,63.6,57.2,69.9,moving_average
SKU-1026,WH-002,2024-08-29,63.6,57.2,69.9,moving_average
SKU-1026,WH-002,2024-08-30,63.6,57.2,69.9,moving_average
SKU-1026,WH-002,2024-08-31,63.6,57.2,69.9,moving_average
SKU-1026,WH-002,2024-09-01,63.6,57.2,69.9,moving_average
SKU-1026,WH-002,2024-09-02,63.6,57.2,69.9,moving_average
SKU-1026,WH-002,2024-09-03,63.6,57.2,69.9,moving_average
SKU-1026,WH-002,2024-09-04,63.6,57.2,69.9,moving_average
SKU-1026,WH-002,2024-09-05,63.6,57.2,69.9,moving_average
SKU-1026,WH-002,2024-09-06,63.6,57.2,69.9,moving_average
SKU-1026,WH-002,2024-09-07,63.6,57.2,69.9,moving_average
SKU-1026,WH-002,2024-09-08,63.6,57.2,69.9,moving_average
SKU-1026,WH-002,2024-09-09,63.6,57.2,69.9,moving_average
SKU-1026,WH-002,2024-09-10,63.6,57.2,69.9,moving_average
SKU-1026,WH-002,2024-09-11,63.6,57.2,69.9,moving_average
SKU-1026,WH-002,2024-09-12,63.6,57.2,69.9,moving_average
SKU-1026,WH-002,2024-09-13,63.6,57.2,69.9,moving_average
SKU-1026,WH-002,2024-09-14,63.6,57.2,69.9,moving_average
SKU-1026,WH-002,2024-09-15,63.6,57.2,69.9,moving_average
SKU-1026,WH-002,2024-09-16,63.6,57.2,69.9,moving_average
SKU-1026,WH-002,2024-09-17,63.6,57.2,69.9,moving_average
SKU-1026,WH-002,2024-09-18,63.6,57.2,69.9,moving_average
SKU-1026,WH-002,2024-09-19,63.6,57.2,69.9,moving_average
SKU-1026,WH-002,2024-09-20,63.6,57.2,69.9,moving_average
SKU-1026,WH-002,2024-09-21,63.6,57.2,69.9,moving_average
SKU-1026,WH-002,2024-09-22,63.6,57.2,69.9,moving_average
SKU-1026,WH-002,2024-09-23,63.6,57.2,69.9,moving_average
SKU-1026,WH-002,2024-09-24,63.6,57.2,69.9,moving_average
SKU-1026,WH-002,2024-09-25,63.6,57.2,69.9,moving_average
SKU-1026,WH-002,2024-09-26,63.6,57.2,69.9,moving_average
SKU-1026,WH-003,2024-06-29,20.7,17.6,23.8,exponential_smoothing
SKU-1026,WH-003,2024-06-30,17.0,14.5,19.6,exponential_smoothing
SKU-1026,WH-003,2024-07-01,30.0,25.5,34.5,exponential_smoothing
SKU-1026,WH-003,2024-07-02,23.2,19.8,26.7,exponential_smoothing
SKU-1026,WH-003,2024-07-03,20.9,17.8,24.0,exponential_smoothing
SKU-1026,WH-003,2024-07-04,33.7,28.6,38.7,exponential_smoothing
SKU-1026,WH-003,2024-07-05,18.4,15.7,21.2,exponential_smoothing
SKU-1026,WH-003,2024-07-06,17.9,15.2,20.5,exponential_smoothing
SKU-1026,WH-003,2024-07-07,14.2,12.0,16.3,exponential_smoothing
SKU-1026,WH-003,2024-07-08,27.1,23.1,31.2,exponential_smoothing
SKU-1026,WH-003,2024-07-09,20.4,17.3,23.4,exponential_smoothing
SKU-1026,WH-003,2024-07-10,18.0,15.3,20.7,exponential_smoothing
SKU-1026,WH-003,2024-07-11,30.8,26.2,35.4,exponential_smoothing
SKU-1026,WH-003,2024-07-12,15.6,13.2,17.9,exponential_smoothing
SKU-1026,WH-003,2024-07-13,15.0,12.7,17.2,exponential_smoothing
SKU-1026,WH-003,2024-07-14,11.3,9.6,13.0,exponential_smoothing
SKU-1026,WH-003,2024-07-15,24.3,20.6,27.9,exponential_smoothing
SKU-1026,WH-003,2024-07-16,17.5,14.9,20.1,exponential_smoothing
SKU-1026,WH-003,2024-07-17,15.1,12.9,17.4,exponential_smoothing
SKU-1026,WH-003,2024-07-18,27.9,23.7,32.1,exponential_smoothing
SKU-1026,WH-003,2024-07-19,12.7,10.8,14.6,exponential_smoothing
SKU-1026,WH-003,2024-07-20,12.1,10.3,13.9,exponential_smoothing
SKU-1026,WH-003,2024-07-21,8.4,7.1,9.7,exponential_smoothing
SKU-1026,WH-003,2024-07-22,21.4,18.2,24.6,exponential_smoothing
SKU-1026,WH-003,2024-07-23,14.6,12.4,16.8,exponential_smoothing
SKU-1026,WH-003,2024-07-24,12.3,10.4,14.1,exponential_smoothing
SKU-1026,WH-003,2024-07-25,25.0,21.3,28.8,exponential_smoothing
SKU-1026,WH-003,2024-07-26,9.8,8.3,11.3,exponential_smoothing
SKU-1026,WH-003,2024-07-27,9.2,7.8,10.6,exponential_smoothing
SKU-1026,WH-003,2024-07-28,5.5,4.7,6.4,exponential_smoothing
SKU-1026,WH-003,2024-07-29,18.5,15.7,21.3,exponential_smoothing
SKU-1026,WH-003,2024-07-30,11.7,10.0,13.5,exponential_smoothing
SKU-1026,WH-003,2024-07-31,9.4,8.0,10.8,exponential_smoothing
SKU-1026,WH-003,2024-08-01,22.2,18.8,25.5,exponential_smoothing
SKU-1026,WH-003,2024-08-02,6.9,5.9,8.0,exponential_smoothing
SKU-1026,WH-003,2024-08-03,6.4,5.4,7.3,exponential_smoothing
SKU-1026,WH-003,2024-08-04,2.7,2.3,3.1,exponential_smoothing
SKU-1026,WH-003,2024-08-05,15.6,13.3,18.0,exponential_smoothing
SKU-1026,WH-003,2024-08-06,8.9,7.5,10.2,exponential_smoothing
SKU-1026,WH-003,2024-08-07,6.5,5.5,7.5,exponential_smoothing
SKU-1026,WH-003,2024-08-08,19.3,16.4,22.2,exponential_smoothing
SKU-1026,WH-003,2024-08-09,4.1,3.5,4.7,exponential_smoothing
SKU-1026,WH-003,2024-08-10,3.5,3.0,4.0,exponential_smoothing
SKU-1026,WH-003,2024-08-11,0.0,0.0,0.0,exponential_smoothing
SKU-1026,WH-003,2024-08-12,12.8,10.8,14.7,exponential_smoothing
SKU-1026,WH-003,2024-08-13,6.0,5.1,6.9,exponential_smoothing
SKU-1026,WH-003,2024-08-14,3.6,3.1,4.2,exponential_smoothing
SKU-1026,WH-003,2024-08-15,16.4,14.0,18.9,exponential_smoothing
SKU-1026,WH-003,2024-08-16,1.2,1.0,1.4,exponential_smoothing
SKU-1026,WH-003,2024-08-17,0.6,0.5,0.7,exponential_smoothing
SKU-1026,WH-003,2024-08-18,0.0,0.0,0.0,exponential_smoothing
SKU-1026,WH-003,2024-08-19,9.9,8.4,11.4,exponential_smoothing
SKU-1026,WH-003,2024-08-20,3.1,2.7,3.6,exponential_smoothing
SKU-1026,WH-003,2024-08-21,0.8,0.7,0.9,exponential_smoothing
SKU-1026,WH-003,2024-08-22,13.6,11.5,15.6,exponential_smoothing
SKU-1026,WH-003,2024-08-23,0.0,0.0,0.0,exponential_smoothing
SKU-1026,WH-003,2024-08-24,0.0,0.0,0.0,exponential_smoothing
SKU-1026,WH-003,2024-08-25,0.0,0.0,0.0,exponential_smoothing
SKU-1026,WH-003,2024-08-26,7.0,6.0,8.1,exponential_smoothing
SKU-1026,WH-003,2024-08-27,0.3,0.2,0.3,exponential_smoothing
SKU-1026,WH-003,2024-08-28,0.0,0.0,0.0,exponential_smoothing
SKU-1026,WH-003,2024-08-29,10.7,9.1,12.3,exponential_smoothing
SKU-1026,WH-003,2024-08-30,0.0,0.0,0.0,exponential_smoothing
SKU-1026,WH-003,2024-08-31,0.0,0.0,0.0,exponential_smoothing
SKU-1026,WH-003,2024-09-01,0.0,0.0,0.0,exponential_smoothing
SKU-1026,WH-003,2024-09-02,4.1,3.5,4.8,exponential_smoothing
SKU-1026,WH-003,2024-09-03,0.0,0.0,0.0,exponential_smoothing
SKU-1026,WH-003,2024-09-04,0.0,0.0,0.0,exponential_smoothing
SKU-1026,WH-003,2024-09-05,7.8,6.6,9.0,exponential_smoothing
SKU-1026,WH-003,2024-09-06,0.0,0.0,0.0,exponential_smoothing
SKU-1026,WH-003,2024-09-07,0.0,0.0,0.0,exponential_smoothing
SKU-1026,WH-003,2024-09-08,0.0,0.0,0.0,exponential_smoothing
SKU-1026,WH-003,2024-09-09,1.3,1.1,1.5,exponential_smoothing
SKU-1026,WH-003,2024-09-10,0.0,0.0,0.0,exponential_smoothing
SKU-1026,WH-003,2024-09-11,0.0,0.0,0.0,exponential_smoothing
SKU-1026,WH-003,2024-09-12,4.9,4.2,5.7,exponential_smoothing
SKU-1026,WH-003,2024-09-13,0.0,0.0,0.0,exponential_smoothing
SKU-1026,WH-003,2024-09-14,0.0,0.0,0.0,exponential_smoothing
SKU-1026,WH-003,2024-09-15,0.0,0.0,0.0,exponential_smoothing
SKU-1026,WH-003,2024-09-16,0.0,0.0,0.0,exponential_smoothing
SKU-1026,WH-003,2024-09-17,0.0,0.0,0.0,exponential_smoothing
SKU-1026,WH-003,2024-09-18,0.0,0.0,0.0,exponential_smoothing
SKU-1026,WH-003,2024-09-19,2.1,1.7,2.4,exponential_smoothing
SKU-1026,WH-003,2024-09-20,0.0,0.0,0.0,exponential_smoothing
SKU-1026,WH-003,2024-09-21,0.0,0.0,0.0,exponential_smoothing
SKU-1026,WH-003,2024-09-22,0.0,0.0,0.0,exponential_smoothing
SKU-1026,WH-003,2024-09-23,0.0,0.0,0.0,exponential_smoothing
SKU-1026,WH-003,2024-09-24,0.0,0.0,0.0,exponential_smoothing
SKU-1026,WH-003,2024-09-25,0.0,0.0,0.0,exponential_smoothing
SKU-1026,WH-003,2024-09-26,0.0,0.0,0.0,exponential_smoothing
SKU-1026,WH-004,2024-06-29,35.1,28.1,42.2,xgboost
SKU-1026,WH-004,2024-06-30,71.4,57.2,85.7,xgboost
SKU-1026,WH-004,2024-07-01,81.2,65.0,97.5,xgboost
SKU-1026,WH-004,2024-07-02,119.5,95.6,143.3,xgboost
SKU-1026,WH-004,2024-07-03,129.4,103.5,155.2,xgboost
SKU-1026,WH-004,2024-07-04,108.4,86.7,130.1,xgboost
SKU-1026,WH-004,2024-07-05,120.4,96.3,144.4,xgboost
SKU-1026,WH-004,2024-07-06,149.6,119.7,179.6,xgboost
SKU-1026,WH-004,2024-07-07,161.5,129.2,193.8,xgboost
SKU-1026,WH-004,2024-07-08,138.4,110.7,166.1,xgboost
SKU-1026,WH-004,2024-07-09,204.9,163.9,245.9,xgboost
SKU-1026,WH-004,2024-07-10,168.8,135.1,202.6,xgboost
SKU-1026,WH-004,2024-07-11,175.0,140.0,210.0,xgboost
SKU-1026,WH-004,2024-07-12,142.4,113.9,170.8,xgboost
SKU-1026,WH-004,2024-07-13,109.0,87.2,130.8,xgboost
SKU-1026,WH-004,2024-07-14,77.8,62.2,93.4,xgboost
SKU-1026,WH-004,2024-07-15,76.1,60.9,91.3,xgboost
SKU-1026,WH-004,2024-07-16,79.0,63.2,94.8,xgboost
SKU-1026,WH-004,2024-07-17,56.0,44.8,67.2,xgboost
SKU-1026,WH-004,2024-07-18,52.1,41.6,62.5,xgboost
SKU-1026,WH-004,2024-07-19,21.1,16.9,25.3,xgboost
SKU-1026,WH-004,2024-07-20,19.9,15.9,23.9,xgboost
SKU-1026,WH-004,2024-07-21,14.7,11.8,17.6,xgboost
SKU-1026,WH-004,2024-07-22,5.7,4.5,6.8,xgboost
SKU-1026,WH-004,2024-07-23,5.0,4.0,5.9,xgboost
SKU-1026,WH-004,2024-07-24,3.5,2.8,4.2,xgboost
SKU-1026,WH-004,2024-07-25,4.1,3.2,4.9,xgboost
SKU-1026,WH-004,2024-07-26,4.5,3.6,5.4,xgboost
SKU-1026,WH-004,2024-07-27,6.9,5.5,8.3,xgboost
SKU-1026,WH-004,2024-07-28,21.0,16.8,25.2,xgboost
SKU-1026,WH-004,2024-07-29,24.1,19.3,29.0,xgboost
SKU-1026,WH-004,2024-07-30,50.6,40.5,60.7,xgboost
SKU-1026,WH-004,2024-07-31,84.4,67.5,101.2,xgboost
SKU-1026,WH-004,2024-08-01,89.1,71.3,106.9,xgboost
SKU-1026,WH-004,2024-08-02,126.1,100.9,151.3,xgboost
SKU-1026,WH-004,2024-08-03,116.2,93.0,139.5,xgboost
SKU-1026,WH-004,2024-08-04,123.9,99.1,148.7,xgboost
SKU-1026,WH-004,2024-08-05,116.8,93.4,140.1,xgboost
SKU-1026,WH-004,2024-08-06,116.0,92.8,139.3,xgboost
SKU-1026,WH-004,2024-08-07,135.9,108.7,163.1,xgboost
SKU-1026,WH-004,2024-08-08,151.3,121.0,181.5,xgboost
SKU-1026,WH-004,2024-08-09,200.6,160.5,240.8,xgboost
SKU-1026,WH-004,2024-08-10,213.1,170.4,255.7,xgboost
SKU-1026,WH-004,2024-08-11,135.5,108.4,162.6,xgboost
SKU-1026,WH-004,2024-08-12,71.9,57.5,86.2,xgboost
SKU-1026,WH-004,2024-08-13,109.2,87.3,131.0,xgboost
SKU-1026,WH-004,2024-08-14,91.2,73.0,109.5,xgboost
SKU-1026,WH-004,2024-08-15,95.3,76.2,114.3,xgboost
SKU-1026,WH-004,2024-08-16,74.8,59.9,89.8,xgboost
SKU-1026,WH-004,2024-08-17,52.9,42.3,63.5,xgboost
SKU-1026,WH-004,2024-08-18,30.8,24.7,37.0,xgboost
SKU-1026,WH-004,2024-08-19,9.7,7.8,11.6,xgboost
SKU-1026,WH-004,2024-08-20,13.1,10.5,15.7,xgboost
SKU-1026,WH-004,2024-08-21,19.9,15.9,23.9,xgboost
SKU-1026,WH-004,2024-08-22,11.8,9.5,14.2,xgboost
SKU-1026,WH-004,2024-08-23,9.0,7.2,10.8,xgboost
SKU-1026,WH-004,2024-08-24,7.7,6.2,9.3,xgboost
SKU-1026,WH-004,2024-08-25,7.2,5.7,8.6,xgboost
SKU-1026,WH-004,2024-08-26,7.3,5.9,8.8,xgboost
SKU-1026,WH-004,2024-08-27,7.9,6.3,9.5,xgboost
SKU-1026,WH-004,2024-08-28,25.6,20.5,30.7,xgboost
SKU-1026,WH-004,2024-08-29,31.1,24.9,37.3,xgboost
SKU-1026,WH-004,2024-08-30,66.4,53.1,79.7,xgboost
SKU-1026,WH-004,2024-08-31,96.2,77.0,115.5,xgboost
SKU-1026,WH-004,2024-09-01,75.7,60.6,90.9,xgboost
SKU-1026,WH-004,2024-09-02,115.2,92.2,138.2,xgboost
SKU-1026,WH-004,2024-09-03,125.9,100.7,151.1,xgboost
SKU-1026,WH-004,2024-09-04,104.4,83.5,125.3,xgboost
SKU-1026,WH-004,2024-09-05,113.9,91.1,136.6,xgboost
SKU-1026,WH-004,2024-09-06,144.8,115.8,173.8,xgboost
SKU-1026,WH-004,2024-09-07,139.0,111.2,166.8,xgboost
SKU-1026,WH-004,2024-09-08,149.7,119.8,179.7,xgboost
SKU-1026,WH-004,2024-09-09,184.2,147.3,221.0,xgboost
SKU-1026,WH-004,2024-09-10,170.9,136.8,205.1,xgboost
SKU-1026,WH-004,2024-09-11,148.1,118.5,177.7,xgboost
SKU-1026,WH-004,2024-09-12,134.4,107.5,161.3,xgboost
SKU-1026,WH-004,2024-09-13,127.2,101.8,152.7,xgboost
SKU-1026,WH-004,2024-09-14,85.6,68.5,102.7,xgboost
SKU-1026,WH-004,2024-09-15,65.4,52.4,78.5,xgboost
SKU-1026,WH-004,2024-09-16,51.8,41.5,62.2,xgboost
SKU-1026,WH-004,2024-09-17,58.5,46.8,70.3,xgboost
SKU-1026,WH-004,2024-09-18,41.2,32.9,49.4,xgboost
SKU-1026,WH-004,2024-09-19,23.2,18.6,27.9,xgboost
SKU-1026,WH-004,2024-09-20,24.8,19.8,29.7,xgboost
SKU-1026,WH-004,2024-09-21,18.0,14.4,21.6,xgboost
SKU-1026,WH-004,2024-09-22,7.7,6.2,9.2,xgboost
SKU-1026,WH-004,2024-09-23,5.2,4.2,6.3,xgboost
SKU-1026,WH-004,2024-09-24,2.4,1.9,2.9,xgboost
SKU-1026,WH-004,2024-09-25,2.3,1.9,2.8,xgboost
SKU-1026,WH-004,2024-09-26,3.5,2.8,4.2,xgboost
SKU-1026,WH-005,2024-06-29,17.4,14.8,20.0,exponential_smoothing
SKU-1026,WH-005,2024-06-30,1.7,1.4,2.0,exponential_smoothing
SKU-1026,WH-005,2024-07-01,6.1,5.2,7.0,exponential_smoothing
SKU-1026,WH-005,2024-07-02,6.2,5.3,7.2,exponential_smoothing
SKU-1026,WH-005,2024-07-03,1.4,1.2,1.6,exponential_smoothing
SKU-1026,WH-005,2024-07-04,30.7,26.1,35.3,exponential_smoothing
SKU-1026,WH-005,2024-07-05,0.0,0.0,0.0,exponential_smoothing
SKU-1026,WH-005,2024-07-06,12.9,10.9,14.8,exponential_smoothing
SKU-1026,WH-005,2024-07-07,0.0,0.0,0.0,exponential_smoothing
SKU-1026,WH-005,2024-07-08,1.5,1.3,1.8,exponential_smoothing
SKU-1026,WH-005,2024-07-09,1.7,1.4,1.9,exponential_smoothing
SKU-1026,WH-005,2024-07-10,0.0,0.0,0.0,exponential_smoothing
SKU-1026,WH-005,2024-07-11,26.2,22.2,30.1,exponential_smoothing
SKU-1026,WH-005,2024-07-12,0.0,0.0,0.0,exponential_smoothing
SKU-1026,WH-005,2024-07-13,8.3,7.0,9.5,exponential_smoothing
SKU-1026,WH-005,2024-07-14,0.0,0.0,0.0,exponential_smoothing
SKU-1026,WH-005,2024-07-15,0.0,0.0,0.0,exponential_smoothing
SKU-1026,WH-005,2024-07-16,0.0,0.0,0.0,exponential_smoothing
SKU-1026,WH-005,2024-07-17,0.0,0.0,0.0,exponential_smoothing
SKU-1026,WH-005,2024-07-18,21.6,18.4,24.8,exponential_smoothing
SKU-1026,WH-005,2024-07-19,0.0,0.0,0.0,exponential_smoothing
SKU-1026,WH-005,2024-07-20,3.7,3.2,4.3,exponential_smoothing
SKU-1026,WH-005,2024-07-21,0.0,0.0,0.0,exponential_smoothing
SKU-1026,WH-005,2024-07-22,0.0,0.0,0.0,exponential_smoothing
SKU-1026,WH-005,2024-07-23,0.0,0.0,0.0,exponential_smoothing
SKU-1026,WH-005,2024-07-24,0.0,0.0,0.0,exponential_smoothing
SKU-1026,WH-005,2024-07-25,17.0,14.5,19.6,exponential_smoothing
SKU-1026,WH-005,2024-07-26,0.0,0.0,0.0,exponential_smoothing
SKU-1026,WH-005,2024-07-27,0.0,0.0,0.0,exponential_smoothing
SKU-1026,WH-005,2024-07-28,0.0,0.0,0.0,exponential_smoothing
SKU-1026,WH-005,2024-07-29,0.0,0.0,0.0,exponential_smoothing
SKU-1026,WH-005,2024-07-30,0.0,0.0,0.0,exponential_smoothing
SKU-1026,WH-005,2024-07-31,0.0,0.0,0.0,exponential_smoothing
SKU-1026,WH-005,2024-08-01,12.4,10.6,14.3,exponential_smoothing
SKU-1026,WH-005,2024-08-02,0.0,0.0,0.0,exponential_smoothing
SKU-1026,WH-005,2024-08-03,0.0,0.0,0.0,exponential_smoothing
SKU-1026,WH-005,2024-08-04,0.0,0.0,0.0,exponential_smoothing
SKU-1026,WH-005,2024-08-05,0.0,0.0,0.0,exponential_smoothing
SKU-1026,WH-005,2024-08-06,0.0,0.0,0.0,exponential_smoothing
SKU-1026,WH-005,2024-08-07,0.0,0.0,0.0,exponential_smoothing
SKU-1026,WH-005,2024-08-08,7.9,6.7,9.1,exponential_smoothing
SKU-1026,WH-005,2024-08-09,0.0,0.0,0.0,exponential_smoothing
SKU-1026,WH-005,2024-08-10,0.0,0.0,0.0,exponential_smoothing
SKU-1026,WH-005,2024-08-11,0.0,0.0,0.0,exponential_smoothing
SKU-1026,WH-005,2024-08-12,0.0,0.0,0.0,exponential_smoothing
SKU-1026,WH-005,2024-08-13,0.0,0.0,0.0,exponential_smoothing
SKU-1026,WH-005,2024-08-14,0.0,0.0,0.0,exponential_smoothing
SKU-1026,WH-005,2024-08-15,3.3,2.8,3.8,exponential_smoothing
SKU-1026,WH-005,2024-08-16,0.0,0.0,0.0,exponential_smoothing
SKU-1026,WH-005,2024-08-17,0.0,0.0,0.0,exponential_smoothing
SKU-1026,WH-005,2024-08-18,0.0,0.0,0.0,exponential_smoothing
SKU-1026,WH-005,2024-08-19,0.0,0.0,0.0,exponential_smoothing
SKU-1026,WH-005,2024-08-20,0.0,0.0,0.0,exponential_smoothing
SKU-1026,WH-005,2024-08-21,0.0,0.0,0.0,exponential_smoothing
SKU-1026,WH-005,2024-08-22,0.0,0.0,0.0,exponential_smoothing
SKU-1026,WH-005,2024-08-23,0.0,0.0,0.0,exponential_smoothing
SKU-1026,WH-005,2024-08-24,0.0,0.0,0.0,exponential_smoothing
SKU-1026,WH-005,2024-08-25,0.0,0.0,0.0,exponential_smoothing
SKU-1026,WH-005,2024-08-26,0.0,0.0,0.0,exponential_smoothing
SKU-1026,WH-005,2024-08-27,0.0,0.0,0.0,exponential_smoothing
SKU-1026,WH-005,2024-08-28,0.0,0.0,0.0,exponential_smoothing
SKU-1026,WH-005,2024-08-29,0.0,0.0,0.0,exponential_smoothing
SKU-1026,WH-005,2024-08-30,0.0,0.0,0.0,exponential_smoothing
SKU-1026,WH-005,2024-08-31,0.0,0.0,0.0,exponential_smoothing
SKU-1026,WH-005,2024-09-01,0.0,0.0,0.0,exponential_smoothing
SKU-1026,WH-005,2024-09-02,0.0,0.0,0.0,exponential_smoothing
SKU-1026,WH-005,2024-09-03,0.0,0.0,0.0,exponential_smoothing
SKU-1026,WH-005,2024-09-04,0.0,0.0,0.0,exponential_smoothing
SKU-1026,WH-005,2024-09-05,0.0,0.0,0.0,exponential_smoothing
SKU-1026,WH-005,2024-09-06,0.0,0.0,0.0,exponential_smoothing
SKU-1026,WH-005,2024-09-07,0.0,0.0,0.0,exponential_smoothing
SKU-1026,WH-005,2024-09-08,0.0,0.0,0.0,exponential_smoothing
SKU-1026,WH-005,2024-09-09,0.0,0.0,0.0,exponential_smoothing
SKU-1026,WH-005,2024-09-10,0.0,0.0,0.0,exponential_smoothing
SKU-1026,WH-005,2024-09-11,0.0,0.0,0.0,exponential_smoothing
SKU-1026,WH-005,2024-09-12,0.0,0.0,0.0,exponential_smoothing
SKU-1026,WH-005,2024-09-13,0.0,0.0,0.0,exponential_smoothing
SKU-1026,WH-005,2024-09-14,0.0,0.0,0.0,exponential_smoothing
SKU-1026,WH-005,2024-09-15,0.0,0.0,0.0,exponential_smoothing
SKU-1026,WH-005,2024-09-16,0.0,0.0,0.0,exponential_smoothing
SKU-1026,WH-005,2024-09-17,0.0,0.0,0.0,exponential_smoothing
SKU-1026,WH-005,2024-09-18,0.0,0.0,0.0,exponential_smoothing
SKU-1026,WH-005,2024-09-19,0.0,0.0,0.0,exponential_smoothing
SKU-1026,WH-005,2024-09-20,0.0,0.0,0.0,exponential_smoothing
SKU-1026,WH-005,2024-09-21,0.0,0.0,0.0,exponential_smoothing
SKU-1026,WH-005,2024-09-22,0.0,0.0,0.0,exponential_smoothing
SKU-1026,WH-005,2024-09-23,0.0,0.0,0.0,exponential_smoothing
SKU-1026,WH-005,2024-09-24,0.0,0.0,0.0,exponential_smoothing
SKU-1026,WH-005,2024-09-25,0.0,0.0,0.0,exponential_smoothing
SKU-1026,WH-005,2024-09-26,0.0,0.0,0.0,exponential_smoothing
SKU-1026,WH-006,2024-06-29,50.5,45.4,55.5,moving_average
SKU-1026,WH-006,2024-06-30,50.5,45.4,55.5,moving_average
SKU-1026,WH-006,2024-07-01,50.5,45.4,55.5,moving_average
SKU-1026,WH-006,2024-07-02,50.5,45.4,55.5,moving_average
SKU-1026,WH-006,2024-07-03,50.5,45.4,55.5,moving_average
SKU-1026,WH-006,2024-07-04,50.5,45.4,55.5,moving_average
SKU-1026,WH-006,2024-07-05,50.5,45.4,55.5,moving_average
SKU-1026,WH-006,2024-07-06,50.5,45.4,55.5,moving_average
SKU-1026,WH-006,2024-07-07,50.5,45.4,55.5,moving_average
SKU-1026,WH-006,2024-07-08,50.5,45.4,55.5,moving_average
SKU-1026,WH-006,2024-07-09,50.5,45.4,55.5,moving_average
SKU-1026,WH-006,2024-07-10,50.5,45.4,55.5,moving_average
SKU-1026,WH-006,2024-07-11,50.5,45.4,55.5,moving_average
SKU-1026,WH-006,2024-07-12,50.5,45.4,55.5,moving_average
SKU-1026,WH-006,2024-07-13,50.5,45.4,55.5,moving_average
SKU-1026,WH-006,2024-07-14,50.5,45.4,55.5,moving_average
SKU-1026,WH-006,2024-07-15,50.5,45.4,55.5,moving_average
SKU-1026,WH-006,2024-07-16,50.5,45.4,55.5,moving_average
SKU-1026,WH-006,2024-07-17,50.5,45.4,55.5,moving_average
SKU-1026,WH-006,2024-07-18,50.5,45.4,55.5,moving_average
SKU-1026,WH-006,2024-07-19,50.5,45.4,55.5,moving_average
SKU-1026,WH-006,2024-07-20,50.5,45.4,55.5,moving_average
SKU-1026,WH-006,2024-07-21,50.5,45.4,55.5,moving_average
SKU-1026,WH-006,2024-07-22,50.5,45.4,55.5,moving_average
SKU-1026,WH-006,2024-07-23,50.5,45.4,55.5,moving_average
SKU-1026,WH-006,2024-07-24,50.5,45.4,55.5,moving_average
SKU-1026,WH-006,2024-07-25,50.5,45.4,55.5,moving_average
SKU-1026,WH-006,2024-07-26,50.5,45.4,55.5,moving_average
SKU-1026,WH-006,2024-07-27,50.5,45.4,55.5,moving_average
SKU-1026,WH-006,2024-07-28,50.5,45.4,55.5,moving_average
SKU-1026,WH-006,2024-07-29,50.5,45.4,55.5,moving_average
SKU-1026,WH-006,2024-07-30,50.5,45.4,55.5,moving_average
SKU-1026,WH-006,2024-07-31,50.5,45.4,55.5,moving_average
SKU-1026,WH-006,2024-08-01,50.5,45.4,55.5,moving_average
SKU-1026,WH-006,2024-08-02,50.5,45.4,55.5,moving_average
SKU-1026,WH-006,2024-08-03,50.5,45.4,55.5,moving_average
SKU-1026,WH-006,2024-08-04,50.5,45.4,55.5,moving_average
SKU-1026,WH-006,2024-08-05,50.5,45.4,55.5,moving_average
SKU-1026,WH-006,2024-08-06,50.5,45.4,55.5,moving_average
SKU-1026,WH-006,2024-08-07,50.5,45.4,55.5,moving_average
SKU-1026,WH-006,2024-08-08,50.5,45.4,55.5,moving_average
SKU-1026,WH-006,2024-08-09,50.5,45.4,55.5,moving_average
SKU-1026,WH-006,2024-08-10,50.5,45.4,55.5,moving_average
SKU-1026,WH-006,2024-08-11,50.5,45.4,55.5,moving_average
SKU-1026,WH-006,2024-08-12,50.5,45.4,55.5,moving_average
SKU-1026,WH-006,2024-08-13,50.5,45.4,55.5,moving_average
SKU-1026,WH-006,2024-08-14,50.5,45.4,55.5,moving_average
SKU-1026,WH-006,2024-08-15,50.5,45.4,55.5,moving_average
SKU-1026,WH-006,2024-08-16,50.5,45.4,55.5,moving_average
SKU-1026,WH-006,2024-08-17,50.5,45.4,55.5,moving_average
SKU-1026,WH-006,2024-08-18,50.5,45.4,55.5,moving_average
SKU-1026,WH-006,2024-08-19,50.5,45.4,55.5,moving_average
SKU-1026,WH-006,2024-08-20,50.5,45.4,55.5,moving_average
SKU-1026,WH-006,2024-08-21,50.5,45.4,55.5,moving_average
SKU-1026,WH-006,2024-08-22,50.5,45.4,55.5,moving_average
SKU-1026,WH-006,2024-08-23,50.5,45.4,55.5,moving_average
SKU-1026,WH-006,2024-08-24,50.5,45.4,55.5,moving_average
SKU-1026,WH-006,2024-08-25,50.5,45.4,55.5,moving_average
SKU-1026,WH-006,2024-08-26,50.5,45.4,55.5,moving_average
SKU-1026,WH-006,2024-08-27,50.5,45.4,55.5,moving_average
SKU-1026,WH-006,2024-08-28,50.5,45.4,55.5,moving_average
SKU-1026,WH-006,2024-08-29,50.5,45.4,55.5,moving_average
SKU-1026,WH-006,2024-08-30,50.5,45.4,55.5,moving_average
SKU-1026,WH-006,2024-08-31,50.5,45.4,55.5,moving_average
SKU-1026,WH-006,2024-09-01,50.5,45.4,55.5,moving_average
SKU-1026,WH-006,2024-09-02,50.5,45.4,55.5,moving_average
SKU-1026,WH-006,2024-09-03,50.5,45.4,55.5,moving_average
SKU-1026,WH-006,2024-09-04,67.1,60.4,73.8,moving_average
SKU-1026,WH-006,2024-09-05,67.1,60.4,73.8,moving_average
SKU-1026,WH-006,2024-09-06,67.1,60.4,73.8,moving_average
SKU-1026,WH-006,2024-09-07,67.1,60.4,73.8,moving_average
SKU-1026,WH-006,2024-09-08,67.1,60.4,73.8,moving_average
SKU-1026,WH-006,2024-09-09,67.1,60.4,73.8,moving_average
SKU-1026,WH-006,2024-09-10,67.1,60.4,73.8,moving_average
SKU-1026,WH-006,2024-09-11,67.1,60.4,73.8,moving_average
SKU-1026,WH-006,2024-09-12,67.1,60.4,73.8,moving_average
SKU-1026,WH-006,2024-09-13,67.1,60.4,73.8,moving_average
SKU-1026,WH-006,2024-09-14,50.5,45.4,55.5,moving_average
SKU-1026,WH-006,2024-09-15,50.5,45.4,55.5,moving_average
SKU-1026,WH-006,2024-09-16,50.5,45.4,55.5,moving_average
SKU-1026,WH-006,2024-09-17,50.5,45.4,55.5,moving_average
SKU-1026,WH-006,2024-09-18,50.5,45.4,55.5,moving_average
SKU-1026,WH-006,2024-09-19,50.5,45.4,55.5,moving_average
SKU-1026,WH-006,2024-09-20,50.5,45.4,55.5,moving_average
SKU-1026,WH-006,2024-09-21,50.5,45.4,55.5,moving_average
SKU-1026,WH-006,2024-09-22,50.5,45.4,55.5,moving_average
SKU-1026,WH-006,2024-09-23,50.5,45.4,55.5,moving_average
SKU-1026,WH-006,2024-09-24,50.5,45.4,55.5,moving_average
SKU-1026,WH-006,2024-09-25,50.5,45.4,55.5,moving_average
SKU-1026,WH-006,2024-09-26,50.5,45.4,55.5,moving_average
SKU-1026,WH-007,2024-06-29,33.9,28.8,38.9,exponential_smoothing
SKU-1026,WH-007,2024-06-30,51.2,43.5,58.9,exponential_smoothing
SKU-1026,WH-007,2024-07-01,40.1,34.1,46.1,exponential_smoothing
SKU-1026,WH-007,2024-07-02,38.1,32.4,43.9,exponential_smoothing
SKU-1026,WH-007,2024-07-03,38.1,32.4,43.8,exponential_smoothing
SKU-1026,WH-007,2024-07-04,50.1,42.6,57.6,exponential_smoothing
SKU-1026,WH-007,2024-07-05,37.5,31.8,43.1,exponential_smoothing
SKU-1026,WH-007,2024-07-06,31.0,26.4,35.7,exponential_smoothing
SKU-1026,WH-007,2024-07-07,48.4,41.1,55.7,exponential_smoothing
SKU-1026,WH-007,2024-07-08,37.3,31.7,42.9,exponential_smoothing
SKU-1026,WH-007,2024-07-09,35.3,30.0,40.6,exponential_smoothing
SKU-1026,WH-007,2024-07-10,35.3,30.0,40.6,exponential_smoothing
SKU-1026,WH-007,2024-07-11,47.2,40.2,54.3,exponential_smoothing
SKU-1026,WH-007,2024-07-12,34.6,29.4,39.8,exponential_smoothing
SKU-1026,WH-007,2024-07-13,28.2,24.0,32.5,exponential_smoothing
SKU-1026,WH-007,2024-07-14,45.6,38.8,52.4,exponential_smoothing
SKU-1026,WH-007,2024-07-15,34.5,29.3,39.7,exponential_smoothing
SKU-1026,WH-007,2024-07-16,32.5,27.6,37.4,exponential_smoothing
SKU-1026,WH-007,2024-07-17,32.4,27.6,37.3,exponential_smoothing
SKU-1026,WH-007,2024-07-18,44.4,37.8,51.1,exponential_smoothing
SKU-1026,WH-007,2024-07-19,31.8,27.1,36.6,exponential_smoothing
SKU-1026,WH-007,2024-07-20,25.4,21.6,29.2,exponential_smoothing
SKU-1026,WH-007,2024-07-21,42.8,36.4,49.2,exponential_smoothing
SKU-1026,WH-007,2024-07-22,31.7,26.9,36.4,exponential_smoothing
SKU-1026,WH-007,2024-07-23,29.7,25.2,34.1,exponential_smoothing
SKU-1026,WH-007,2024-07-24,29.6,25.2,34.1,exponential_smoothing
SKU-1026,WH-007,2024-07-25,41.6,35.4,47.9,exponential_smoothing
SKU-1026,WH-007,2024-07-26,29.0,24.7,33.4,exponential_smoothing
SKU-1026,WH-007,2024-07-27,22.6,19.2,26.0,exponential_smoothing
SKU-1026,WH-007,2024-07-28,40.0,34.0,46.0,exponential_smoothing
SKU-1026,WH-007,2024-07-29,28.8,24.5,33.2,exponential_smoothing
SKU-1026,WH-007,2024-07-30,26.9,22.8,30.9,exponential_smoothing
SKU-1026,WH-007,2024-07-31,26.8,22.8,30.8,exponential_smoothing
SKU-1026,WH-007,2024-08-01,38.8,33.0,44.6,exponential_smoothing
SKU-1026,WH-007,2024-08-02,26.2,22.3,30.1,exponential_smoothing
SKU-1026,WH-007,2024-08-03,19.8,16.8,22.7,exponential_smoothing
SKU-1026,WH-007,2024-08-04,37.1,31.6,42.7,exponential_smoothing
SKU-1026,WH-007,2024-08-05,26.0,22.1,29.9,exponential_smoothing
SKU-1026,WH-007,2024-08-06,24.1,20.4,27.7,exponential_smoothing
SKU-1026,WH-007,2024-08-07,24.0,20.4,27.6,exponential_smoothing
SKU-1026,WH-007,2024-08-08,36.0,30.6,41.4,exponential_smoothing
SKU-1026,WH-007,2024-08-09,23.4,19.9,26.9,exponential_smoothing
SKU-1026,WH-007,2024-08-10,17.0,14.4,19.5,exponential_smoothing
SKU-1026,WH-007,2024-08-11,34.3,29.2,39.5,exponential_smoothing
SKU-1026,WH-007,2024-08-12,23.2,19.7,26.7,exponential_smoothing
SKU-1026,WH-007,2024-08-13,21.2,18.0,24.4,exponential_smoothing
SKU-1026,WH-007,2024-08-14,21.2,18.0,24.4,exponential_smoothing
SKU-1026,WH-007,2024-08-15,36.7,31.2,42.2,exponential_smoothing
SKU-1026,WH-007,2024-08-16,22.8,19.3,26.2,exponential_smoothing
SKU-1026,WH-007,2024-08-17,15.7,13.3,18.0,exponential_smoothing
SKU-1026,WH-007,2024-08-18,34.9,29.6,40.1,exponential_smoothing
SKU-1026,WH-007,2024-08-19,22.6,19.2,26.0,exponential_smoothing
SKU-1026,WH-007,2024-08-20,20.4,17.3,23.4,exponential_smoothing
SKU-1026,WH-007,2024-08-21,20.3,17.3,23.4,exponential_smoothing
SKU-1026,WH-007,2024-08-22,33.6,28.6,38.6,exponential_smoothing
SKU-1026,WH-007,2024-08-23,17.7,15.1,20.4,exponential_smoothing
SKU-1026,WH-007,2024-08-24,11.3,9.6,13.0,exponential_smoothing
SKU-1026,WH-007,2024-08-25,28.7,24.4,33.0,exponential_smoothing
SKU-1026,WH-007,2024-08-26,17.6,14.9,20.2,exponential_smoothing
SKU-1026,WH-007,2024-08-27,15.6,13.3,17.9,exponential_smoothing
SKU-1026,WH-007,2024-08-28,15.5,13.2,17.9,exponential_smoothing
SKU-1026,WH-007,2024-08-29,27.5,23.4,31.7,exponential_smoothing
SKU-1026,WH-007,2024-08-30,14.9,12.7,17.2,exponential_smoothing
SKU-1026,WH-007,2024-08-31,8.5,7.2,9.8,exponential_smoothing
SKU-1026,WH-007,2024-09-01,25.9,22.0,29.8,exponential_smoothing
SKU-1026,WH-007,2024-09-02,14.8,12.6,17.0,exponential_smoothing
SKU-1026,WH-007,2024-09-03,12.8,10.9,14.7,exponential_smoothing
SKU-1026,WH-007,2024-09-04,12.7,10.8,14.6,exponential_smoothing
SKU-1026,WH-007,2024-09-05,24.7,21.0,28.4,exponential_smoothing
SKU-1026,WH-007,2024-09-06,12.1,10.3,13.9,exponential_smoothing
SKU-1026,WH-007,2024-09-07,5.7,4.8,6.5,exponential_smoothing
SKU-1026,WH-007,2024-09-08,23.1,19.6,26.5,exponential_smoothing
SKU-1026,WH-007,2024-09-09,11.9,10.2,13.7,exponential_smoothing
SKU-1026,WH-007,2024-09-10,10.0,8.5,11.5,exponential_smoothing
SKU-1026,WH-007,2024-09-11,9.9,8.4,11.4,exponential_smoothing
SKU-1026,WH-007,2024-09-12,21.9,18.6,25.2,exponential_smoothing
SKU-1026,WH-007,2024-09-13,9.3,7.9,10.7,exponential_smoothing
SKU-1026,WH-007,2024-09-14,2.9,2.4,3.3,exponential_smoothing
SKU-1026,WH-007,2024-09-15,20.2,17.2,23.3,exponential_smoothing
SKU-1026,WH-007,2024-09-16,9.1,7.8,10.5,exponential_smoothing
SKU-1026,WH-007,2024-09-17,7.2,6.1,8.2,exponential_smoothing
SKU-1026,WH-007,2024-09-18,7.1,6.0,8.2,exponential_smoothing
SKU-1026,WH-007,2024-09-19,19.1,16.2,21.9,exponential_smoothing
SKU-1026,WH-007,2024-09-20,6.5,5.5,7.4,exponential_smoothing
SKU-1026,WH-007,2024-09-21,0.1,0.1,0.1,exponential_smoothing
SKU-1026,WH-007,2024-09-22,17.4,14.8,20.0,exponential_smoothing
SKU-1026,WH-007,2024-09-23,6.3,5.4,7.3,exponential_smoothing
SKU-1026,WH-007,2024-09-24,4.3,3.7,5.0,exponential_smoothing
SKU-1026,WH-007,2024-09-25,4.3,3.6,4.9,exponential_smoothing
SKU-1026,WH-007,2024-09-26,16.3,13.8,18.7,exponential_smoothing
SKU-1027,WH-001,2024-06-29,238.4,190.8,286.1,xgboost
SKU-1027,WH-001,2024-06-30,320.0,256.0,384.0,xgboost
SKU-1027,WH-001,2024-07-01,308.1,246.5,369.8,xgboost
SKU-1027,WH-001,2024-07-02,252.7,202.2,303.3,xgboost
SKU-1027,WH-001,2024-07-03,273.0,218.4,327.6,xgboost
SKU-1027,WH-001,2024-07-04,374.9,300.0,449.9,xgboost
SKU-1027,WH-001,2024-07-05,346.3,277.0,415.5,xgboost
SKU-1027,WH-001,2024-07-06,207.3,165.8,248.7,xgboost
SKU-1027,WH-001,2024-07-07,287.5,230.0,345.0,xgboost
SKU-1027,WH-001,2024-07-08,319.5,255.6,383.4,xgboost
SKU-1027,WH-001,2024-07-09,426.8,341.4,512.1,xgboost
SKU-1027,WH-001,2024-07-10,395.8,316.6,474.9,xgboost
SKU-1027,WH-001,2024-07-11,305.7,244.6,366.9,xgboost
SKU-1027,WH-001,2024-07-12,297.5,238.0,357.0,xgboost
SKU-1027,WH-001,2024-07-13,331.2,264.9,397.4,xgboost
SKU-1027,WH-001,2024-07-14,326.7,261.4,392.0,xgboost
SKU-1027,WH-001,2024-07-15,289.8,231.9,347.8,xgboost
SKU-1027,WH-001,2024-07-16,324.4,259.5,389.2,xgboost
SKU-1027,WH-001,2024-07-17,270.3,216.2,324.3,xgboost
SKU-1027,WH-001,2024-07-18,343.5,274.8,412.2,xgboost
SKU-1027,WH-001,2024-07-19,272.4,217.9,326.9,xgboost
SKU-1027,WH-001,2024-07-20,305.1,244.1,366.2,xgboost
SKU-1027,WH-001,2024-07-21,274.6,219.7,329.5,xgboost
SKU-1027,WH-001,2024-07-22,309.7,247.8,371.7,xgboost
SKU-1027,WH-001,2024-07-23,252.6,202.1,303.1,xgboost
SKU-1027,WH-001,2024-07-24,277.8,222.3,333.4,xgboost
SKU-1027,WH-001,2024-07-25,269.1,215.3,322.9,xgboost
SKU-1027,WH-001,2024-07-26,282.1,225.7,338.5,xgboost
SKU-1027,WH-001,2024-07-27,234.1,187.3,281.0,xgboost
SKU-1027,WH-001,2024-07-28,313.0,250.4,375.6,xgboost
SKU-1027,WH-001,2024-07-29,295.5,236.4,354.7,xgboost
SKU-1027,WH-001,2024-07-30,346.1,276.9,415.3,xgboost
SKU-1027,WH-001,2024-07-31,339.2,271.4,407.1,xgboost
SKU-1027,WH-001,2024-08-01,273.3,218.6,328.0,xgboost
SKU-1027,WH-001,2024-08-02,219.2,175.4,263.0,xgboost
SKU-1027,WH-001,2024-08-03,217.1,173.7,260.5,xgboost
SKU-1027,WH-001,2024-08-04,280.5,224.4,336.6,xgboost
SKU-1027,WH-001,2024-08-05,265.4,212.3,318.5,xgboost
SKU-1027,WH-001,2024-08-06,260.4,208.3,312.5,xgboost
SKU-1027,WH-001,2024-08-07,245.9,196.7,295.1,xgboost
SKU-1027,WH-001,2024-08-08,218.6,174.9,262.3,xgboost
SKU-1027,WH-001,2024-08-09,256.5,205.2,307.8,xgboost
SKU-1027,WH-001,2024-08-10,225.8,180.6,270.9,xgboost
SKU-1027,WH-001,2024-08-11,268.8,215.0,322.5,xgboost
SKU-1027,WH-001,2024-08-12,293.5,234.8,352.2,xgboost
SKU-1027,WH-001,2024-08-13,316.6,253.3,380.0,xgboost
SKU-1027,WH-001,2024-08-14,332.6,266.1,399.2,xgboost
SKU-1027,WH-001,2024-08-15,279.5,223.6,335.4,xgboost
SKU-1027,WH-001,2024-08-16,397.9,318.3,477.5,xgboost
SKU-1027,WH-001,2024-08-17,270.0,216.0,324.1,xgboost
SKU-1027,WH-001,2024-08-18,352.2,281.7,422.6,xgboost
SKU-1027,WH-001,2024-08-19,300.1,240.1,360.1,xgboost
SKU-1027,WH-001,2024-08-20,350.3,280.2,420.3,xgboost
SKU-1027,WH-001,2024-08-21,386.4,309.1,463.7,xgboost
SKU-1027,WH-001,2024-08-22,371.8,297.5,446.2,xgboost
SKU-1027,WH-001,2024-08-23,305.6,244.5,366.7,xgboost
SKU-1027,WH-001,2024-08-24,276.5,221.2,331.7,xgboost
SKU-1027,WH-001,2024-08-25,239.3,191.4,287.2,xgboost
SKU-1027,WH-001,2024-08-26,270.1,216.1,324.1,xgboost
SKU-1027,WH-001,2024-08-27,289.5,231.6,347.4,xgboost
SKU-1027,WH-001,2024-08-28,326.7,261.4,392.1,xgboost
SKU-1027,WH-001,2024-08-29,358.7,287.0,430.4,xgboost
SKU-1027,WH-001,2024-08-30,364.4,291.5,437.3,xgboost
SKU-1027,WH-001,2024-08-31,287.7,230.2,345.3,xgboost
SKU-1027,WH-001,2024-09-01,298.8,239.0,358.5,xgboost
SKU-1027,WH-001,2024-09-02,254.1,203.3,304.9,xgboost
SKU-1027,WH-001,2024-09-03,301.6,241.3,361.9,xgboost
SKU-1027,WH-001,2024-09-04,269.7,215.8,323.7,xgboost
SKU-1027,WH-001,2024-09-05,331.5,265.2,397.8,xgboost
SKU-1027,WH-001,2024-09-06,280.8,224.6,336.9,xgboost
SKU-1027,WH-001,2024-09-07,254.2,203.3,305.0,xgboost
SKU-1027,WH-001,2024-09-08,224.6,179.7,269.5,xgboost
SKU-1027,WH-001,2024-09-09,222.1,177.7,266.5,xgboost
SKU-1027,WH-001,2024-09-10,221.3,177.0,265.5,xgboost
SKU-1027,WH-001,2024-09-11,242.3,193.9,290.8,xgboost
SKU-1027,WH-001,2024-09-12,234.4,187.6,281.3,xgboost
SKU-1027,WH-001,2024-09-13,320.1,256.1,384.1,xgboost
SKU-1027,WH-001,2024-09-14,195.7,156.5,234.8,xgboost
SKU-1027,WH-001,2024-09-15,276.8,221.4,332.1,xgboost
SKU-1027,WH-001,2024-09-16,236.1,188.9,283.4,xgboost
SKU-1027,WH-001,2024-09-17,353.0,282.4,423.6,xgboost
SKU-1027,WH-001,2024-09-18,370.5,296.4,444.6,xgboost
SKU-1027,WH-001,2024-09-19,270.8,216.7,325.0,xgboost
SKU-1027,WH-001,2024-09-20,299.4,239.6,359.3,xgboost
SKU-1027,WH-001,2024-09-21,286.4,229.1,343.7,xgboost
SKU-1027,WH-001,2024-09-22,313.4,250.7,376.1,xgboost
SKU-1027,WH-001,2024-09-23,229.8,183.9,275.8,xgboost
SKU-1027,WH-001,2024-09-24,279.1,223.3,334.9,xgboost
SKU-1027,WH-001,2024-09-25,289.0,231.2,346.8,xgboost
SKU-1027,WH-001,2024-09-26,302.5,242.0,363.0,xgboost
SKU-1027,WH-002,2024-06-29,284.7,256.2,313.1,moving_average
SKU-1027,WH-002,2024-06-30,284.7,256.2,313.1,moving_average
SKU-1027,WH-002,2024-07-01,284.7,256.2,313.1,moving_average
SKU-1027,WH-002,2024-07-02,284.7,256.2,313.1,moving_average
SKU-1027,WH-002,2024-07-03,284.7,256.2,313.1,moving_average
SKU-1027,WH-002,2024-07-04,284.7,256.2,313.1,moving_average
SKU-1027,WH-002,2024-07-05,284.7,256.2,313.1,moving_average
SKU-1027,WH-002,2024-07-06,284.7,256.2,313.1,moving_average
SKU-1027,WH-002,2024-07-07,284.7,256.2,313.1,moving_average
SKU-1027,WH-002,2024-07-08,284.7,256.2,313.1,moving_average
SKU-1027,WH-002,2024-07-09,284.7,256.2,313.1,moving_average
SKU-1027,WH-002,2024-07-10,284.7,256.2,313.1,moving_average
SKU-1027,WH-002,2024-07-11,284.7,256.2,313.1,moving_average
SKU-1027,WH-002,2024-07-12,284.7,256.2,313.1,moving_average
SKU-1027,WH-002,2024-07-13,284.7,256.2,313.1,moving_average
SKU-1027,WH-002,2024-07-14,284.7,256.2,313.1,moving_average
SKU-1027,WH-002,2024-07-15,284.7,256.2,313.1,moving_average
SKU-1027,WH-002,2024-07-16,284.7,256.2,313.1,moving_average
SKU-1027,WH-002,2024-07-17,284.7,256.2,313.1,moving_average
SKU-1027,WH-002,2024-07-18,284.7,256.2,313.1,moving_average
SKU-1027,WH-002,2024-07-19,284.7,256.2,313.1,moving_average
SKU-1027,WH-002,2024-07-20,284.7,256.2,313.1,moving_average
SKU-1027,WH-002,2024-07-21,284.7,256.2,313.1,moving_average
SKU-1027,WH-002,2024-07-22,284.7,256.2,313.1,moving_average
SKU-1027,WH-002,2024-07-23,284.7,256.2,313.1,moving_average
SKU-1027,WH-002,2024-07-24,284.7,256.2,313.1,moving_average
SKU-1027,WH-002,2024-07-25,284.7,256.2,313.1,moving_average
SKU-1027,WH-002,2024-07-26,284.7,256.2,313.1,moving_average
SKU-1027,WH-002,2024-07-27,284.7,256.2,313.1,moving_average
SKU-1027,WH-002,2024-07-28,284.7,256.2,313.1,moving_average
SKU-1027,WH-002,2024-07-29,284.7,256.2,313.1,moving_average
SKU-1027,WH-002,2024-07-30,284.7,256.2,313.1,moving_average
SKU-1027,WH-002,2024-07-31,284.7,256.2,313.1,moving_average
SKU-1027,WH-002,2024-08-01,284.7,256.2,313.1,moving_average
SKU-1027,WH-002,2024-08-02,284.7,256.2,313.1,moving_average
SKU-1027,WH-002,2024-08-03,284.7,256.2,313.1,moving_average
SKU-1027,WH-002,2024-08-04,284.7,256.2,313.1,moving_average
SKU-1027,WH-002,2024-08-05,284.7,256.2,313.1,moving_average
SKU-1027,WH-002,2024-08-06,284.7,256.2,313.1,moving_average
SKU-1027,WH-002,2024-08-07,284.7,256.2,313.1,moving_average
SKU-1027,WH-002,2024-08-08,284.7,256.2,313.1,moving_average
SKU-1027,WH-002,2024-08-09,284.7,256.2,313.1,moving_average
SKU-1027,WH-002,2024-08-10,284.7,256.2,313.1,moving_average
SKU-1027,WH-002,2024-08-11,284.7,256.2,313.1,moving_average
SKU-1027,WH-002,2024-08-12,284.7,256.2,313.1,moving_average
SKU-1027,WH-002,2024-08-13,284.7,256.2,313.1,moving_average
SKU-1027,WH-002,2024-08-14,284.7,256.2,313.1,moving_average
SKU-1027,WH-002,2024-08-15,284.7,256.2,313.1,moving_average
SKU-1027,WH-002,2024-08-16,284.7,256.2,313.1,moving_average
SKU-1027,WH-002,2024-08-17,284.7,256.2,313.1,moving_average
SKU-1027,WH-002,2024-08-18,284.7,256.2,313.1,moving_average
SKU-1027,WH-002,2024-08-19,284.7,256.2,313.1,moving_average
SKU-1027,WH-002,2024-08-20,284.7,256.2,313.1,moving_average
SKU-1027,WH-002,2024-08-21,284.7,256.2,313.1,moving_average
SKU-1027,WH-002,2024-08-22,284.7,256.2,313.1,moving_average
SKU-1027,WH-002,2024-08-23,284.7,256.2,313.1,moving_average
SKU-1027,WH-002,2024-08-24,284.7,256.2,313.1,moving_average
SKU-1027,WH-002,2024-08-25,284.7,256.2,313.1,moving_average
SKU-1027,WH-002,2024-08-26,284.7,256.2,313.1,moving_average
SKU-1027,WH-002,2024-08-27,284.7,256.2,313.1,moving_average
SKU-1027,WH-002,2024-08-28,284.7,256.2,313.1,moving_average
SKU-1027,WH-002,2024-08-29,284.7,256.2,313.1,moving_average
SKU-1027,WH-002,2024-08-30,284.7,256.2,313.1,moving_average
SKU-1027,WH-002,2024-08-31,284.7,256.2,313.1,moving_average
SKU-1027,WH-002,2024-09-01,284.7,256.2,313.1,moving_average
SKU-1027,WH-002,2024-09-02,284.7,256.2,313.1,moving_average
SKU-1027,WH-002,2024-09-03,284.7,256.2,313.1,moving_average
SKU-1027,WH-002,2024-09-04,284.7,256.2,313.1,moving_average
SKU-1027,WH-002,2024-09-05,284.7,256.2,313.1,moving_average
SKU-1027,WH-002,2024-09-06,284.7,256.2,313.1,moving_average
SKU-1027,WH-002,2024-09-07,284.7,256.2,313.1,moving_average
SKU-1027,WH-002,2024-09-08,284.7,256.2,313.1,moving_average
SKU-1027,WH-002,2024-09-09,284.7,256.2,313.1,moving_average
SKU-1027,WH-002,2024-09-10,284.7,256.2,313.1,moving_average
SKU-1027,WH-002,2024-09-11,284.7,256.2,313.1,moving_average
SKU-1027,WH-002,2024-09-12,284.7,256.2,313.1,moving_average
SKU-1027,WH-002,2024-09-13,284.7,256.2,313.1,moving_average
SKU-1027,WH-002,2024-09-14,284.7,256.2,313.1,moving_average
SKU-1027,WH-002,2024-09-15,284.7,256.2,313.1,moving_average
SKU-1027,WH-002,2024-09-16,284.7,256.2,313.1,moving_average
SKU-1027,WH-002,2024-09-17,284.7,256.2,313.1,moving_average
SKU-1027,WH-002,2024-09-18,284.7,256.2,313.1,moving_average
SKU-1027,WH-002,2024-09-19,284.7,256.2,313.1,moving_average
SKU-1027,WH-002,2024-09-20,284.7,256.2,313.1,moving_average
SKU-1027,WH-002,2024-09-21,284.7,256.2,313.1,moving_average
SKU-1027,WH-002,2024-09-22,284.7,256.2,313.1,moving_average
SKU-1027,WH-002,2024-09-23,284.7,256.2,313.1,moving_average
SKU-1027,WH-002,2024-09-24,284.7,256.2,313.1,moving_average
SKU-1027,WH-002,2024-09-25,284.7,256.2,313.1,moving_average
SKU-1027,WH-002,2024-09-26,284.7,256.2,313.1,moving_average
SKU-1027,WH-003,2024-06-29,276.0,234.6,317.4,exponential_smoothing
SKU-1027,WH-003,2024-06-30,245.3,208.5,282.1,exponential_smoothing
SKU-1027,WH-003,2024-07-01,310.3,263.8,356.8,exponential_smoothing
SKU-1027,WH-003,2024-07-02,287.8,244.7,331.0,exponential_smoothing
SKU-1027,WH-003,2024-07-03,280.3,238.2,322.3,exponential_smoothing
SKU-1027,WH-003,2024-07-04,274.4,233.3,315.6,exponential_smoothing
SKU-1027,WH-003,2024-07-05,275.5,234.2,316.8,exponential_smoothing
SKU-1027,WH-003,2024-07-06,273.9,232.9,315.0,exponential_smoothing
SKU-1027,WH-003,2024-07-07,243.3,206.8,279.8,exponential_smoothing
SKU-1027,WH-003,2024-07-08,308.3,262.0,354.5,exponential_smoothing
SKU-1027,WH-003,2024-07-09,285.8,242.9,328.7,exponential_smoothing
SKU-1027,WH-003,2024-07-10,278.3,236.5,320.0,exponential_smoothing
SKU-1027,WH-003,2024-07-11,272.4,231.6,313.3,exponential_smoothing
SKU-1027,WH-003,2024-07-12,273.5,232.5,314.5,exponential_smoothing
SKU-1027,WH-003,2024-07-13,271.9,231.1,312.7,exponential_smoothing
SKU-1027,WH-003,2024-07-14,241.3,205.1,277.5,exponential_smoothing
SKU-1027,WH-003,2024-07-15,306.3,260.3,352.2,exponential_smoothing
SKU-1027,WH-003,2024-07-16,283.8,241.2,326.4,exponential_smoothing
SKU-1027,WH-003,2024-07-17,374.0,317.9,430.2,exponential_smoothing
SKU-1027,WH-003,2024-07-18,366.1,311.2,421.0,exponential_smoothing
SKU-1027,WH-003,2024-07-19,367.6,312.4,422.7,exponential_smoothing
SKU-1027,WH-003,2024-07-20,365.4,310.6,420.3,exponential_smoothing
SKU-1027,WH-003,2024-07-21,239.2,203.4,275.1,exponential_smoothing
SKU-1027,WH-003,2024-07-22,304.2,258.6,349.9,exponential_smoothing
SKU-1027,WH-003,2024-07-23,281.8,239.5,324.0,exponential_smoothing
SKU-1027,WH-003,2024-07-24,274.2,233.1,315.4,exponential_smoothing
SKU-1027,WH-003,2024-07-25,268.4,228.1,308.6,exponential_smoothing
SKU-1027,WH-003,2024-07-26,269.4,229.0,309.9,exponential_smoothing
SKU-1027,WH-003,2024-07-27,267.9,227.7,308.1,exponential_smoothing
SKU-1027,WH-003,2024-07-28,237.2,201.6,272.8,exponential_smoothing
SKU-1027,WH-003,2024-07-29,302.2,256.9,347.5,exponential_smoothing
SKU-1027,WH-003,2024-07-30,279.8,237.8,321.7,exponential_smoothing
SKU-1027,WH-003,2024-07-31,272.2,231.4,313.0,exponential_smoothing
SKU-1027,WH-003,2024-08-01,266.4,226.4,306.3,exponential_smoothing
SKU-1027,WH-003,2024-08-02,267.4,227.3,307.5,exponential_smoothing
SKU-1027,WH-003,2024-08-03,265.9,226.0,305.7,exponential_smoothing
SKU-1027,WH-003,2024-08-04,235.2,199.9,270.5,exponential_smoothing
SKU-1027,WH-003,2024-08-05,300.2,255.2,345.2,exponential_smoothing
SKU-1027,WH-003,2024-08-06,277.7,236.1,319.4,exponential_smoothing
SKU-1027,WH-003,2024-08-07,270.2,229.7,310.7,exponential_smoothing
SKU-1027,WH-003,2024-08-08,264.3,224.7,304.0,exponential_smoothing
SKU-1027,WH-003,2024-08-09,265.4,225.6,305.2,exponential_smoothing
SKU-1027,WH-003,2024-08-10,263.8,224.3,303.4,exponential_smoothing
SKU-1027,WH-003,2024-08-11,233.2,198.2,268.2,exponential_smoothing
SKU-1027,WH-003,2024-08-12,298.2,253.4,342.9,exponential_smoothing
SKU-1027,WH-003,2024-08-13,275.7,234.4,317.1,exponential_smoothing
SKU-1027,WH-003,2024-08-14,268.2,227.9,308.4,exponential_smoothing
SKU-1027,WH-003,2024-08-15,262.3,223.0,301.7,exponential_smoothing
SKU-1027,WH-003,2024-08-16,263.4,223.9,302.9,exponential_smoothing
SKU-1027,WH-003,2024-08-17,261.8,222.5,301.1,exponential_smoothing
SKU-1027,WH-003,2024-08-18,231.2,196.5,265.8,exponential_smoothing
SKU-1027,WH-003,2024-08-19,296.2,251.7,340.6,exponential_smoothing
SKU-1027,WH-003,2024-08-20,273.7,232.6,314.7,exponential_smoothing
SKU-1027,WH-003,2024-08-21,266.2,226.2,306.1,exponential_smoothing
SKU-1027,WH-003,2024-08-22,260.3,221.2,299.3,exponential_smoothing
SKU-1027,WH-003,2024-08-23,261.4,222.2,300.6,exponential_smoothing
SKU-1027,WH-003,2024-08-24,259.8,220.8,298.8,exponential_smoothing
SKU-1027,WH-003,2024-08-25,229.1,194.8,263.5,exponential_smoothing
SKU-1027,WH-003,2024-08-26,294.1,250.0,338.3,exponential_smoothing
SKU-1027,WH-003,2024-08-27,271.7,230.9,312.4,exponential_smoothing
SKU-1027,WH-003,2024-08-28,264.1,224.5,303.8,exponential_smoothing
SKU-1027,WH-003,2024-08-29,258.3,219.5,297.0,exponential_smoothing
SKU-1027,WH-003,2024-08-30,259.3,220.4,298.2,exponential_smoothing
SKU-1027,WH-003,2024-08-31,257.8,219.1,296.5,exponential_smoothing
SKU-1027,WH-003,2024-09-01,227.1,193.1,261.2,exponential_smoothing
SKU-1027,WH-003,2024-09-02,292.1,248.3,335.9,exponential_smoothing
SKU-1027,WH-003,2024-09-03,269.7,229.2,310.1,exponential_smoothing
SKU-1027,WH-003,2024-09-04,262.1,222.8,301.4,exponential_smoothing
SKU-1027,WH-003,2024-09-05,256.3,217.8,294.7,exponential_smoothing
SKU-1027,WH-003,2024-09-06,257.3,218.7,295.9,exponential_smoothing
SKU-1027,WH-003,2024-09-07,255.8,217.4,294.1,exponential_smoothing
SKU-1027,WH-003,2024-09-08,225.1,191.3,258.9,exponential_smoothing
SKU-1027,WH-003,2024-09-09,290.1,246.6,333.6,exponential_smoothing
SKU-1027,WH-003,2024-09-10,267.6,227.5,307.8,exponential_smoothing
SKU-1027,WH-003,2024-09-11,260.1,221.1,299.1,exponential_smoothing
SKU-1027,WH-003,2024-09-12,254.2,216.1,292.4,exponential_smoothing
SKU-1027,WH-003,2024-09-13,255.3,217.0,293.6,exponential_smoothing
SKU-1027,WH-003,2024-09-14,253.7,215.7,291.8,exponential_smoothing
SKU-1027,WH-003,2024-09-15,223.1,189.6,256.5,exponential_smoothing
SKU-1027,WH-003,2024-09-16,288.1,244.9,331.3,exponential_smoothing
SKU-1027,WH-003,2024-09-17,265.6,225.8,305.5,exponential_smoothing
SKU-1027,WH-003,2024-09-18,258.1,219.4,296.8,exponential_smoothing
SKU-1027,WH-003,2024-09-19,252.2,214.4,290.0,exponential_smoothing
SKU-1027,WH-003,2024-09-20,253.3,215.3,291.3,exponential_smoothing
SKU-1027,WH-003,2024-09-21,251.7,214.0,289.5,exponential_smoothing
SKU-1027,WH-003,2024-09-22,221.1,187.9,254.2,exponential_smoothing
SKU-1027,WH-003,2024-09-23,286.1,243.1,329.0,exponential_smoothing
SKU-1027,WH-003,2024-09-24,263.6,224.1,303.1,exponential_smoothing
SKU-1027,WH-003,2024-09-25,256.1,217.6,294.5,exponential_smoothing
SKU-1027,WH-003,2024-09-26,250.2,212.7,287.7,exponential_smoothing
SKU-1027,WH-004,2024-06-29,328.8,295.9,361.7,moving_average
SKU-1027,WH-004,2024-06-30,328.8,295.9,361.7,moving_average
SKU-1027,WH-004,2024-07-01,328.8,295.9,361.7,moving_average
SKU-1027,WH-004,2024-07-02,328.8,295.9,361.7,moving_average
SKU-1027,WH-004,2024-07-03,328.8,295.9,361.7,moving_average
SKU-1027,WH-004,2024-07-04,328.8,295.9,361.7,moving_average
SKU-1027,WH-004,2024-07-05,328.8,295.9,361.7,moving_average
SKU-1027,WH-004,2024-07-06,328.8,295.9,361.7,moving_average
SKU-1027,WH-004,2024-07-07,328.8,295.9,361.7,moving_average
SKU-1027,WH-004,2024-07-08,328.8,295.9,361.7,moving_average
SKU-1027,WH-004,2024-07-09,328.8,295.9,361.7,moving_average
SKU-1027,WH-004,2024-07-10,328.8,295.9,361.7,moving_average
SKU-1027,WH-004,2024-07-11,328.8,295.9,361.7,moving_average
SKU-1027,WH-004,2024-07-12,328.8,295.9,361.7,moving_average
SKU-1027,WH-004,2024-07-13,328.8,295.9,361.7,moving_average
SKU-1027,WH-004,2024-07-14,328.8,295.9,361.7,moving_average
SKU-1027,WH-004,2024-07-15,328.8,295.9,361.7,moving_average
SKU-1027,WH-004,2024-07-16,328.8,295.9,361.7,moving_average
SKU-1027,WH-004,2024-07-17,328.8,295.9,361.7,moving_average
SKU-1027,WH-004,2024-07-18,328.8,295.9,361.7,moving_average
SKU-1027,WH-004,2024-07-19,328.8,295.9,361.7,moving_average
SKU-1027,WH-004,2024-07-20,328.8,295.9,361.7,moving_average
SKU-1027,WH-004,2024-07-21,328.8,295.9,361.7,moving_average
SKU-1027,WH-004,2024-07-22,328.8,295.9,361.7,moving_average
SKU-1027,WH-004,2024-07-23,328.8,295.9,361.7,moving_average
SKU-1027,WH-004,2024-07-24,328.8,295.9,361.7,moving_average
SKU-1027,WH-004,2024-07-25,328.8,295.9,361.7,moving_average
SKU-1027,WH-004,2024-07-26,328.8,295.9,361.7,moving_average
SKU-1027,WH-004,2024-07-27,328.8,295.9,361.7,moving_average
SKU-1027,WH-004,2024-07-28,328.8,295.9,361.7,moving_average
SKU-1027,WH-004,2024-07-29,328.8,295.9,361.7,moving_average
SKU-1027,WH-004,2024-07-30,328.8,295.9,361.7,moving_average
SKU-1027,WH-004,2024-07-31,328.8,295.9,361.7,moving_average
SKU-1027,WH-004,2024-08-01,328.8,295.9,361.7,moving_average
SKU-1027,WH-004,2024-08-02,328.8,295.9,361.7,moving_average
SKU-1027,WH-004,2024-08-03,328.8,295.9,361.7,moving_average
SKU-1027,WH-004,2024-08-04,328.8,295.9,361.7,moving_average
SKU-1027,WH-004,2024-08-05,328.8,295.9,361.7,moving_average
SKU-1027,WH-004,2024-08-06,328.8,295.9,361.7,moving_average
SKU-1027,WH-004,2024-08-07,328.8,295.9,361.7,moving_average
SKU-1027,WH-004,2024-08-08,328.8,295.9,361.7,moving_average
SKU-1027,WH-004,2024-08-09,328.8,295.9,361.7,moving_average
SKU-1027,WH-004,2024-08-10,328.8,295.9,361.7,moving_average
SKU-1027,WH-004,2024-08-11,328.8,295.9,361.7,moving_average
SKU-1027,WH-004,2024-08-12,328.8,295.9,361.7,moving_average
SKU-1027,WH-004,2024-08-13,328.8,295.9,361.7,moving_average
SKU-1027,WH-004,2024-08-14,328.8,295.9,361.7,moving_average
SKU-1027,WH-004,2024-08-15,328.8,295.9,361.7,moving_average
SKU-1027,WH-004,2024-08-16,328.8,295.9,361.7,moving_average
SKU-1027,WH-004,2024-08-17,328.8,295.9,361.7,moving_average
SKU-1027,WH-004,2024-08-18,328.8,295.9,361.7,moving_average
SKU-1027,WH-004,2024-08-19,328.8,295.9,361.7,moving_average
SKU-1027,WH-004,2024-08-20,328.8,295.9,361.7,moving_average
SKU-1027,WH-004,2024-08-21,328.8,295.9,361.7,moving_average
SKU-1027,WH-004,2024-08-22,328.8,295.9,361.7,moving_average
SKU-1027,WH-004,2024-08-23,328.8,295.9,361.7,moving_average
SKU-1027,WH-004,2024-08-24,328.8,295.9,361.7,moving_average
SKU-1027,WH-004,2024-08-25,328.8,295.9,361.7,moving_average
SKU-1027,WH-004,2024-08-26,328.8,295.9,361.7,moving_average
SKU-1027,WH-004,2024-08-27,328.8,295.9,361.7,moving_average
SKU-1027,WH-004,2024-08-28,328.8,295.9,361.7,moving_average
SKU-1027,WH-004,2024-08-29,328.8,295.9,361.7,moving_average
SKU-1027,WH-004,2024-08-30,328.8,295.9,361.7,moving_average
SKU-1027,WH-004,2024-08-31,328.8,295.9,361.7,moving_average
SKU-1027,WH-004,2024-09-01,328.8,295.9,361.7,moving_average
SKU-1027,WH-004,2024-09-02,328.8,295.9,361.7,moving_average
SKU-1027,WH-004,2024-09-03,328.8,295.9,361.7,moving_average
SKU-1027,WH-004,2024-09-04,328.8,295.9,361.7,moving_average
SKU-1027,WH-004,2024-09-05,328.8,295.9,361.7,moving_average
SKU-1027,WH-004,2024-09-06,328.8,295.9,361.7,moving_average
SKU-1027,WH-004,2024-09-07,328.8,295.9,361.7,moving_average
SKU-1027,WH-004,2024-09-08,328.8,295.9,361.7,moving_average
SKU-1027,WH-004,2024-09-09,328.8,295.9,361.7,moving_average
SKU-1027,WH-004,2024-09-10,328.8,295.9,361.7,moving_average
SKU-1027,WH-004,2024-09-11,328.8,295.9,361.7,moving_average
SKU-1027,WH-004,2024-09-12,328.8,295.9,361.7,moving_average
SKU-1027,WH-004,2024-09-13,328.8,295.9,361.7,moving_average
SKU-1027,WH-004,2024-09-14,328.8,295.9,361.7,moving_average
SKU-1027,WH-004,2024-09-15,328.8,295.9,361.7,moving_average
SKU-1027,WH-004,2024-09-16,328.8,295.9,361.7,moving_average
SKU-1027,WH-004,2024-09-17,328.8,295.9,361.7,moving_average
SKU-1027,WH-004,2024-09-18,328.8,295.9,361.7,moving_average
SKU-1027,WH-004,2024-09-19,328.8,295.9,361.7,moving_average
SKU-1027,WH-004,2024-09-20,328.8,295.9,361.7,moving_average
SKU-1027,WH-004,2024-09-21,328.8,295.9,361.7,moving_average
SKU-1027,WH-004,2024-09-22,328.8,295.9,361.7,moving_average
SKU-1027,WH-004,2024-09-23,328.8,295.9,361.7,moving_average
SKU-1027,WH-004,2024-09-24,328.8,295.9,361.7,moving_average
SKU-1027,WH-004,2024-09-25,328.8,295.9,361.7,moving_average
SKU-1027,WH-004,2024-09-26,328.8,295.9,361.7,moving_average
SKU-1027,WH-005,2024-06-29,298.6,268.7,328.4,moving_average
SKU-1027,WH-005,2024-06-30,298.6,268.7,328.4,moving_average
SKU-1027,WH-005,2024-07-01,298.6,268.7,328.4,moving_average
SKU-1027,WH-005,2024-07-02,298.6,268.7,328.4,moving_average
SKU-1027,WH-005,2024-07-03,298.6,268.7,328.4,moving_average
SKU-1027,WH-005,2024-07-04,298.6,268.7,328.4,moving_average
SKU-1027,WH-005,2024-07-05,298.6,268.7,328.4,moving_average
SKU-1027,WH-005,2024-07-06,298.6,268.7,328.4,moving_average
SKU-1027,WH-005,2024-07-07,298.6,268.7,328.4,moving_average
SKU-1027,WH-005,2024-07-08,298.6,268.7,328.4,moving_average
SKU-1027,WH-005,2024-07-09,298.6,268.7,328.4,moving_average
SKU-1027,WH-005,2024-07-10,298.6,268.7,328.4,moving_average
SKU-1027,WH-005,2024-07-11,298.6,268.7,328.4,moving_average
SKU-1027,WH-005,2024-07-12,298.6,268.7,328.4,moving_average
SKU-1027,WH-005,2024-07-13,298.6,268.7,328.4,moving_average
SKU-1027,WH-005,2024-07-14,298.6,268.7,328.4,moving_average
SKU-1027,WH-005,2024-07-15,298.6,268.7,328.4,moving_average
SKU-1027,WH-005,2024-07-16,298.6,268.7,328.4,moving_average
SKU-1027,WH-005,2024-07-17,298.6,268.7,328.4,moving_average
SKU-1027,WH-005,2024-07-18,298.6,268.7,328.4,moving_average
SKU-1027,WH-005,2024-07-19,298.6,268.7,328.4,moving_average
SKU-1027,WH-005,2024-07-20,298.6,268.7,328.4,moving_average
SKU-1027,WH-005,2024-07-21,298.6,268.7,328.4,moving_average
SKU-1027,WH-005,2024-07-22,298.6,268.7,328.4,moving_average
SKU-1027,WH-005,2024-07-23,298.6,268.7,328.4,moving_average
SKU-1027,WH-005,2024-07-24,298.6,268.7,328.4,moving_average
SKU-1027,WH-005,2024-07-25,298.6,268.7,328.4,moving_average
SKU-1027,WH-005,2024-07-26,298.6,268.7,328.4,moving_average
SKU-1027,WH-005,2024-07-27,298.6,268.7,328.4,moving_average
SKU-1027,WH-005,2024-07-28,298.6,268.7,328.4,moving_average
SKU-1027,WH-005,2024-07-29,298.6,268.7,328.4,moving_average
SKU-1027,WH-005,2024-07-30,298.6,268.7,328.4,moving_average
SKU-1027,WH-005,2024-07-31,298.6,268.7,328.4,moving_average
SKU-1027,WH-005,2024-08-01,298.6,268.7,328.4,moving_average
SKU-1027,WH-005,2024-08-02,298.6,268.7,328.4,moving_average
SKU-1027,WH-005,2024-08-03,298.6,268.7,328.4,moving_average
SKU-1027,WH-005,2024-08-04,298.6,268.7,328.4,moving_average
SKU-1027,WH-005,2024-08-05,298.6,268.7,328.4,moving_average
SKU-1027,WH-005,2024-08-06,298.6,268.7,328.4,moving_average
SKU-1027,WH-005,2024-08-07,298.6,268.7,328.4,moving_average
SKU-1027,WH-005,2024-08-08,298.6,268.7,328.4,moving_average
SKU-1027,WH-005,2024-08-09,298.6,268.7,328.4,moving_average
SKU-1027,WH-005,2024-08-10,298.6,268.7,328.4,moving_average
SKU-1027,WH-005,2024-08-11,298.6,268.7,328.4,moving_average
SKU-1027,WH-005,2024-08-12,298.6,268.7,328.4,moving_average
SKU-1027,WH-005,2024-08-13,298.6,268.7,328.4,moving_average
SKU-1027,WH-005,2024-08-14,298.6,268.7,328.4,moving_average
SKU-1027,WH-005,2024-08-15,298.6,268.7,328.4,moving_average
SKU-1027,WH-005,2024-08-16,298.6,268.7,328.4,moving_average
SKU-1027,WH-005,2024-08-17,298.6,268.7,328.4,moving_average
SKU-1027,WH-005,2024-08-18,298.6,268.7,328.4,moving_average
SKU-1027,WH-005,2024-08-19,298.6,268.7,328.4,moving_average
SKU-1027,WH-005,2024-08-20,298.6,268.7,328.4,moving_average
SKU-1027,WH-005,2024-08-21,298.6,268.7,328.4,moving_average
SKU-1027,WH-005,2024-08-22,298.6,268.7,328.4,moving_average
SKU-1027,WH-005,2024-08-23,298.6,268.7,328.4,moving_average
SKU-1027,WH-005,2024-08-24,298.6,268.7,328.4,moving_average
SKU-1027,WH-005,2024-08-25,298.6,268.7,328.4,moving_average
SKU-1027,WH-005,2024-08-26,298.6,268.7,328.4,moving_average
SKU-1027,WH-005,2024-08-27,298.6,268.7,328.4,moving_average
SKU-1027,WH-005,2024-08-28,298.6,268.7,328.4,moving_average
SKU-1027,WH-005,2024-08-29,298.6,268.7,328.4,moving_average
SKU-1027,WH-005,2024-08-30,298.6,268.7,328.4,moving_average
SKU-1027,WH-005,2024-08-31,298.6,268.7,328.4,moving_average
SKU-1027,WH-005,2024-09-01,298.6,268.7,328.4,moving_average
SKU-1027,WH-005,2024-09-02,298.6,268.7,328.4,moving_average
SKU-1027,WH-005,2024-09-03,298.6,268.7,328.4,moving_average
SKU-1027,WH-005,2024-09-04,298.6,268.7,328.4,moving_average
SKU-1027,WH-005,2024-09-05,298.6,268.7,328.4,moving_average
SKU-1027,WH-005,2024-09-06,298.6,268.7,328.4,moving_average
SKU-1027,WH-005,2024-09-07,298.6,268.7,328.4,moving_average
SKU-1027,WH-005,2024-09-08,298.6,268.7,328.4,moving_average
SKU-1027,WH-005,2024-09-09,298.6,268.7,328.4,moving_average
SKU-1027,WH-005,2024-09-10,298.6,268.7,328.4,moving_average
SKU-1027,WH-005,2024-09-11,298.6,268.7,328.4,moving_average
SKU-1027,WH-005,2024-09-12,298.6,268.7,328.4,moving_average
SKU-1027,WH-005,2024-09-13,298.6,268.7,328.4,moving_average
SKU-1027,WH-005,2024-09-14,298.6,268.7,328.4,moving_average
SKU-1027,WH-005,2024-09-15,298.6,268.7,328.4,moving_average
SKU-1027,WH-005,2024-09-16,298.6,268.7,328.4,moving_average
SKU-1027,WH-005,2024-09-17,298.6,268.7,328.4,moving_average
SKU-1027,WH-005,2024-09-18,298.6,268.7,328.4,moving_average
SKU-1027,WH-005,2024-09-19,298.6,268.7,328.4,moving_average
SKU-1027,WH-005,2024-09-20,298.6,268.7,328.4,moving_average
SKU-1027,WH-005,2024-09-21,298.6,268.7,328.4,moving_average
SKU-1027,WH-005,2024-09-22,298.6,268.7,328.4,moving_average
SKU-1027,WH-005,2024-09-23,298.6,268.7,328.4,moving_average
SKU-1027,WH-005,2024-09-24,298.6,268.7,328.4,moving_average
SKU-1027,WH-005,2024-09-25,298.6,268.7,328.4,moving_average
SKU-1027,WH-005,2024-09-26,298.6,268.7,328.4,moving_average
SKU-1027,WH-006,2024-06-29,211.6,179.9,243.3,exponential_smoothing
SKU-1027,WH-006,2024-06-30,257.1,218.5,295.6,exponential_smoothing
SKU-1027,WH-006,2024-07-01,261.4,222.2,300.7,exponential_smoothing
SKU-1027,WH-006,2024-07-02,257.3,218.7,295.9,exponential_smoothing
SKU-1027,WH-006,2024-07-03,273.0,232.1,314.0,exponential_smoothing
SKU-1027,WH-006,2024-07-04,269.6,229.1,310.0,exponential_smoothing
SKU-1027,WH-006,2024-07-05,261.8,222.5,301.0,exponential_smoothing
SKU-1027,WH-006,2024-07-06,207.1,176.0,238.1,exponential_smoothing
SKU-1027,WH-006,2024-07-07,252.5,214.6,290.4,exponential_smoothing
SKU-1027,WH-006,2024-07-08,256.9,218.4,295.4,exponential_smoothing
SKU-1027,WH-006,2024-07-09,252.8,214.8,290.7,exponential_smoothing
SKU-1027,WH-006,2024-07-10,268.5,228.2,308.8,exponential_smoothing
SKU-1027,WH-006,2024-07-11,265.0,225.3,304.8,exponential_smoothing
SKU-1027,WH-006,2024-07-12,257.2,218.6,295.8,exponential_smoothing
SKU-1027,WH-006,2024-07-13,202.5,172.1,232.9,exponential_smoothing
SKU-1027,WH-006,2024-07-14,248.0,210.8,285.2,exponential_smoothing
SKU-1027,WH-006,2024-07-15,252.4,214.5,290.2,exponential_smoothing
SKU-1027,WH-006,2024-07-16,248.2,211.0,285.4,exponential_smoothing
SKU-1027,WH-006,2024-07-17,263.9,224.4,303.5,exponential_smoothing
SKU-1027,WH-006,2024-07-18,260.5,221.4,299.6,exponential_smoothing
SKU-1027,WH-006,2024-07-19,252.7,214.8,290.6,exponential_smoothing
SKU-1027,WH-006,2024-07-20,198.0,168.3,227.7,exponential_smoothing
SKU-1027,WH-006,2024-07-21,243.4,206.9,279.9,exponential_smoothing
SKU-1027,WH-006,2024-07-22,247.8,210.6,285.0,exponential_smoothing
SKU-1027,WH-006,2024-07-23,243.7,207.1,280.2,exponential_smoothing
SKU-1027,WH-006,2024-07-24,259.4,220.5,298.3,exponential_smoothing
SKU-1027,WH-006,2024-07-25,256.0,217.6,294.3,exponential_smoothing
SKU-1027,WH-006,2024-07-26,248.1,210.9,285.4,exponential_smoothing
SKU-1027,WH-006,2024-07-27,193.4,164.4,222.4,exponential_smoothing
SKU-1027,WH-006,2024-07-28,238.9,203.0,274.7,exponential_smoothing
SKU-1027,WH-006,2024-07-29,243.3,206.8,279.8,exponential_smoothing
SKU-1027,WH-006,2024-07-30,239.1,203.3,275.0,exponential_smoothing
SKU-1027,WH-006,2024-07-31,254.9,216.6,293.1,exponential_smoothing
SKU-1027,WH-006,2024-08-01,251.4,213.7,289.1,exponential_smoothing
SKU-1027,WH-006,2024-08-02,243.6,207.1,280.1,exponential_smoothing
SKU-1027,WH-006,2024-08-03,188.9,160.5,217.2,exponential_smoothing
SKU-1027,WH-006,2024-08-04,234.3,199.2,269.5,exponential_smoothing
SKU-1027,WH-006,2024-08-05,238.7,202.9,274.5,exponential_smoothing
SKU-1027,WH-006,2024-08-06,234.6,199.4,269.8,exponential_smoothing
SKU-1027,WH-006,2024-08-07,250.3,212.8,287.9,exponential_smoothing
SKU-1027,WH-006,2024-08-08,246.9,209.8,283.9,exponential_smoothing
SKU-1027,WH-006,2024-08-09,239.0,203.2,274.9,exponential_smoothing
SKU-1027,WH-006,2024-08-10,184.3,156.7,212.0,exponential_smoothing
SKU-1027,WH-006,2024-08-11,229.8,195.3,264.3,exponential_smoothing
SKU-1027,WH-006,2024-08-12,234.2,199.1,269.3,exponential_smoothing
SKU-1027,WH-006,2024-08-13,230.0,195.5,264.5,exponential_smoothing
SKU-1027,WH-006,2024-08-14,245.8,208.9,282.6,exponential_smoothing
SKU-1027,WH-006,2024-08-15,242.3,206.0,278.7,exponential_smoothing
SKU-1027,WH-006,2024-08-16,234.5,199.3,269.7,exponential_smoothing
SKU-1027,WH-006,2024-08-17,179.8,152.8,206.8,exponential_smoothing
SKU-1027,WH-006,2024-08-18,225.2,191.5,259.0,exponential_smoothing
SKU-1027,WH-006,2024-08-19,229.6,195.2,264.1,exponential_smoothing
SKU-1027,WH-006,2024-08-20,225.5,191.7,259.3,exponential_smoothing
SKU-1027,WH-006,2024-08-21,241.2,205.0,277.4,exponential_smoothing
SKU-1027,WH-006,2024-08-22,237.8,202.1,273.4,exponential_smoothing
SKU-1027,WH-006,2024-08-23,230.0,195.5,264.4,exponential_smoothing
SKU-1027,WH-006,2024-08-24,175.2,149.0,201.5,exponential_smoothing
SKU-1027,WH-006,2024-08-25,220.7,187.6,253.8,exponential_smoothing
SKU-1027,WH-006,2024-08-26,225.1,191.3,258.9,exponential_smoothing
SKU-1027,WH-006,2024-08-27,220.9,187.8,254.1,exponential_smoothing
SKU-1027,WH-006,2024-08-28,236.7,201.2,272.2,exponential_smoothing
SKU-1027,WH-006,2024-08-29,233.2,198.2,268.2,exponential_smoothing
SKU-1027,WH-006,2024-08-30,225.4,191.6,259.2,exponential_smoothing
SKU-1027,WH-006,2024-08-31,170.7,145.1,196.3,exponential_smoothing
SKU-1027,WH-006,2024-09-01,216.2,183.7,248.6,exponential_smoothing
SKU-1027,WH-006,2024-09-02,220.5,187.5,253.6,exponential_smoothing
SKU-1027,WH-006,2024-09-03,216.4,183.9,248.9,exponential_smoothing
SKU-1027,WH-006,2024-09-04,232.1,197.3,266.9,exponential_smoothing
SKU-1027,WH-006,2024-09-05,228.7,194.4,263.0,exponential_smoothing
SKU-1027,WH-006,2024-09-06,220.9,187.7,254.0,exponential_smoothing
SKU-1027,WH-006,2024-09-07,166.1,141.2,191.1,exponential_smoothing
SKU-1027,WH-006,2024-09-08,211.6,179.9,243.3,exponential_smoothing
SKU-1027,WH-006,2024-09-09,216.0,183.6,248.4,exponential_smoothing
SKU-1027,WH-006,2024-09-10,211.9,180.1,243.6,exponential_smoothing
SKU-1027,WH-006,2024-09-11,227.6,193.4,261.7,exponential_smoothing
SKU-1027,WH-006,2024-09-12,224.1,190.5,257.8,exponential_smoothing
SKU-1027,WH-006,2024-09-13,216.3,183.9,248.8,exponential_smoothing
SKU-1027,WH-006,2024-09-14,161.6,137.4,185.8,exponential_smoothing
SKU-1027,WH-006,2024-09-15,207.1,176.0,238.1,exponential_smoothing
SKU-1027,WH-006,2024-09-16,211.5,179.7,243.2,exponential_smoothing
SKU-1027,WH-006,2024-09-17,207.3,176.2,238.4,exponential_smoothing
SKU-1027,WH-006,2024-09-18,223.0,189.6,256.5,exponential_smoothing
SKU-1027,WH-006,2024-09-19,219.6,186.7,252.5,exponential_smoothing
SKU-1027,WH-006,2024-09-20,211.8,180.0,243.5,exponential_smoothing
SKU-1027,WH-006,2024-09-21,157.1,133.5,180.6,exponential_smoothing
SKU-1027,WH-006,2024-09-22,202.5,172.1,232.9,exponential_smoothing
SKU-1027,WH-006,2024-09-23,206.9,175.9,237.9,exponential_smoothing
SKU-1027,WH-006,2024-09-24,202.8,172.4,233.2,exponential_smoothing
SKU-1027,WH-006,2024-09-25,218.5,185.7,251.3,exponential_smoothing
SKU-1027,WH-006,2024-09-26,215.1,182.8,247.3,exponential_smoothing
SKU-1027,WH-007,2024-06-29,236.6,201.1,272.1,exponential_smoothing
SKU-1027,WH-007,2024-06-30,312.6,265.7,359.5,exponential_smoothing
SKU-1027,WH-007,2024-07-01,309.1,262.7,355.5,exponential_smoothing
SKU-1027,WH-007,2024-07-02,330.1,280.6,379.6,exponential_smoothing
SKU-1027,WH-007,2024-07-03,276.7,235.2,318.2,exponential_smoothing
SKU-1027,WH-007,2024-07-04,313.9,266.8,361.0,exponential_smoothing
SKU-1027,WH-007,2024-07-05,283.9,241.3,326.4,exponential_smoothing
SKU-1027,WH-007,2024-07-06,235.0,199.7,270.2,exponential_smoothing
SKU-1027,WH-007,2024-07-07,310.9,264.3,357.5,exponential_smoothing
SKU-1027,WH-007,2024-07-08,307.5,261.3,353.6,exponential_smoothing
SKU-1027,WH-007,2024-07-09,328.4,279.1,377.7,exponential_smoothing
SKU-1027,WH-007,2024-07-10,275.0,233.8,316.3,exponential_smoothing
SKU-1027,WH-007,2024-07-11,312.3,265.4,359.1,exponential_smoothing
SKU-1027,WH-007,2024-07-12,282.2,239.9,324.5,exponential_smoothing
SKU-1027,WH-007,2024-07-13,348.8,296.5,401.1,exponential_smoothing
SKU-1027,WH-007,2024-07-14,462.3,393.0,531.7,exponential_smoothing
SKU-1027,WH-007,2024-07-15,457.2,388.6,525.7,exponential_smoothing
SKU-1027,WH-007,2024-07-16,488.5,415.2,561.8,exponential_smoothing
SKU-1027,WH-007,2024-07-17,408.7,347.4,470.0,exponential_smoothing
SKU-1027,WH-007,2024-07-18,464.3,394.7,534.0,exponential_smoothing
SKU-1027,WH-007,2024-07-19,419.4,356.5,482.3,exponential_smoothing
SKU-1027,WH-007,2024-07-20,346.3,294.4,398.3,exponential_smoothing
SKU-1027,WH-007,2024-07-21,459.8,390.9,528.8,exponential_smoothing
SKU-1027,WH-007,2024-07-22,304.1,258.5,349.8,exponential_smoothing
SKU-1027,WH-007,2024-07-23,325.1,276.3,373.9,exponential_smoothing
SKU-1027,WH-007,2024-07-24,271.7,230.9,312.4,exponential_smoothing
SKU-1027,WH-007,2024-07-25,308.9,262.6,355.3,exponential_smoothing
SKU-1027,WH-007,2024-07-26,278.9,237.0,320.7,exponential_smoothing
SKU-1027,WH-007,2024-07-27,230.0,195.5,264.5,exponential_smoothing
SKU-1027,WH-007,2024-07-28,305.9,260.0,351.8,exponential_smoothing
SKU-1027,WH-007,2024-07-29,302.5,257.1,347.9,exponential_smoothing
SKU-1027,WH-007,2024-07-30,323.4,274.9,371.9,exponential_smoothing
SKU-1027,WH-007,2024-07-31,270.0,229.5,310.5,exponential_smoothing
SKU-1027,WH-007,2024-08-01,307.3,261.2,353.4,exponential_smoothing
SKU-1027,WH-007,2024-08-02,277.2,235.6,318.8,exponential_smoothing
SKU-1027,WH-007,2024-08-03,228.3,194.1,262.6,exponential_smoothing
SKU-1027,WH-007,2024-08-04,304.3,258.6,349.9,exponential_smoothing
SKU-1027,WH-007,2024-08-05,300.8,255.7,345.9,exponential_smoothing
SKU-1027,WH-007,2024-08-06,321.8,273.5,370.0,exponential_smoothing
SKU-1027,WH-007,2024-08-07,268.4,228.1,308.6,exponential_smoothing
SKU-1027,WH-007,2024-08-08,305.6,259.8,351.5,exponential_smoothing
SKU-1027,WH-007,2024-08-09,275.6,234.2,316.9,exponential_smoothing
SKU-1027,WH-007,2024-08-10,226.7,192.7,260.7,exponential_smoothing
SKU-1027,WH-007,2024-08-11,302.6,257.2,348.0,exponential_smoothing
SKU-1027,WH-007,2024-08-12,299.2,254.3,344.0,exponential_smoothing
SKU-1027,WH-007,2024-08-13,320.1,272.1,368.1,exponential_smoothing
SKU-1027,WH-007,2024-08-14,266.7,226.7,306.7,exponential_smoothing
SKU-1027,WH-007,2024-08-15,304.0,258.4,349.6,exponential_smoothing
SKU-1027,WH-007,2024-08-16,273.9,232.8,315.0,exponential_smoothing
SKU-1027,WH-007,2024-08-17,225.0,191.3,258.8,exponential_smoothing
SKU-1027,WH-007,2024-08-18,301.0,255.8,346.1,exponential_smoothing
SKU-1027,WH-007,2024-08-19,297.5,252.9,342.1,exponential_smoothing
SKU-1027,WH-007,2024-08-20,318.4,270.7,366.2,exponential_smoothing
SKU-1027,WH-007,2024-08-21,265.1,225.3,304.8,exponential_smoothing
SKU-1027,WH-007,2024-08-22,302.3,257.0,347.6,exponential_smoothing
SKU-1027,WH-007,2024-08-23,272.2,231.4,313.1,exponential_smoothing
SKU-1027,WH-007,2024-08-24,223.4,189.9,256.9,exponential_smoothing
SKU-1027,WH-007,2024-08-25,299.3,254.4,344.2,exponential_smoothing
SKU-1027,WH-007,2024-08-26,295.8,251.5,340.2,exponential_smoothing
SKU-1027,WH-007,2024-08-27,316.8,269.3,364.3,exponential_smoothing
SKU-1027,WH-007,2024-08-28,263.4,223.9,302.9,exponential_smoothing
SKU-1027,WH-007,2024-08-29,300.6,255.5,345.7,exponential_smoothing
SKU-1027,WH-007,2024-08-30,270.6,230.0,311.2,exponential_smoothing
SKU-1027,WH-007,2024-08-31,221.7,188.4,255.0,exponential_smoothing
SKU-1027,WH-007,2024-09-01,297.6,253.0,342.3,exponential_smoothing
SKU-1027,WH-007,2024-09-02,294.2,250.1,338.3,exponential_smoothing
SKU-1027,WH-007,2024-09-03,315.1,267.9,362.4,exponential_smoothing
SKU-1027,WH-007,2024-09-04,261.7,222.5,301.0,exponential_smoothing
SKU-1027,WH-007,2024-09-05,299.0,254.1,343.8,exponential_smoothing
SKU-1027,WH-007,2024-09-06,268.9,228.6,309.3,exponential_smoothing
SKU-1027,WH-007,2024-09-07,220.0,187.0,253.0,exponential_smoothing
SKU-1027,WH-007,2024-09-08,296.0,251.6,340.4,exponential_smoothing
SKU-1027,WH-007,2024-09-09,292.5,248.6,336.4,exponential_smoothing
SKU-1027,WH-007,2024-09-10,313.5,266.5,360.5,exponential_smoothing
SKU-1027,WH-007,2024-09-11,260.1,221.1,299.1,exponential_smoothing
SKU-1027,WH-007,2024-09-12,297.3,252.7,341.9,exponential_smoothing
SKU-1027,WH-007,2024-09-13,267.3,227.2,307.3,exponential_smoothing
SKU-1027,WH-007,2024-09-14,218.4,185.6,251.1,exponential_smoothing
SKU-1027,WH-007,2024-09-15,294.3,250.2,338.5,exponential_smoothing
SKU-1027,WH-007,2024-09-16,290.9,247.2,334.5,exponential_smoothing
SKU-1027,WH-007,2024-09-17,311.8,265.0,358.6,exponential_smoothing
SKU-1027,WH-007,2024-09-18,258.4,219.7,297.2,exponential_smoothing
SKU-1027,WH-007,2024-09-19,295.7,251.3,340.0,exponential_smoothing
SKU-1027,WH-007,2024-09-20,265.6,225.8,305.4,exponential_smoothing
SKU-1027,WH-007,2024-09-21,216.7,184.2,249.2,exponential_smoothing
SKU-1027,WH-007,2024-09-22,292.7,248.8,336.6,exponential_smoothing
SKU-1027,WH-007,2024-09-23,289.2,245.8,332.6,exponential_smoothing
SKU-1027,WH-007,2024-09-24,310.2,263.6,356.7,exponential_smoothing
SKU-1027,WH-007,2024-09-25,256.8,218.2,295.3,exponential_smoothing
SKU-1027,WH-007,2024-09-26,294.0,249.9,338.1,exponential_smoothing
SKU-1028,WH-001,2024-06-29,169.5,144.1,194.9,exponential_smoothing
SKU-1028,WH-001,2024-06-30,181.0,153.8,208.1,exponential_smoothing
SKU-1028,WH-001,2024-07-01,228.3,194.1,262.6,exponential_smoothing
SKU-1028,WH-001,2024-07-02,202.4,172.0,232.7,exponential_smoothing
SKU-1028,WH-001,2024-07-03,231.8,197.0,266.6,exponential_smoothing
SKU-1028,WH-001,2024-07-04,194.6,165.4,223.7,exponential_smoothing
SKU-1028,WH-001,2024-07-05,224.5,190.8,258.2,exponential_smoothing
SKU-1028,WH-001,2024-07-06,162.5,138.1,186.8,exponential_smoothing
SKU-1028,WH-001,2024-07-07,174.0,147.9,200.1,exponential_smoothing
SKU-1028,WH-001,2024-07-08,221.3,188.1,254.5,exponential_smoothing
SKU-1028,WH-001,2024-07-09,195.3,166.0,224.6,exponential_smoothing
SKU-1028,WH-001,2024-07-10,224.8,191.1,258.5,exponential_smoothing
SKU-1028,WH-001,2024-07-11,187.5,159.4,215.7,exponential_smoothing
SKU-1028,WH-001,2024-07-12,217.5,184.9,250.1,exponential_smoothing
SKU-1028,WH-001,2024-07-13,155.4,132.1,178.8,exponential_smoothing
SKU-1028,WH-001,2024-07-14,166.9,141.9,192.0,exponential_smoothing
SKU-1028,WH-001,2024-07-15,214.3,182.1,246.4,exponential_smoothing
SKU-1028,WH-001,2024-07-16,188.3,160.1,216.6,exponential_smoothing
SKU-1028,WH-001,2024-07-17,217.7,185.1,250.4,exponential_smoothing
SKU-1028,WH-001,2024-07-18,180.5,153.4,207.6,exponential_smoothing
SKU-1028,WH-001,2024-07-19,210.5,178.9,242.0,exponential_smoothing
SKU-1028,WH-001,2024-07-20,148.4,126.2,170.7,exponential_smoothing
SKU-1028,WH-001,2024-07-21,159.9,135.9,183.9,exponential_smoothing
SKU-1028,WH-001,2024-07-22,207.2,176.2,238.3,exponential_smoothing
SKU-1028,WH-001,2024-07-23,181.3,154.1,208.5,exponential_smoothing
SKU-1028,WH-001,2024-07-24,210.7,179.1,242.3,exponential_smoothing
SKU-1028,WH-001,2024-07-25,173.5,147.5,199.5,exponential_smoothing
SKU-1028,WH-001,2024-07-26,203.4,172.9,234.0,exponential_smoothing
SKU-1028,WH-001,2024-07-27,141.4,120.2,162.6,exponential_smoothing
SKU-1028,WH-001,2024-07-28,152.9,130.0,175.8,exponential_smoothing
SKU-1028,WH-001,2024-07-29,200.2,170.2,230.2,exponential_smoothing
SKU-1028,WH-001,2024-07-30,174.3,148.1,200.4,exponential_smoothing
SKU-1028,WH-001,2024-07-31,203.7,173.1,234.2,exponential_smoothing
SKU-1028,WH-001,2024-08-01,166.5,141.5,191.4,exponential_smoothing
SKU-1028,WH-001,2024-08-02,196.4,167.0,225.9,exponential_smoothing
SKU-1028,WH-001,2024-08-03,134.4,114.2,154.5,exponential_smoothing
SKU-1028,WH-001,2024-08-04,145.9,124.0,167.7,exponential_smoothing
SKU-1028,WH-001,2024-08-05,193.2,164.2,222.2,exponential_smoothing
SKU-1028,WH-001,2024-08-06,167.2,142.2,192.3,exponential_smoothing
SKU-1028,WH-001,2024-08-07,196.7,167.2,226.2,exponential_smoothing
SKU-1028,WH-001,2024-08-08,159.4,135.5,183.3,exponential_smoothing
SKU-1028,WH-001,2024-08-09,189.4,161.0,217.8,exponential_smoothing
SKU-1028,WH-001,2024-08-10,127.3,108.2,146.4,exponential_smoothing
SKU-1028,WH-001,2024-08-11,138.8,118.0,159.7,exponential_smoothing
SKU-1028,WH-001,2024-08-12,186.2,158.2,214.1,exponential_smoothing
SKU-1028,WH-001,2024-08-13,160.2,136.2,184.2,exponential_smoothing
SKU-1028,WH-001,2024-08-14,189.6,161.2,218.1,exponential_smoothing
SKU-1028,WH-001,2024-08-15,152.4,129.5,175.3,exponential_smoothing
SKU-1028,WH-001,2024-08-16,182.4,155.0,209.7,exponential_smoothing
SKU-1028,WH-001,2024-08-17,120.3,102.3,138.4,exponential_smoothing
SKU-1028,WH-001,2024-08-18,131.8,112.0,151.6,exponential_smoothing
SKU-1028,WH-001,2024-08-19,179.1,152.3,206.0,exponential_smoothing
SKU-1028,WH-001,2024-08-20,153.2,130.2,176.2,exponential_smoothing
SKU-1028,WH-001,2024-08-21,182.6,155.2,210.0,exponential_smoothing
SKU-1028,WH-001,2024-08-22,145.4,123.6,167.2,exponential_smoothing
SKU-1028,WH-001,2024-08-23,175.3,149.0,201.6,exponential_smoothing
SKU-1028,WH-001,2024-08-24,113.3,96.3,130.3,exponential_smoothing
SKU-1028,WH-001,2024-08-25,124.8,106.1,143.5,exponential_smoothing
SKU-1028,WH-001,2024-08-26,172.1,146.3,197.9,exponential_smoothing
SKU-1028,WH-001,2024-08-27,146.2,124.2,168.1,exponential_smoothing
SKU-1028,WH-001,2024-08-28,175.6,149.2,201.9,exponential_smoothing
SKU-1028,WH-001,2024-08-29,138.3,117.6,159.1,exponential_smoothing
SKU-1028,WH-001,2024-08-30,168.3,143.1,193.6,exponential_smoothing
SKU-1028,WH-001,2024-08-31,106.3,90.3,122.2,exponential_smoothing
SKU-1028,WH-001,2024-09-01,117.7,100.1,135.4,exponential_smoothing
SKU-1028,WH-001,2024-09-02,165.1,140.3,189.8,exponential_smoothing
SKU-1028,WH-001,2024-09-03,139.1,118.3,160.0,exponential_smoothing
SKU-1028,WH-001,2024-09-04,168.6,143.3,193.8,exponential_smoothing
SKU-1028,WH-001,2024-09-05,131.3,111.6,151.0,exponential_smoothing
SKU-1028,WH-001,2024-09-06,161.3,137.1,185.5,exponential_smoothing
SKU-1028,WH-001,2024-09-07,99.2,84.3,114.1,exponential_smoothing
SKU-1028,WH-001,2024-09-08,110.7,94.1,127.3,exponential_smoothing
SKU-1028,WH-001,2024-09-09,158.1,134.3,181.8,exponential_smoothing
SKU-1028,WH-001,2024-09-10,132.1,112.3,151.9,exponential_smoothing
SKU-1028,WH-001,2024-09-11,161.5,137.3,185.8,exponential_smoothing
SKU-1028,WH-001,2024-09-12,124.3,105.7,142.9,exponential_smoothing
SKU-1028,WH-001,2024-09-13,154.3,131.1,177.4,exponential_smoothing
SKU-1028,WH-001,2024-09-14,92.2,78.4,106.0,exponential_smoothing
SKU-1028,WH-001,2024-09-15,103.7,88.1,119.3,exponential_smoothing
SKU-1028,WH-001,2024-09-16,151.0,128.4,173.7,exponential_smoothing
SKU-1028,WH-001,2024-09-17,125.1,106.3,143.8,exponential_smoothing
SKU-1028,WH-001,2024-09-18,154.5,131.3,177.7,exponential_smoothing
SKU-1028,WH-001,2024-09-19,117.3,99.7,134.9,exponential_smoothing
SKU-1028,WH-001,2024-09-20,147.2,125.1,169.3,exponential_smoothing
SKU-1028,WH-001,2024-09-21,85.2,72.4,98.0,exponential_smoothing
SKU-1028,WH-001,2024-09-22,96.7,82.2,111.2,exponential_smoothing
SKU-1028,WH-001,2024-09-23,144.0,122.4,165.6,exponential_smoothing
SKU-1028,WH-001,2024-09-24,118.1,100.3,135.8,exponential_smoothing
SKU-1028,WH-001,2024-09-25,147.5,125.4,169.6,exponential_smoothing
SKU-1028,WH-001,2024-09-26,110.2,93.7,126.8,exponential_smoothing
SKU-1028,WH-002,2024-06-29,226.6,192.6,260.6,exponential_smoothing
SKU-1028,WH-002,2024-06-30,202.7,172.3,233.1,exponential_smoothing
SKU-1028,WH-002,2024-07-01,293.8,249.8,337.9,exponential_smoothing
SKU-1028,WH-002,2024-07-02,291.6,247.9,335.4,exponential_smoothing
SKU-1028,WH-002,2024-07-03,245.1,208.4,281.9,exponential_smoothing
SKU-1028,WH-002,2024-07-04,234.6,199.4,269.8,exponential_smoothing
SKU-1028,WH-002,2024-07-05,239.6,203.6,275.5,exponential_smoothing
SKU-1028,WH-002,2024-07-06,219.5,186.6,252.4,exponential_smoothing
SKU-1028,WH-002,2024-07-07,195.6,166.3,225.0,exponential_smoothing
SKU-1028,WH-002,2024-07-08,286.7,243.7,329.7,exponential_smoothing
SKU-1028,WH-002,2024-07-09,284.5,241.8,327.2,exponential_smoothing
SKU-1028,WH-002,2024-07-10,238.0,202.3,273.7,exponential_smoothing
SKU-1028,WH-002,2024-07-11,227.5,193.4,261.6,exponential_smoothing
SKU-1028,WH-002,2024-07-12,232.5,197.6,267.3,exponential_smoothing
SKU-1028,WH-002,2024-07-13,212.4,180.5,244.2,exponential_smoothing
SKU-1028,WH-002,2024-07-14,188.5,160.2,216.8,exponential_smoothing
SKU-1028,WH-002,2024-07-15,279.6,237.7,321.6,exponential_smoothing
SKU-1028,WH-002,2024-07-16,277.4,235.8,319.0,exponential_smoothing
SKU-1028,WH-002,2024-07-17,230.9,196.3,265.5,exponential_smoothing
SKU-1028,WH-002,2024-07-18,220.4,187.3,253.4,exponential_smoothing
SKU-1028,WH-002,2024-07-19,225.4,191.6,259.2,exponential_smoothing
SKU-1028,WH-002,2024-07-20,205.3,174.5,236.1,exponential_smoothing
SKU-1028,WH-002,2024-07-21,181.4,154.2,208.6,exponential_smoothing
SKU-1028,WH-002,2024-07-22,272.5,231.6,313.4,exponential_smoothing
SKU-1028,WH-002,2024-07-23,270.3,229.7,310.8,exponential_smoothing
SKU-1028,WH-002,2024-07-24,223.8,190.2,257.4,exponential_smoothing
SKU-1028,WH-002,2024-07-25,213.3,181.3,245.3,exponential_smoothing
SKU-1028,WH-002,2024-07-26,218.2,185.5,251.0,exponential_smoothing
SKU-1028,WH-002,2024-07-27,198.2,168.4,227.9,exponential_smoothing
SKU-1028,WH-002,2024-07-28,174.3,148.1,200.4,exponential_smoothing
SKU-1028,WH-002,2024-07-29,265.4,225.6,305.2,exponential_smoothing
SKU-1028,WH-002,2024-07-30,263.2,223.7,302.7,exponential_smoothing
SKU-1028,WH-002,2024-07-31,216.7,184.2,249.2,exponential_smoothing
SKU-1028,WH-002,2024-08-01,206.2,175.2,237.1,exponential_smoothing
SKU-1028,WH-002,2024-08-02,211.1,179.5,242.8,exponential_smoothing
SKU-1028,WH-002,2024-08-03,191.0,162.4,219.7,exponential_smoothing
SKU-1028,WH-002,2024-08-04,167.2,142.1,192.3,exponential_smoothing
SKU-1028,WH-002,2024-08-05,258.3,219.5,297.0,exponential_smoothing
SKU-1028,WH-002,2024-08-06,256.1,217.7,294.5,exponential_smoothing
SKU-1028,WH-002,2024-08-07,209.6,178.1,241.0,exponential_smoothing
SKU-1028,WH-002,2024-08-08,199.1,169.2,228.9,exponential_smoothing
SKU-1028,WH-002,2024-08-09,204.0,173.4,234.6,exponential_smoothing
SKU-1028,WH-002,2024-08-10,183.9,156.3,211.5,exponential_smoothing
SKU-1028,WH-002,2024-08-11,160.1,136.1,184.1,exponential_smoothing
SKU-1028,WH-002,2024-08-12,251.2,213.5,288.9,exponential_smoothing
SKU-1028,WH-002,2024-08-13,249.0,211.6,286.3,exponential_smoothing
SKU-1028,WH-002,2024-08-14,202.5,172.1,232.8,exponential_smoothing
SKU-1028,WH-002,2024-08-15,191.9,163.2,220.7,exponential_smoothing
SKU-1028,WH-002,2024-08-16,196.9,167.4,226.4,exponential_smoothing
SKU-1028,WH-002,2024-08-17,176.8,150.3,203.3,exponential_smoothing
SKU-1028,WH-002,2024-08-18,153.0,130.0,175.9,exponential_smoothing
SKU-1028,WH-002,2024-08-19,244.1,207.5,280.7,exponential_smoothing
SKU-1028,WH-002,2024-08-20,241.8,205.6,278.1,exponential_smoothing
SKU-1028,WH-002,2024-08-21,195.4,166.1,224.7,exponential_smoothing
SKU-1028,WH-002,2024-08-22,184.8,157.1,212.6,exponential_smoothing
SKU-1028,WH-002,2024-08-23,189.8,161.3,218.3,exponential_smoothing
SKU-1028,WH-002,2024-08-24,169.7,144.3,195.2,exponential_smoothing
SKU-1028,WH-002,2024-08-25,145.9,124.0,167.7,exponential_smoothing
SKU-1028,WH-002,2024-08-26,237.0,201.4,272.5,exponential_smoothing
SKU-1028,WH-002,2024-08-27,234.7,199.5,269.9,exponential_smoothing
SKU-1028,WH-002,2024-08-28,188.2,160.0,216.5,exponential_smoothing
SKU-1028,WH-002,2024-08-29,177.7,151.1,204.4,exponential_smoothing
SKU-1028,WH-002,2024-08-30,182.7,155.3,210.1,exponential_smoothing
SKU-1028,WH-002,2024-08-31,162.6,138.2,187.0,exponential_smoothing
SKU-1028,WH-002,2024-09-01,138.7,117.9,159.6,exponential_smoothing
SKU-1028,WH-002,2024-09-02,229.8,195.4,264.3,exponential_smoothing
SKU-1028,WH-002,2024-09-03,227.6,193.5,261.8,exponential_smoothing
SKU-1028,WH-002,2024-09-04,181.1,154.0,208.3,exponential_smoothing
SKU-1028,WH-002,2024-09-05,170.6,145.0,196.2,exponential_smoothing
SKU-1028,WH-002,2024-09-06,175.6,149.2,201.9,exponential_smoothing
SKU-1028,WH-002,2024-09-07,155.5,132.2,178.8,exponential_smoothing
SKU-1028,WH-002,2024-09-08,131.6,111.9,151.4,exponential_smoothing
SKU-1028,WH-002,2024-09-09,222.7,189.3,256.1,exponential_smoothing
SKU-1028,WH-002,2024-09-10,220.5,187.4,253.6,exponential_smoothing
SKU-1028,WH-002,2024-09-11,174.0,147.9,200.1,exponential_smoothing
SKU-1028,WH-002,2024-09-12,163.5,139.0,188.0,exponential_smoothing
SKU-1028,WH-002,2024-09-13,168.5,143.2,193.7,exponential_smoothing
SKU-1028,WH-002,2024-09-14,204.3,173.7,235.0,exponential_smoothing
SKU-1028,WH-002,2024-09-15,171.5,145.7,197.2,exponential_smoothing
SKU-1028,WH-002,2024-09-16,296.9,252.4,341.5,exponential_smoothing
SKU-1028,WH-002,2024-09-17,293.9,249.8,337.9,exponential_smoothing
SKU-1028,WH-002,2024-09-18,229.8,195.4,264.3,exponential_smoothing
SKU-1028,WH-002,2024-09-19,215.3,183.0,247.6,exponential_smoothing
SKU-1028,WH-002,2024-09-20,222.2,188.9,255.5,exponential_smoothing
SKU-1028,WH-002,2024-09-21,194.5,165.4,223.7,exponential_smoothing
SKU-1028,WH-002,2024-09-22,161.7,137.4,185.9,exponential_smoothing
SKU-1028,WH-002,2024-09-23,287.1,244.1,330.2,exponential_smoothing
SKU-1028,WH-002,2024-09-24,284.1,241.5,326.7,exponential_smoothing
SKU-1028,WH-002,2024-09-25,220.1,187.0,253.1,exponential_smoothing
SKU-1028,WH-002,2024-09-26,205.6,174.7,236.4,exponential_smoothing
SKU-1028,WH-003,2024-06-29,224.2,190.5,257.8,exponential_smoothing
SKU-1028,WH-003,2024-06-30,206.4,175.5,237.4,exponential_smoothing
SKU-1028,WH-003,2024-07-01,286.8,243.8,329.8,exponential_smoothing
SKU-1028,WH-003,2024-07-02,241.9,205.6,278.2,exponential_smoothing
SKU-1028,WH-003,2024-07-03,254.2,216.1,292.4,exponential_smoothing
SKU-1028,WH-003,2024-07-04,230.9,196.2,265.5,exponential_smoothing
SKU-1028,WH-003,2024-07-05,236.6,201.1,272.0,exponential_smoothing
SKU-1028,WH-003,2024-07-06,216.3,183.9,248.8,exponential_smoothing
SKU-1028,WH-003,2024-07-07,198.6,168.8,228.4,exponential_smoothing
SKU-1028,WH-003,2024-07-08,278.9,237.1,320.8,exponential_smoothing
SKU-1028,WH-003,2024-07-09,234.1,199.0,269.2,exponential_smoothing
SKU-1028,WH-003,2024-07-10,246.4,209.4,283.3,exponential_smoothing
SKU-1028,WH-003,2024-07-11,223.0,189.5,256.4,exponential_smoothing
SKU-1028,WH-003,2024-07-12,228.7,194.4,263.0,exponential_smoothing
SKU-1028,WH-003,2024-07-13,208.4,177.2,239.7,exponential_smoothing
SKU-1028,WH-003,2024-07-14,190.7,162.1,219.3,exponential_smoothing
SKU-1028,WH-003,2024-07-15,271.1,230.4,311.7,exponential_smoothing
SKU-1028,WH-003,2024-07-16,226.2,192.3,260.1,exponential_smoothing
SKU-1028,WH-003,2024-07-17,238.5,202.7,274.3,exponential_smoothing
SKU-1028,WH-003,2024-07-18,215.1,182.9,247.4,exponential_smoothing
SKU-1028,WH-003,2024-07-19,220.8,187.7,254.0,exponential_smoothing
SKU-1028,WH-003,2024-07-20,200.6,170.5,230.7,exponential_smoothing
SKU-1028,WH-003,2024-07-21,182.8,155.4,210.3,exponential_smoothing
SKU-1028,WH-003,2024-07-22,263.2,223.7,302.7,exponential_smoothing
SKU-1028,WH-003,2024-07-23,218.3,185.6,251.1,exponential_smoothing
SKU-1028,WH-003,2024-07-24,230.6,196.0,265.2,exponential_smoothing
SKU-1028,WH-003,2024-07-25,207.3,176.2,238.3,exponential_smoothing
SKU-1028,WH-003,2024-07-26,213.0,181.0,244.9,exponential_smoothing
SKU-1028,WH-003,2024-07-27,192.7,163.8,221.6,exponential_smoothing
SKU-1028,WH-003,2024-07-28,175.0,148.7,201.2,exponential_smoothing
SKU-1028,WH-003,2024-07-29,255.3,217.0,293.6,exponential_smoothing
SKU-1028,WH-003,2024-07-30,210.5,178.9,242.0,exponential_smoothing
SKU-1028,WH-003,2024-07-31,222.8,189.4,256.2,exponential_smoothing
SKU-1028,WH-003,2024-08-01,199.4,169.5,229.3,exponential_smoothing
SKU-1028,WH-003,2024-08-02,205.1,174.3,235.9,exponential_smoothing
SKU-1028,WH-003,2024-08-03,184.8,157.1,212.6,exponential_smoothing
SKU-1028,WH-003,2024-08-04,167.1,142.0,192.2,exponential_smoothing
SKU-1028,WH-003,2024-08-05,247.5,210.3,284.6,exponential_smoothing
SKU-1028,WH-003,2024-08-06,202.6,172.2,233.0,exponential_smoothing
SKU-1028,WH-003,2024-08-07,214.9,182.7,247.1,exponential_smoothing
SKU-1028,WH-003,2024-08-08,191.5,162.8,220.3,exponential_smoothing
SKU-1028,WH-003,2024-08-09,197.2,167.7,226.8,exponential_smoothing
SKU-1028,WH-003,2024-08-10,177.0,150.4,203.5,exponential_smoothing
SKU-1028,WH-003,2024-08-11,159.2,135.4,183.1,exponential_smoothing
SKU-1028,WH-003,2024-08-12,239.6,203.7,275.5,exponential_smoothing
SKU-1028,WH-003,2024-08-13,194.7,165.5,223.9,exponential_smoothing
SKU-1028,WH-003,2024-08-14,207.0,176.0,238.1,exponential_smoothing
SKU-1028,WH-003,2024-08-15,183.7,156.1,211.2,exponential_smoothing
SKU-1028,WH-003,2024-08-16,189.4,161.0,217.8,exponential_smoothing
SKU-1028,WH-003,2024-08-17,169.1,143.7,194.5,exponential_smoothing
SKU-1028,WH-003,2024-08-18,206.5,175.5,237.5,exponential_smoothing
SKU-1028,WH-003,2024-08-19,316.1,268.7,363.5,exponential_smoothing
SKU-1028,WH-003,2024-08-20,254.9,216.7,293.1,exponential_smoothing
SKU-1028,WH-003,2024-08-21,271.7,230.9,312.4,exponential_smoothing
SKU-1028,WH-003,2024-08-22,239.8,203.8,275.8,exponential_smoothing
SKU-1028,WH-003,2024-08-23,247.6,210.4,284.7,exponential_smoothing
SKU-1028,WH-003,2024-08-24,219.9,187.0,252.9,exponential_smoothing
SKU-1028,WH-003,2024-08-25,195.8,166.4,225.1,exponential_smoothing
SKU-1028,WH-003,2024-08-26,305.4,259.6,351.2,exponential_smoothing
SKU-1028,WH-003,2024-08-27,244.2,207.5,280.8,exponential_smoothing
SKU-1028,WH-003,2024-08-28,261.0,221.8,300.1,exponential_smoothing
SKU-1028,WH-003,2024-08-29,229.1,194.7,263.4,exponential_smoothing
SKU-1028,WH-003,2024-08-30,236.8,201.3,272.4,exponential_smoothing
SKU-1028,WH-003,2024-08-31,209.2,177.8,240.6,exponential_smoothing
SKU-1028,WH-003,2024-09-01,135.6,115.3,156.0,exponential_smoothing
SKU-1028,WH-003,2024-09-02,216.0,183.6,248.4,exponential_smoothing
SKU-1028,WH-003,2024-09-03,171.1,145.5,196.8,exponential_smoothing
SKU-1028,WH-003,2024-09-04,183.4,155.9,211.0,exponential_smoothing
SKU-1028,WH-003,2024-09-05,160.1,136.1,184.1,exponential_smoothing
SKU-1028,WH-003,2024-09-06,165.8,140.9,190.6,exponential_smoothing
SKU-1028,WH-003,2024-09-07,145.5,123.7,167.3,exponential_smoothing
SKU-1028,WH-003,2024-09-08,127.8,108.6,147.0,exponential_smoothing
SKU-1028,WH-003,2024-09-09,208.1,176.9,239.4,exponential_smoothing
SKU-1028,WH-003,2024-09-10,163.3,138.8,187.8,exponential_smoothing
SKU-1028,WH-003,2024-09-11,175.6,149.2,201.9,exponential_smoothing
SKU-1028,WH-003,2024-09-12,152.2,129.4,175.0,exponential_smoothing
SKU-1028,WH-003,2024-09-13,157.9,134.2,181.6,exponential_smoothing
SKU-1028,WH-003,2024-09-14,137.7,117.0,158.3,exponential_smoothing
SKU-1028,WH-003,2024-09-15,119.9,101.9,137.9,exponential_smoothing
SKU-1028,WH-003,2024-09-16,200.3,170.2,230.3,exponential_smoothing
SKU-1028,WH-003,2024-09-17,155.4,132.1,178.7,exponential_smoothing
SKU-1028,WH-003,2024-09-18,167.7,142.6,192.9,exponential_smoothing
SKU-1028,WH-003,2024-09-19,144.3,122.7,166.0,exponential_smoothing
SKU-1028,WH-003,2024-09-20,150.0,127.5,172.6,exponential_smoothing
SKU-1028,WH-003,2024-09-21,129.8,110.3,149.3,exponential_smoothing
SKU-1028,WH-003,2024-09-22,112.1,95.2,128.9,exponential_smoothing
SKU-1028,WH-003,2024-09-23,192.4,163.6,221.3,exponential_smoothing
SKU-1028,WH-003,2024-09-24,147.5,125.4,169.7,exponential_smoothing
SKU-1028,WH-003,2024-09-25,159.9,135.9,183.8,exponential_smoothing
SKU-1028,WH-003,2024-09-26,136.5,116.0,156.9,exponential_smoothing
SKU-1028,WH-004,2024-06-29,288.5,259.6,317.3,moving_average
SKU-1028,WH-004,2024-06-30,288.5,259.6,317.3,moving_average
SKU-1028,WH-004,2024-07-01,288.5,259.6,317.3,moving_average
SKU-1028,WH-004,2024-07-02,288.5,259.6,317.3,moving_average
SKU-1028,WH-004,2024-07-03,288.5,259.6,317.3,moving_average
SKU-1028,WH-004,2024-07-04,288.5,259.6,317.3,moving_average
SKU-1028,WH-004,2024-07-05,288.5,259.6,317.3,moving_average
SKU-1028,WH-004,2024-07-06,288.5,259.6,317.3,moving_average
SKU-1028,WH-004,2024-07-07,288.5,259.6,317.3,moving_average
SKU-1028,WH-004,2024-07-08,288.5,259.6,317.3,moving_average
SKU-1028,WH-004,2024-07-09,288.5,259.6,317.3,moving_average
SKU-1028,WH-004,2024-07-10,288.5,259.6,317.3,moving_average
SKU-1028,WH-004,2024-07-11,288.5,259.6,317.3,moving_average
SKU-1028,WH-004,2024-07-12,288.5,259.6,317.3,moving_average
SKU-1028,WH-004,2024-07-13,288.5,259.6,317.3,moving_average
SKU-1028,WH-004,2024-07-14,288.5,259.6,317.3,moving_average
SKU-1028,WH-004,2024-07-15,288.5,259.6,317.3,moving_average
SKU-1028,WH-004,2024-07-16,288.5,259.6,317.3,moving_average
SKU-1028,WH-004,2024-07-17,288.5,259.6,317.3,moving_average
SKU-1028,WH-004,2024-07-18,288.5,259.6,317.3,moving_average
SKU-1028,WH-004,2024-07-19,288.5,259.6,317.3,moving_average
SKU-1028,WH-004,2024-07-20,288.5,259.6,317.3,moving_average
SKU-1028,WH-004,2024-07-21,288.5,259.6,317.3,moving_average
SKU-1028,WH-004,2024-07-22,288.5,259.6,317.3,moving_average
SKU-1028,WH-004,2024-07-23,288.5,259.6,317.3,moving_average
SKU-1028,WH-004,2024-07-24,288.5,259.6,317.3,moving_average
SKU-1028,WH-004,2024-07-25,288.5,259.6,317.3,moving_average
SKU-1028,WH-004,2024-07-26,288.5,259.6,317.3,moving_average
SKU-1028,WH-004,2024-07-27,288.5,259.6,317.3,moving_average
SKU-1028,WH-004,2024-07-28,288.5,259.6,317.3,moving_average
SKU-1028,WH-004,2024-07-29,288.5,259.6,317.3,moving_average
SKU-1028,WH-004,2024-07-30,288.5,259.6,317.3,moving_average
SKU-1028,WH-004,2024-07-31,288.5,259.6,317.3,moving_average
SKU-1028,WH-004,2024-08-01,288.5,259.6,317.3,moving_average
SKU-1028,WH-004,2024-08-02,288.5,259.6,317.3,moving_average
SKU-1028,WH-004,2024-08-03,288.5,259.6,317.3,moving_average
SKU-1028,WH-004,2024-08-04,288.5,259.6,317.3,moving_average
SKU-1028,WH-004,2024-08-05,288.5,259.6,317.3,moving_average
SKU-1028,WH-004,2024-08-06,288.5,259.6,317.3,moving_average
SKU-1028,WH-004,2024-08-07,288.5,259.6,317.3,moving_average
SKU-1028,WH-004,2024-08-08,288.5,259.6,317.3,moving_average
SKU-1028,WH-004,2024-08-09,288.5,259.6,317.3,moving_average
SKU-1028,WH-004,2024-08-10,288.5,259.6,317.3,moving_average
SKU-1028,WH-004,2024-08-11,288.5,259.6,317.3,moving_average
SKU-1028,WH-004,2024-08-12,288.5,259.6,317.3,moving_average
SKU-1028,WH-004,2024-08-13,288.5,259.6,317.3,moving_average
SKU-1028,WH-004,2024-08-14,288.5,259.6,317.3,moving_average
SKU-1028,WH-004,2024-08-15,288.5,259.6,317.3,moving_average
SKU-1028,WH-004,2024-08-16,288.5,259.6,317.3,moving_average
SKU-1028,WH-004,2024-08-17,288.5,259.6,317.3,moving_average
SKU-1028,WH-004,2024-08-18,288.5,259.6,317.3,moving_average
SKU-1028,WH-004,2024-08-19,288.5,259.6,317.3,moving_average
SKU-1028,WH-004,2024-08-20,288.5,259.6,317.3,moving_average
SKU-1028,WH-004,2024-08-21,288.5,259.6,317.3,moving_average
SKU-1028,WH-004,2024-08-22,288.5,259.6,317.3,moving_average
SKU-1028,WH-004,2024-08-23,288.5,259.6,317.3,moving_average
SKU-1028,WH-004,2024-08-24,288.5,259.6,317.3,moving_average
SKU-1028,WH-004,2024-08-25,288.5,259.6,317.3,moving_average
SKU-1028,WH-004,2024-08-26,288.5,259.6,317.3,moving_average
SKU-1028,WH-004,2024-08-27,288.5,259.6,317.3,moving_average
SKU-1028,WH-004,2024-08-28,288.5,259.6,317.3,moving_average
SKU-1028,WH-004,2024-08-29,288.5,259.6,317.3,moving_average
SKU-1028,WH-004,2024-08-30,288.5,259.6,317.3,moving_average
SKU-1028,WH-004,2024-08-31,288.5,259.6,317.3,moving_average
SKU-1028,WH-004,2024-09-01,288.5,259.6,317.3,moving_average
SKU-1028,WH-004,2024-09-02,288.5,259.6,317.3,moving_average
SKU-1028,WH-004,2024-09-03,288.5,259.6,317.3,moving_average
SKU-1028,WH-004,2024-09-04,288.5,259.6,317.3,moving_average
SKU-1028,WH-004,2024-09-05,288.5,259.6,317.3,moving_average
SKU-1028,WH-004,2024-09-06,288.5,259.6,317.3,moving_average
SKU-1028,WH-004,2024-09-07,288.5,259.6,317.3,moving_average
SKU-1028,WH-004,2024-09-08,288.5,259.6,317.3,moving_average
SKU-1028,WH-004,2024-09-09,288.5,259.6,317.3,moving_average
SKU-1028,WH-004,2024-09-10,288.5,259.6,317.3,moving_average
SKU-1028,WH-004,2024-09-11,288.5,259.6,317.3,moving_average
SKU-1028,WH-004,2024-09-12,288.5,259.6,317.3,moving_average
SKU-1028,WH-004,2024-09-13,288.5,259.6,317.3,moving_average
SKU-1028,WH-004,2024-09-14,288.5,259.6,317.3,moving_average
SKU-1028,WH-004,2024-09-15,288.5,259.6,317.3,moving_average
SKU-1028,WH-004,2024-09-16,288.5,259.6,317.3,moving_average
SKU-1028,WH-004,2024-09-17,288.5,259.6,317.3,moving_average
SKU-1028,WH-004,2024-09-18,288.5,259.6,317.3,moving_average
SKU-1028,WH-004,2024-09-19,288.5,259.6,317.3,moving_average
SKU-1028,WH-004,2024-09-20,288.5,259.6,317.3,moving_average
SKU-1028,WH-004,2024-09-21,288.5,259.6,317.3,moving_average
SKU-1028,WH-004,2024-09-22,288.5,259.6,317.3,moving_average
SKU-1028,WH-004,2024-09-23,288.5,259.6,317.3,moving_average
SKU-1028,WH-004,2024-09-24,288.5,259.6,317.3,moving_average
SKU-1028,WH-004,2024-09-25,288.5,259.6,317.3,moving_average
SKU-1028,WH-004,2024-09-26,288.5,259.6,317.3,moving_average
SKU-1028,WH-005,2024-06-29,208.7,177.4,240.0,exponential_smoothing
SKU-1028,WH-005,2024-06-30,196.4,166.9,225.8,exponential_smoothing
SKU-1028,WH-005,2024-07-01,224.5,190.8,258.2,exponential_smoothing
SKU-1028,WH-005,2024-07-02,240.0,204.0,276.0,exponential_smoothing
SKU-1028,WH-005,2024-07-03,215.9,183.5,248.3,exponential_smoothing
SKU-1028,WH-005,2024-07-04,263.9,224.3,303.4,exponential_smoothing
SKU-1028,WH-005,2024-07-05,232.3,197.4,267.1,exponential_smoothing
SKU-1028,WH-005,2024-07-06,200.6,170.5,230.7,exponential_smoothing
SKU-1028,WH-005,2024-07-07,188.3,160.0,216.5,exponential_smoothing
SKU-1028,WH-005,2024-07-08,216.4,184.0,248.9,exponential_smoothing
SKU-1028,WH-005,2024-07-09,231.9,197.1,266.7,exponential_smoothing
SKU-1028,WH-005,2024-07-10,207.8,176.6,238.9,exponential_smoothing
SKU-1028,WH-005,2024-07-11,255.8,217.4,294.1,exponential_smoothing
SKU-1028,WH-005,2024-07-12,224.2,190.6,257.8,exponential_smoothing
SKU-1028,WH-005,2024-07-13,192.5,163.7,221.4,exponential_smoothing
SKU-1028,WH-005,2024-07-14,180.2,153.2,207.2,exponential_smoothing
SKU-1028,WH-005,2024-07-15,208.3,177.1,239.6,exponential_smoothing
SKU-1028,WH-005,2024-07-16,223.8,190.2,257.4,exponential_smoothing
SKU-1028,WH-005,2024-07-17,199.7,169.7,229.6,exponential_smoothing
SKU-1028,WH-005,2024-07-18,247.7,210.5,284.8,exponential_smoothing
SKU-1028,WH-005,2024-07-19,216.1,183.7,248.5,exponential_smoothing
SKU-1028,WH-005,2024-07-20,184.5,156.8,212.1,exponential_smoothing
SKU-1028,WH-005,2024-07-21,172.1,146.3,197.9,exponential_smoothing
SKU-1028,WH-005,2024-07-22,200.3,170.2,230.3,exponential_smoothing
SKU-1028,WH-005,2024-07-23,215.7,183.4,248.1,exponential_smoothing
SKU-1028,WH-005,2024-07-24,191.6,162.9,220.3,exponential_smoothing
SKU-1028,WH-005,2024-07-25,239.6,203.7,275.5,exponential_smoothing
SKU-1028,WH-005,2024-07-26,208.0,176.8,239.2,exponential_smoothing
SKU-1028,WH-005,2024-07-27,176.4,149.9,202.8,exponential_smoothing
SKU-1028,WH-005,2024-07-28,164.0,139.4,188.6,exponential_smoothing
SKU-1028,WH-005,2024-07-29,192.2,163.3,221.0,exponential_smoothing
SKU-1028,WH-005,2024-07-30,207.6,176.5,238.8,exponential_smoothing
SKU-1028,WH-005,2024-07-31,183.5,156.0,211.0,exponential_smoothing
SKU-1028,WH-005,2024-08-01,231.5,196.8,266.2,exponential_smoothing
SKU-1028,WH-005,2024-08-02,199.9,169.9,229.9,exponential_smoothing
SKU-1028,WH-005,2024-08-03,168.3,143.0,193.5,exponential_smoothing
SKU-1028,WH-005,2024-08-04,155.9,132.5,179.3,exponential_smoothing
SKU-1028,WH-005,2024-08-05,184.1,156.5,211.7,exponential_smoothing
SKU-1028,WH-005,2024-08-06,199.5,169.6,229.5,exponential_smoothing
SKU-1028,WH-005,2024-08-07,175.4,149.1,201.7,exponential_smoothing
SKU-1028,WH-005,2024-08-08,223.4,189.9,256.9,exponential_smoothing
SKU-1028,WH-005,2024-08-09,191.8,163.1,220.6,exponential_smoothing
SKU-1028,WH-005,2024-08-10,160.2,136.2,184.2,exponential_smoothing
SKU-1028,WH-005,2024-08-11,147.8,125.7,170.0,exponential_smoothing
SKU-1028,WH-005,2024-08-12,176.0,149.6,202.4,exponential_smoothing
SKU-1028,WH-005,2024-08-13,191.4,162.7,220.2,exponential_smoothing
SKU-1028,WH-005,2024-08-14,167.3,142.2,192.4,exponential_smoothing
SKU-1028,WH-005,2024-08-15,215.3,183.0,247.6,exponential_smoothing
SKU-1028,WH-005,2024-08-16,183.8,156.2,211.3,exponential_smoothing
SKU-1028,WH-005,2024-08-17,152.1,129.3,174.9,exponential_smoothing
SKU-1028,WH-005,2024-08-18,139.8,118.8,160.7,exponential_smoothing
SKU-1028,WH-005,2024-08-19,167.9,142.7,193.1,exponential_smoothing
SKU-1028,WH-005,2024-08-20,183.4,155.8,210.9,exponential_smoothing
SKU-1028,WH-005,2024-08-21,159.2,135.4,183.1,exponential_smoothing
SKU-1028,WH-005,2024-08-22,207.2,176.2,238.3,exponential_smoothing
SKU-1028,WH-005,2024-08-23,175.7,149.3,202.0,exponential_smoothing
SKU-1028,WH-005,2024-08-24,144.0,122.4,165.6,exponential_smoothing
SKU-1028,WH-005,2024-08-25,131.7,111.9,151.4,exponential_smoothing
SKU-1028,WH-005,2024-08-26,159.8,135.8,183.8,exponential_smoothing
SKU-1028,WH-005,2024-08-27,175.3,149.0,201.6,exponential_smoothing
SKU-1028,WH-005,2024-08-28,151.2,128.5,173.8,exponential_smoothing
SKU-1028,WH-005,2024-08-29,199.1,169.3,229.0,exponential_smoothing
SKU-1028,WH-005,2024-08-30,167.6,142.4,192.7,exponential_smoothing
SKU-1028,WH-005,2024-08-31,135.9,115.5,156.3,exponential_smoothing
SKU-1028,WH-005,2024-09-01,123.6,105.0,142.1,exponential_smoothing
SKU-1028,WH-005,2024-09-02,151.7,129.0,174.5,exponential_smoothing
SKU-1028,WH-005,2024-09-03,167.2,142.1,192.2,exponential_smoothing
SKU-1028,WH-005,2024-09-04,143.1,121.6,164.5,exponential_smoothing
SKU-1028,WH-005,2024-09-05,191.1,162.4,219.7,exponential_smoothing
SKU-1028,WH-005,2024-09-06,159.5,135.6,183.4,exponential_smoothing
SKU-1028,WH-005,2024-09-07,127.8,108.7,147.0,exponential_smoothing
SKU-1028,WH-005,2024-09-08,115.5,98.2,132.8,exponential_smoothing
SKU-1028,WH-005,2024-09-09,143.6,122.1,165.2,exponential_smoothing
SKU-1028,WH-005,2024-09-10,159.1,135.2,182.9,exponential_smoothing
SKU-1028,WH-005,2024-09-11,135.0,114.7,155.2,exponential_smoothing
SKU-1028,WH-005,2024-09-12,183.0,155.5,210.4,exponential_smoothing
SKU-1028,WH-005,2024-09-13,151.4,128.7,174.1,exponential_smoothing
SKU-1028,WH-005,2024-09-14,119.7,101.8,137.7,exponential_smoothing
SKU-1028,WH-005,2024-09-15,107.4,91.3,123.5,exponential_smoothing
SKU-1028,WH-005,2024-09-16,135.5,115.2,155.9,exponential_smoothing
SKU-1028,WH-005,2024-09-17,151.0,128.3,173.6,exponential_smoothing
SKU-1028,WH-005,2024-09-18,126.9,107.9,145.9,exponential_smoothing
SKU-1028,WH-005,2024-09-19,174.9,148.6,201.1,exponential_smoothing
SKU-1028,WH-005,2024-09-20,143.3,121.8,164.8,exponential_smoothing
SKU-1028,WH-005,2024-09-21,111.7,94.9,128.4,exponential_smoothing
SKU-1028,WH-005,2024-09-22,99.3,84.4,114.2,exponential_smoothing
SKU-1028,WH-005,2024-09-23,127.4,108.3,146.6,exponential_smoothing
SKU-1028,WH-005,2024-09-24,142.9,121.5,164.3,exponential_smoothing
SKU-1028,WH-005,2024-09-25,118.8,101.0,136.6,exponential_smoothing
SKU-1028,WH-005,2024-09-26,166.8,141.8,191.8,exponential_smoothing
SKU-1028,WH-006,2024-06-29,263.6,237.3,290.0,moving_average
SKU-1028,WH-006,2024-06-30,263.6,237.3,290.0,moving_average
SKU-1028,WH-006,2024-07-01,263.6,237.3,290.0,moving_average
SKU-1028,WH-006,2024-07-02,263.6,237.3,290.0,moving_average
SKU-1028,WH-006,2024-07-03,263.6,237.3,290.0,moving_average
SKU-1028,WH-006,2024-07-04,263.6,237.3,290.0,moving_average
SKU-1028,WH-006,2024-07-05,263.6,237.3,290.0,moving_average
SKU-1028,WH-006,2024-07-06,263.6,237.3,290.0,moving_average
SKU-1028,WH-006,2024-07-07,263.6,237.3,290.0,moving_average
SKU-1028,WH-006,2024-07-08,263.6,237.3,290.0,moving_average
SKU-1028,WH-006,2024-07-09,263.6,237.3,290.0,moving_average
SKU-1028,WH-006,2024-07-10,263.6,237.3,290.0,moving_average
SKU-1028,WH-006,2024-07-11,263.6,237.3,290.0,moving_average
SKU-1028,WH-006,2024-07-12,263.6,237.3,290.0,moving_average
SKU-1028,WH-006,2024-07-13,263.6,237.3,290.0,moving_average
SKU-1028,WH-006,2024-07-14,263.6,237.3,290.0,moving_average
SKU-1028,WH-006,2024-07-15,263.6,237.3,290.0,moving_average
SKU-1028,WH-006,2024-07-16,263.6,237.3,290.0,moving_average
SKU-1028,WH-006,2024-07-17,263.6,237.3,290.0,moving_average
SKU-1028,WH-006,2024-07-18,263.6,237.3,290.0,moving_average
SKU-1028,WH-006,2024-07-19,263.6,237.3,290.0,moving_average
SKU-1028,WH-006,2024-07-20,263.6,237.3,290.0,moving_average
SKU-1028,WH-006,2024-07-21,263.6,237.3,290.0,moving_average
SKU-1028,WH-006,2024-07-22,263.6,237.3,290.0,moving_average
SKU-1028,WH-006,2024-07-23,263.6,237.3,290.0,moving_average
SKU-1028,WH-006,2024-07-24,263.6,237.3,290.0,moving_average
SKU-1028,WH-006,2024-07-25,263.6,237.3,290.0,moving_average
SKU-1028,WH-006,2024-07-26,263.6,237.3,290.0,moving_average
SKU-1028,WH-006,2024-07-27,263.6,237.3,290.0,moving_average
SKU-1028,WH-006,2024-07-28,263.6,237.3,290.0,moving_average
SKU-1028,WH-006,2024-07-29,263.6,237.3,290.0,moving_average
SKU-1028,WH-006,2024-07-30,263.6,237.3,290.0,moving_average
SKU-1028,WH-006,2024-07-31,263.6,237.3,290.0,moving_average
SKU-1028,WH-006,2024-08-01,263.6,237.3,290.0,moving_average
SKU-1028,WH-006,2024-08-02,263.6,237.3,290.0,moving_average
SKU-1028,WH-006,2024-08-03,263.6,237.3,290.0,moving_average
SKU-1028,WH-006,2024-08-04,263.6,237.3,290.0,moving_average
SKU-1028,WH-006,2024-08-05,263.6,237.3,290.0,moving_average
SKU-1028,WH-006,2024-08-06,263.6,237.3,290.0,moving_average
SKU-1028,WH-006,2024-08-07,263.6,237.3,290.0,moving_average
SKU-1028,WH-006,2024-08-08,263.6,237.3,290.0,moving_average
SKU-1028,WH-006,2024-08-09,263.6,237.3,290.0,moving_average
SKU-1028,WH-006,2024-08-10,263.6,237.3,290.0,moving_average
SKU-1028,WH-006,2024-08-11,263.6,237.3,290.0,moving_average
SKU-1028,WH-006,2024-08-12,263.6,237.3,290.0,moving_average
SKU-1028,WH-006,2024-08-13,263.6,237.3,290.0,moving_average
SKU-1028,WH-006,2024-08-14,263.6,237.3,290.0,moving_average
SKU-1028,WH-006,2024-08-15,263.6,237.3,290.0,moving_average
SKU-1028,WH-006,2024-08-16,263.6,237.3,290.0,moving_average
SKU-1028,WH-006,2024-08-17,263.6,237.3,290.0,moving_average
SKU-1028,WH-006,2024-08-18,263.6,237.3,290.0,moving_average
SKU-1028,WH-006,2024-08-19,263.6,237.3,290.0,moving_average
SKU-1028,WH-006,2024-08-20,263.6,237.3,290.0,moving_average
SKU-1028,WH-006,2024-08-21,263.6,237.3,290.0,moving_average
SKU-1028,WH-006,2024-08-22,263.6,237.3,290.0,moving_average
SKU-1028,WH-006,2024-08-23,263.6,237.3,290.0,moving_average
SKU-1028,WH-006,2024-08-24,263.6,237.3,290.0,moving_average
SKU-1028,WH-006,2024-08-25,263.6,237.3,290.0,moving_average
SKU-1028,WH-006,2024-08-26,263.6,237.3,290.0,moving_average
SKU-1028,WH-006,2024-08-27,263.6,237.3,290.0,moving_average
SKU-1028,WH-006,2024-08-28,263.6,237.3,290.0,moving_average
SKU-1028,WH-006,2024-08-29,263.6,237.3,290.0,moving_average
SKU-1028,WH-006,2024-08-30,263.6,237.3,290.0,moving_average
SKU-1028,WH-006,2024-08-31,263.6,237.3,290.0,moving_average
SKU-1028,WH-006,2024-09-01,263.6,237.3,290.0,moving_average
SKU-1028,WH-006,2024-09-02,263.6,237.3,290.0,moving_average
SKU-1028,WH-006,2024-09-03,263.6,237.3,290.0,moving_average
SKU-1028,WH-006,2024-09-04,263.6,237.3,290.0,moving_average
SKU-1028,WH-006,2024-09-05,263.6,237.3,290.0,moving_average
SKU-1028,WH-006,2024-09-06,263.6,237.3,290.0,moving_average
SKU-1028,WH-006,2024-09-07,263.6,237.3,290.0,moving_average
SKU-1028,WH-006,2024-09-08,263.6,237.3,290.0,moving_average
SKU-1028,WH-006,2024-09-09,263.6,237.3,290.0,moving_average
SKU-1028,WH-006,2024-09-10,263.6,237.3,290.0,moving_average
SKU-1028,WH-006,2024-09-11,263.6,237.3,290.0,moving_average
SKU-1028,WH-006,2024-09-12,263.6,237.3,290.0,moving_average
SKU-1028,WH-006,2024-09-13,263.6,237.3,290.0,moving_average
SKU-1028,WH-006,2024-09-14,263.6,237.3,290.0,moving_average
SKU-1028,WH-006,2024-09-15,263.6,237.3,290.0,moving_average
SKU-1028,WH-006,2024-09-16,263.6,237.3,290.0,moving_average
SKU-1028,WH-006,2024-09-17,263.6,237.3,290.0,moving_average
SKU-1028,WH-006,2024-09-18,263.6,237.3,290.0,moving_average
SKU-1028,WH-006,2024-09-19,263.6,237.3,290.0,moving_average
SKU-1028,WH-006,2024-09-20,263.6,237.3,290.0,moving_average
SKU-1028,WH-006,2024-09-21,263.6,237.3,290.0,moving_average
SKU-1028,WH-006,2024-09-22,263.6,237.3,290.0,moving_average
SKU-1028,WH-006,2024-09-23,263.6,237.3,290.0,moving_average
SKU-1028,WH-006,2024-09-24,263.6,237.3,290.0,moving_average
SKU-1028,WH-006,2024-09-25,263.6,237.3,290.0,moving_average
SKU-1028,WH-006,2024-09-26,263.6,237.3,290.0,moving_average
SKU-1028,WH-007,2024-06-29,188.0,159.8,216.2,exponential_smoothing
SKU-1028,WH-007,2024-06-30,262.1,222.8,301.4,exponential_smoothing
SKU-1028,WH-007,2024-07-01,264.8,225.1,304.6,exponential_smoothing
SKU-1028,WH-007,2024-07-02,290.4,246.9,334.0,exponential_smoothing
SKU-1028,WH-007,2024-07-03,245.5,208.7,282.4,exponential_smoothing
SKU-1028,WH-007,2024-07-04,233.9,198.8,269.0,exponential_smoothing
SKU-1028,WH-007,2024-07-05,229.4,195.0,263.8,exponential_smoothing
SKU-1028,WH-007,2024-07-06,180.8,153.7,207.9,exponential_smoothing
SKU-1028,WH-007,2024-07-07,254.9,216.7,293.2,exponential_smoothing
SKU-1028,WH-007,2024-07-08,257.7,219.0,296.3,exponential_smoothing
SKU-1028,WH-007,2024-07-09,283.3,240.8,325.8,exponential_smoothing
SKU-1028,WH-007,2024-07-10,238.4,202.6,274.1,exponential_smoothing
SKU-1028,WH-007,2024-07-11,226.7,192.7,260.7,exponential_smoothing
SKU-1028,WH-007,2024-07-12,222.2,188.9,255.6,exponential_smoothing
SKU-1028,WH-007,2024-07-13,173.6,147.6,199.7,exponential_smoothing
SKU-1028,WH-007,2024-07-14,247.8,210.6,284.9,exponential_smoothing
SKU-1028,WH-007,2024-07-15,250.5,212.9,288.1,exponential_smoothing
SKU-1028,WH-007,2024-07-16,276.1,234.7,317.5,exponential_smoothing
SKU-1028,WH-007,2024-07-17,231.2,196.5,265.9,exponential_smoothing
SKU-1028,WH-007,2024-07-18,219.6,186.6,252.5,exponential_smoothing
SKU-1028,WH-007,2024-07-19,215.1,182.8,247.3,exponential_smoothing
SKU-1028,WH-007,2024-07-20,166.5,141.5,191.4,exponential_smoothing
SKU-1028,WH-007,2024-07-21,240.6,204.5,276.7,exponential_smoothing
SKU-1028,WH-007,2024-07-22,243.3,206.8,279.8,exponential_smoothing
SKU-1028,WH-007,2024-07-23,268.9,228.6,309.3,exponential_smoothing
SKU-1028,WH-007,2024-07-24,224.0,190.4,257.7,exponential_smoothing
SKU-1028,WH-007,2024-07-25,212.4,180.5,244.2,exponential_smoothing
SKU-1028,WH-007,2024-07-26,207.9,176.7,239.1,exponential_smoothing
SKU-1028,WH-007,2024-07-27,159.3,135.4,183.2,exponential_smoothing
SKU-1028,WH-007,2024-07-28,233.4,198.4,268.5,exponential_smoothing
SKU-1028,WH-007,2024-07-29,236.2,200.7,271.6,exponential_smoothing
SKU-1028,WH-007,2024-07-30,261.8,222.5,301.0,exponential_smoothing
SKU-1028,WH-007,2024-07-31,216.9,184.4,249.4,exponential_smoothing
SKU-1028,WH-007,2024-08-01,205.2,174.4,236.0,exponential_smoothing
SKU-1028,WH-007,2024-08-02,200.7,170.6,230.8,exponential_smoothing
SKU-1028,WH-007,2024-08-03,152.1,129.3,174.9,exponential_smoothing
SKU-1028,WH-007,2024-08-04,226.3,192.3,260.2,exponential_smoothing
SKU-1028,WH-007,2024-08-05,229.0,194.7,263.4,exponential_smoothing
SKU-1028,WH-007,2024-08-06,254.6,216.4,292.8,exponential_smoothing
SKU-1028,WH-007,2024-08-07,209.7,178.3,241.2,exponential_smoothing
SKU-1028,WH-007,2024-08-08,198.1,168.3,227.8,exponential_smoothing
SKU-1028,WH-007,2024-08-09,193.6,164.5,222.6,exponential_smoothing
SKU-1028,WH-007,2024-08-10,145.0,123.2,166.7,exponential_smoothing
SKU-1028,WH-007,2024-08-11,219.1,186.2,252.0,exponential_smoothing
SKU-1028,WH-007,2024-08-12,221.8,188.6,255.1,exponential_smoothing
SKU-1028,WH-007,2024-08-13,247.4,210.3,284.6,exponential_smoothing
SKU-1028,WH-007,2024-08-14,202.6,172.2,232.9,exponential_smoothing
SKU-1028,WH-007,2024-08-15,190.9,162.3,219.5,exponential_smoothing
SKU-1028,WH-007,2024-08-16,186.4,158.4,214.4,exponential_smoothing
SKU-1028,WH-007,2024-08-17,137.8,117.1,158.5,exponential_smoothing
SKU-1028,WH-007,2024-08-18,211.9,180.2,243.7,exponential_smoothing
SKU-1028,WH-007,2024-08-19,214.7,182.5,246.9,exponential_smoothing
SKU-1028,WH-007,2024-08-20,240.3,204.2,276.3,exponential_smoothing
SKU-1028,WH-007,2024-08-21,195.4,166.1,224.7,exponential_smoothing
SKU-1028,WH-007,2024-08-22,183.7,156.2,211.3,exponential_smoothing
SKU-1028,WH-007,2024-08-23,179.2,152.3,206.1,exponential_smoothing
SKU-1028,WH-007,2024-08-24,130.6,111.0,150.2,exponential_smoothing
SKU-1028,WH-007,2024-08-25,204.8,174.1,235.5,exponential_smoothing
SKU-1028,WH-007,2024-08-26,207.5,176.4,238.6,exponential_smoothing
SKU-1028,WH-007,2024-08-27,233.1,198.1,268.1,exponential_smoothing
SKU-1028,WH-007,2024-08-28,188.2,160.0,216.5,exponential_smoothing
SKU-1028,WH-007,2024-08-29,176.6,150.1,203.0,exponential_smoothing
SKU-1028,WH-007,2024-08-30,172.1,146.3,197.9,exponential_smoothing
SKU-1028,WH-007,2024-08-31,123.5,104.9,142.0,exponential_smoothing
SKU-1028,WH-007,2024-09-01,197.6,168.0,227.3,exponential_smoothing
SKU-1028,WH-007,2024-09-02,200.3,170.3,230.4,exponential_smoothing
SKU-1028,WH-007,2024-09-03,225.9,192.0,259.8,exponential_smoothing
SKU-1028,WH-007,2024-09-04,181.1,153.9,208.2,exponential_smoothing
SKU-1028,WH-007,2024-09-05,169.4,144.0,194.8,exponential_smoothing
SKU-1028,WH-007,2024-09-06,164.9,140.2,189.6,exponential_smoothing
SKU-1028,WH-007,2024-09-07,116.3,98.9,133.7,exponential_smoothing
SKU-1028,WH-007,2024-09-08,190.4,161.9,219.0,exponential_smoothing
SKU-1028,WH-007,2024-09-09,193.2,164.2,222.1,exponential_smoothing
SKU-1028,WH-007,2024-09-10,218.8,186.0,251.6,exponential_smoothing
SKU-1028,WH-007,2024-09-11,173.9,147.8,200.0,exponential_smoothing
SKU-1028,WH-007,2024-09-12,162.2,137.9,186.6,exponential_smoothing
SKU-1028,WH-007,2024-09-13,157.7,134.1,181.4,exponential_smoothing
SKU-1028,WH-007,2024-09-14,109.1,92.8,125.5,exponential_smoothing
SKU-1028,WH-007,2024-09-15,183.3,155.8,210.8,exponential_smoothing
SKU-1028,WH-007,2024-09-16,186.0,158.1,213.9,exponential_smoothing
SKU-1028,WH-007,2024-09-17,211.6,179.9,243.3,exponential_smoothing
SKU-1028,WH-007,2024-09-18,166.7,141.7,191.7,exponential_smoothing
SKU-1028,WH-007,2024-09-19,155.1,131.8,178.3,exponential_smoothing
SKU-1028,WH-007,2024-09-20,150.6,128.0,173.1,exponential_smoothing
SKU-1028,WH-007,2024-09-21,102.0,86.7,117.3,exponential_smoothing
SKU-1028,WH-007,2024-09-22,176.1,149.7,202.5,exponential_smoothing
SKU-1028,WH-007,2024-09-23,178.8,152.0,205.7,exponential_smoothing
SKU-1028,WH-007,2024-09-24,204.4,173.8,235.1,exponential_smoothing
SKU-1028,WH-007,2024-09-25,159.6,135.6,183.5,exponential_smoothing
SKU-1028,WH-007,2024-09-26,147.9,125.7,170.1,exponential_smoothing
SKU-1029,WH-001,2024-06-29,276.4,248.8,304.1,moving_average
SKU-1029,WH-001,2024-06-30,276.4,248.8,304.1,moving_average
SKU-1029,WH-001,2024-07-01,276.4,248.8,304.1,moving_average
SKU-1029,WH-001,2024-07-02,276.4,248.8,304.1,moving_average
SKU-1029,WH-001,2024-07-03,276.4,248.8,304.1,moving_average
SKU-1029,WH-001,2024-07-04,276.4,248.8,304.1,moving_average
SKU-1029,WH-001,2024-07-05,276.4,248.8,304.1,moving_average
SKU-1029,WH-001,2024-07-06,276.4,248.8,304.1,moving_average
SKU-1029,WH-001,2024-07-07,276.4,248.8,304.1,moving_average
SKU-1029,WH-001,2024-07-08,276.4,248.8,304.1,moving_average
SKU-1029,WH-001,2024-07-09,276.4,248.8,304.1,moving_average
SKU-1029,WH-001,2024-07-10,276.4,248.8,304.1,moving_average
SKU-1029,WH-001,2024-07-11,276.4,248.8,304.1,moving_average
SKU-1029,WH-001,2024-07-12,276.4,248.8,304.1,moving_average
SKU-1029,WH-001,2024-07-13,276.4,248.8,304.1,moving_average
SKU-1029,WH-001,2024-07-14,276.4,248.8,304.1,moving_average
SKU-1029,WH-001,2024-07-15,276.4,248.8,304.1,moving_average
SKU-1029,WH-001,2024-07-16,276.4,248.8,304.1,moving_average
SKU-1029,WH-001,2024-07-17,276.4,248.8,304.1,moving_average
SKU-1029,WH-001,2024-07-18,276.4,248.8,304.1,moving_average
SKU-1029,WH-001,2024-07-19,276.4,248.8,304.1,moving_average
SKU-1029,WH-001,2024-07-20,276.4,248.8,304.1,moving_average
SKU-1029,WH-001,2024-07-21,276.4,248.8,304.1,moving_average
SKU-1029,WH-001,2024-07-22,276.4,248.8,304.1,moving_average
SKU-1029,WH-001,2024-07-23,276.4,248.8,304.1,moving_average
SKU-1029,WH-001,2024-07-24,276.4,248.8,304.1,moving_average
SKU-1029,WH-001,2024-07-25,276.4,248.8,304.1,moving_average
SKU-1029,WH-001,2024-07-26,276.4,248.8,304.1,moving_average
SKU-1029,WH-001,2024-07-27,276.4,248.8,304.1,moving_average
SKU-1029,WH-001,2024-07-28,276.4,248.8,304.1,moving_average
SKU-1029,WH-001,2024-07-29,276.4,248.8,304.1,moving_average
SKU-1029,WH-001,2024-07-30,276.4,248.8,304.1,moving_average
SKU-1029,WH-001,2024-07-31,276.4,248.8,304.1,moving_average
SKU-1029,WH-001,2024-08-01,276.4,248.8,304.1,moving_average
SKU-1029,WH-001,2024-08-02,276.4,248.8,304.1,moving_average
SKU-1029,WH-001,2024-08-03,276.4,248.8,304.1,moving_average
SKU-1029,WH-001,2024-08-04,276.4,248.8,304.1,moving_average
SKU-1029,WH-001,2024-08-05,276.4,248.8,304.1,moving_average
SKU-1029,WH-001,2024-08-06,276.4,248.8,304.1,moving_average
SKU-1029,WH-001,2024-08-07,276.4,248.8,304.1,moving_average
SKU-1029,WH-001,2024-08-08,276.4,248.8,304.1,moving_average
SKU-1029,WH-001,2024-08-09,276.4,248.8,304.1,moving_average
SKU-1029,WH-001,2024-08-10,276.4,248.8,304.1,moving_average
SKU-1029,WH-001,2024-08-11,276.4,248.8,304.1,moving_average
SKU-1029,WH-001,2024-08-12,276.4,248.8,304.1,moving_average
SKU-1029,WH-001,2024-08-13,276.4,248.8,304.1,moving_average
SKU-1029,WH-001,2024-08-14,276.4,248.8,304.1,moving_average
SKU-1029,WH-001,2024-08-15,276.4,248.8,304.1,moving_average
SKU-1029,WH-001,2024-08-16,276.4,248.8,304.1,moving_average
SKU-1029,WH-001,2024-08-17,276.4,248.8,304.1,moving_average
SKU-1029,WH-001,2024-08-18,276.4,248.8,304.1,moving_average
SKU-1029,WH-001,2024-08-19,276.4,248.8,304.1,moving_average
SKU-1029,WH-001,2024-08-20,276.4,248.8,304.1,moving_average
SKU-1029,WH-001,2024-08-21,276.4,248.8,304.1,moving_average
SKU-1029,WH-001,2024-08-22,276.4,248.8,304.1,moving_average
SKU-1029,WH-001,2024-08-23,276.4,248.8,304.1,moving_average
SKU-1029,WH-001,2024-08-24,276.4,248.8,304.1,moving_average
SKU-1029,WH-001,2024-08-25,276.4,248.8,304.1,moving_average
SKU-1029,WH-001,2024-08-26,276.4,248.8,304.1,moving_average
SKU-1029,WH-001,2024-08-27,276.4,248.8,304.1,moving_average
SKU-1029,WH-001,2024-08-28,276.4,248.8,304.1,moving_average
SKU-1029,WH-001,2024-08-29,276.4,248.8,304.1,moving_average
SKU-1029,WH-001,2024-08-30,276.4,248.8,304.1,moving_average
SKU-1029,WH-001,2024-08-31,276.4,248.8,304.1,moving_average
SKU-1029,WH-001,2024-09-01,276.4,248.8,304.1,moving_average
SKU-1029,WH-001,2024-09-02,276.4,248.8,304.1,moving_average
SKU-1029,WH-001,2024-09-03,276.4,248.8,304.1,moving_average
SKU-1029,WH-001,2024-09-04,276.4,248.8,304.1,moving_average
SKU-1029,WH-001,2024-09-05,276.4,248.8,304.1,moving_average
SKU-1029,WH-001,2024-09-06,276.4,248.8,304.1,moving_average
SKU-1029,WH-001,2024-09-07,276.4,248.8,304.1,moving_average
SKU-1029,WH-001,2024-09-08,276.4,248.8,304.1,moving_average
SKU-1029,WH-001,2024-09-09,276.4,248.8,304.1,moving_average
SKU-1029,WH-001,2024-09-10,276.4,248.8,304.1,moving_average
SKU-1029,WH-001,2024-09-11,276.4,248.8,304.1,moving_average
SKU-1029,WH-001,2024-09-12,276.4,248.8,304.1,moving_average
SKU-1029,WH-001,2024-09-13,276.4,248.8,304.1,moving_average
SKU-1029,WH-001,2024-09-14,276.4,248.8,304.1,moving_average
SKU-1029,WH-001,2024-09-15,276.4,248.8,304.1,moving_average
SKU-1029,WH-001,2024-09-16,276.4,248.8,304.1,moving_average
SKU-1029,WH-001,2024-09-17,276.4,248.8,304.1,moving_average
SKU-1029,WH-001,2024-09-18,276.4,248.8,304.1,moving_average
SKU-1029,WH-001,2024-09-19,276.4,248.8,304.1,moving_average
SKU-1029,WH-001,2024-09-20,276.4,248.8,304.1,moving_average
SKU-1029,WH-001,2024-09-21,276.4,248.8,304.1,moving_average
SKU-1029,WH-001,2024-09-22,276.4,248.8,304.1,moving_average
SKU-1029,WH-001,2024-09-23,276.4,248.8,304.1,moving_average
SKU-1029,WH-001,2024-09-24,276.4,248.8,304.1,moving_average
SKU-1029,WH-001,2024-09-25,276.4,248.8,304.1,moving_average
SKU-1029,WH-001,2024-09-26,276.4,248.8,304.1,moving_average
SKU-1029,WH-002,2024-06-29,249.0,211.6,286.3,exponential_smoothing
SKU-1029,WH-002,2024-06-30,231.8,197.0,266.5,exponential_smoothing
SKU-1029,WH-002,2024-07-01,292.5,248.6,336.4,exponential_smoothing
SKU-1029,WH-002,2024-07-02,295.9,251.5,340.3,exponential_smoothing
SKU-1029,WH-002,2024-07-03,280.4,238.3,322.5,exponential_smoothing
SKU-1029,WH-002,2024-07-04,256.7,218.2,295.2,exponential_smoothing
SKU-1029,WH-002,2024-07-05,245.0,208.3,281.8,exponential_smoothing
SKU-1029,WH-002,2024-07-06,244.4,207.7,281.0,exponential_smoothing
SKU-1029,WH-002,2024-07-07,227.1,193.1,261.2,exponential_smoothing
SKU-1029,WH-002,2024-07-08,287.9,244.7,331.1,exponential_smoothing
SKU-1029,WH-002,2024-07-09,291.3,247.6,335.0,exponential_smoothing
SKU-1029,WH-002,2024-07-10,275.8,234.4,317.2,exponential_smoothing
SKU-1029,WH-002,2024-07-11,252.1,214.3,289.9,exponential_smoothing
SKU-1029,WH-002,2024-07-12,240.4,204.3,276.5,exponential_smoothing
SKU-1029,WH-002,2024-07-13,239.8,203.8,275.7,exponential_smoothing
SKU-1029,WH-002,2024-07-14,222.5,189.2,255.9,exponential_smoothing
SKU-1029,WH-002,2024-07-15,283.3,240.8,325.8,exponential_smoothing
SKU-1029,WH-002,2024-07-16,286.7,243.7,329.7,exponential_smoothing
SKU-1029,WH-002,2024-07-17,271.2,230.5,311.9,exponential_smoothing
SKU-1029,WH-002,2024-07-18,247.5,210.3,284.6,exponential_smoothing
SKU-1029,WH-002,2024-07-19,235.8,200.4,271.2,exponential_smoothing
SKU-1029,WH-002,2024-07-20,235.2,199.9,270.4,exponential_smoothing
SKU-1029,WH-002,2024-07-21,217.9,185.2,250.6,exponential_smoothing
SKU-1029,WH-002,2024-07-22,278.7,236.9,320.5,exponential_smoothing
SKU-1029,WH-002,2024-07-23,282.1,239.8,324.4,exponential_smoothing
SKU-1029,WH-002,2024-07-24,266.6,226.6,306.6,exponential_smoothing
SKU-1029,WH-002,2024-07-25,242.9,206.4,279.3,exponential_smoothing
SKU-1029,WH-002,2024-07-26,231.2,196.5,265.9,exponential_smoothing
SKU-1029,WH-002,2024-07-27,230.6,196.0,265.1,exponential_smoothing
SKU-1029,WH-002,2024-07-28,213.3,181.3,245.3,exponential_smoothing
SKU-1029,WH-002,2024-07-29,274.1,232.9,315.2,exponential_smoothing
SKU-1029,WH-002,2024-07-30,277.5,235.9,319.1,exponential_smoothing
SKU-1029,WH-002,2024-07-31,262.0,222.7,301.3,exponential_smoothing
SKU-1029,WH-002,2024-08-01,238.2,202.5,274.0,exponential_smoothing
SKU-1029,WH-002,2024-08-02,226.6,192.6,260.6,exponential_smoothing
SKU-1029,WH-002,2024-08-03,225.9,192.1,259.8,exponential_smoothing
SKU-1029,WH-002,2024-08-04,208.7,177.4,240.0,exponential_smoothing
SKU-1029,WH-002,2024-08-05,269.4,229.0,309.9,exponential_smoothing
SKU-1029,WH-002,2024-08-06,272.9,232.0,313.8,exponential_smoothing
SKU-1029,WH-002,2024-08-07,257.4,218.8,296.0,exponential_smoothing
SKU-1029,WH-002,2024-08-08,233.6,198.6,268.7,exponential_smoothing
SKU-1029,WH-002,2024-08-09,222.0,188.7,255.3,exponential_smoothing
SKU-1029,WH-002,2024-08-10,221.3,188.1,254.5,exponential_smoothing
SKU-1029,WH-002,2024-08-11,204.1,173.5,234.7,exponential_smoothing
SKU-1029,WH-002,2024-08-12,264.8,225.1,304.6,exponential_smoothing
SKU-1029,WH-002,2024-08-13,268.3,228.0,308.5,exponential_smoothing
SKU-1029,WH-002,2024-08-14,252.7,214.8,290.7,exponential_smoothing
SKU-1029,WH-002,2024-08-15,229.0,194.7,263.4,exponential_smoothing
SKU-1029,WH-002,2024-08-16,217.4,184.8,250.0,exponential_smoothing
SKU-1029,WH-002,2024-08-17,216.7,184.2,249.2,exponential_smoothing
SKU-1029,WH-002,2024-08-18,199.5,169.6,229.4,exponential_smoothing
SKU-1029,WH-002,2024-08-19,260.2,221.2,299.3,exponential_smoothing
SKU-1029,WH-002,2024-08-20,263.7,224.1,303.2,exponential_smoothing
SKU-1029,WH-002,2024-08-21,248.1,210.9,285.4,exponential_smoothing
SKU-1029,WH-002,2024-08-22,224.4,190.8,258.1,exponential_smoothing
SKU-1029,WH-002,2024-08-23,212.8,180.8,244.7,exponential_smoothing
SKU-1029,WH-002,2024-08-24,212.1,180.3,243.9,exponential_smoothing
SKU-1029,WH-002,2024-08-25,194.9,165.7,224.1,exponential_smoothing
SKU-1029,WH-002,2024-08-26,255.6,217.3,294.0,exponential_smoothing
SKU-1029,WH-002,2024-08-27,259.1,220.2,297.9,exponential_smoothing
SKU-1029,WH-002,2024-08-28,243.5,207.0,280.1,exponential_smoothing
SKU-1029,WH-002,2024-08-29,219.8,186.8,252.8,exponential_smoothing
SKU-1029,WH-002,2024-08-30,208.1,176.9,239.4,exponential_smoothing
SKU-1029,WH-002,2024-08-31,207.5,176.4,238.6,exponential_smoothing
SKU-1029,WH-002,2024-09-01,190.3,161.7,218.8,exponential_smoothing
SKU-1029,WH-002,2024-09-02,251.0,213.4,288.7,exponential_smoothing
SKU-1029,WH-002,2024-09-03,254.4,216.3,292.6,exponential_smoothing
SKU-1029,WH-002,2024-09-04,238.9,203.1,274.8,exponential_smoothing
SKU-1029,WH-002,2024-09-05,215.2,182.9,247.5,exponential_smoothing
SKU-1029,WH-002,2024-09-06,203.5,173.0,234.1,exponential_smoothing
SKU-1029,WH-002,2024-09-07,202.9,172.5,233.3,exponential_smoothing
SKU-1029,WH-002,2024-09-08,185.7,157.8,213.5,exponential_smoothing
SKU-1029,WH-002,2024-09-09,246.4,209.4,283.4,exponential_smoothing
SKU-1029,WH-002,2024-09-10,249.8,212.4,287.3,exponential_smoothing
SKU-1029,WH-002,2024-09-11,234.3,199.2,269.5,exponential_smoothing
SKU-1029,WH-002,2024-09-12,210.6,179.0,242.2,exponential_smoothing
SKU-1029,WH-002,2024-09-13,198.9,169.1,228.8,exponential_smoothing
SKU-1029,WH-002,2024-09-14,198.3,168.5,228.0,exponential_smoothing
SKU-1029,WH-002,2024-09-15,181.1,153.9,208.2,exponential_smoothing
SKU-1029,WH-002,2024-09-16,241.8,205.5,278.1,exponential_smoothing
SKU-1029,WH-002,2024-09-17,245.2,208.4,282.0,exponential_smoothing
SKU-1029,WH-002,2024-09-18,229.7,195.2,264.2,exponential_smoothing
SKU-1029,WH-002,2024-09-19,206.0,175.1,236.9,exponential_smoothing
SKU-1029,WH-002,2024-09-20,194.3,165.2,223.5,exponential_smoothing
SKU-1029,WH-002,2024-09-21,193.7,164.6,222.7,exponential_smoothing
SKU-1029,WH-002,2024-09-22,176.4,150.0,202.9,exponential_smoothing
SKU-1029,WH-002,2024-09-23,237.2,201.6,272.8,exponential_smoothing
SKU-1029,WH-002,2024-09-24,240.6,204.5,276.7,exponential_smoothing
SKU-1029,WH-002,2024-09-25,225.1,191.3,258.9,exponential_smoothing
SKU-1029,WH-002,2024-09-26,201.4,171.2,231.6,exponential_smoothing
SKU-1029,WH-003,2024-06-29,236.7,201.2,272.2,exponential_smoothing
SKU-1029,WH-003,2024-06-30,242.3,205.9,278.6,exponential_smoothing
SKU-1029,WH-003,2024-07-01,301.6,256.4,346.9,exponential_smoothing
SKU-1029,WH-003,2024-07-02,285.7,242.8,328.5,exponential_smoothing
SKU-1029,WH-003,2024-07-03,271.4,230.7,312.1,exponential_smoothing
SKU-1029,WH-003,2024-07-04,259.5,220.6,298.4,exponential_smoothing
SKU-1029,WH-003,2024-07-05,268.3,228.1,308.5,exponential_smoothing
SKU-1029,WH-003,2024-07-06,233.6,198.5,268.6,exponential_smoothing
SKU-1029,WH-003,2024-07-07,239.2,203.3,275.0,exponential_smoothing
SKU-1029,WH-003,2024-07-08,298.5,253.8,343.3,exponential_smoothing
SKU-1029,WH-003,2024-07-09,282.6,240.2,325.0,exponential_smoothing
SKU-1029,WH-003,2024-07-10,268.3,228.0,308.5,exponential_smoothing
SKU-1029,WH-003,2024-07-11,256.4,218.0,294.9,exponential_smoothing
SKU-1029,WH-003,2024-07-12,265.2,225.4,305.0,exponential_smoothing
SKU-1029,WH-003,2024-07-13,230.5,195.9,265.0,exponential_smoothing
SKU-1029,WH-003,2024-07-14,236.1,200.6,271.5,exponential_smoothing
SKU-1029,WH-003,2024-07-15,295.4,251.1,339.8,exponential_smoothing
SKU-1029,WH-003,2024-07-16,279.5,237.6,321.4,exponential_smoothing
SKU-1029,WH-003,2024-07-17,265.2,225.4,304.9,exponential_smoothing
SKU-1029,WH-003,2024-07-18,253.3,215.3,291.3,exponential_smoothing
SKU-1029,WH-003,2024-07-19,262.1,222.8,301.4,exponential_smoothing
SKU-1029,WH-003,2024-07-20,227.4,193.3,261.5,exponential_smoothing
SKU-1029,WH-003,2024-07-21,232.9,198.0,267.9,exponential_smoothing
SKU-1029,WH-003,2024-07-22,292.3,248.5,336.2,exponential_smoothing
SKU-1029,WH-003,2024-07-23,276.4,234.9,317.8,exponential_smoothing
SKU-1029,WH-003,2024-07-24,262.1,222.8,301.4,exponential_smoothing
SKU-1029,WH-003,2024-07-25,250.2,212.7,287.7,exponential_smoothing
SKU-1029,WH-003,2024-07-26,259.0,220.1,297.8,exponential_smoothing
SKU-1029,WH-003,2024-07-27,224.3,190.6,257.9,exponential_smoothing
SKU-1029,WH-003,2024-07-28,229.8,195.4,264.3,exponential_smoothing
SKU-1029,WH-003,2024-07-29,289.2,245.8,332.6,exponential_smoothing
SKU-1029,WH-003,2024-07-30,273.3,232.3,314.3,exponential_smoothing
SKU-1029,WH-003,2024-07-31,259.0,220.1,297.8,exponential_smoothing
SKU-1029,WH-003,2024-08-01,247.1,210.0,284.2,exponential_smoothing
SKU-1029,WH-003,2024-08-02,255.9,217.5,294.3,exponential_smoothing
SKU-1029,WH-003,2024-08-03,330.2,280.7,379.7,exponential_smoothing
SKU-1029,WH-003,2024-08-04,338.5,287.8,389.3,exponential_smoothing
SKU-1029,WH-003,2024-08-05,427.2,363.1,491.3,exponential_smoothing
SKU-1029,WH-003,2024-08-06,403.4,342.9,463.9,exponential_smoothing
SKU-1029,WH-003,2024-08-07,382.0,324.7,439.3,exponential_smoothing
SKU-1029,WH-003,2024-08-08,364.3,309.7,419.0,exponential_smoothing
SKU-1029,WH-003,2024-08-09,252.8,214.9,290.7,exponential_smoothing
SKU-1029,WH-003,2024-08-10,218.0,185.3,250.8,exponential_smoothing
SKU-1029,WH-003,2024-08-11,223.6,190.1,257.2,exponential_smoothing
SKU-1029,WH-003,2024-08-12,283.0,240.6,325.5,exponential_smoothing
SKU-1029,WH-003,2024-08-13,267.1,227.0,307.1,exponential_smoothing
SKU-1029,WH-003,2024-08-14,252.8,214.8,290.7,exponential_smoothing
SKU-1029,WH-003,2024-08-15,240.9,204.8,277.0,exponential_smoothing
SKU-1029,WH-003,2024-08-16,249.7,212.2,287.1,exponential_smoothing
SKU-1029,WH-003,2024-08-17,214.9,182.7,247.2,exponential_smoothing
SKU-1029,WH-003,2024-08-18,220.5,187.5,253.6,exponential_smoothing
SKU-1029,WH-003,2024-08-19,279.9,237.9,321.9,exponential_smoothing
SKU-1029,WH-003,2024-08-20,264.0,224.4,303.6,exponential_smoothing
SKU-1029,WH-003,2024-08-21,249.7,212.2,287.1,exponential_smoothing
SKU-1029,WH-003,2024-08-22,237.8,202.1,273.5,exponential_smoothing
SKU-1029,WH-003,2024-08-23,246.6,209.6,283.6,exponential_smoothing
SKU-1029,WH-003,2024-08-24,211.8,180.1,243.6,exponential_smoothing
SKU-1029,WH-003,2024-08-25,217.4,184.8,250.1,exponential_smoothing
SKU-1029,WH-003,2024-08-26,276.8,235.3,318.3,exponential_smoothing
SKU-1029,WH-003,2024-08-27,260.9,221.7,300.0,exponential_smoothing
SKU-1029,WH-003,2024-08-28,246.6,209.6,283.5,exponential_smoothing
SKU-1029,WH-003,2024-08-29,234.7,199.5,269.9,exponential_smoothing
SKU-1029,WH-003,2024-08-30,243.5,207.0,280.0,exponential_smoothing
SKU-1029,WH-003,2024-08-31,208.7,177.4,240.1,exponential_smoothing
SKU-1029,WH-003,2024-09-01,214.3,182.2,246.5,exponential_smoothing
SKU-1029,WH-003,2024-09-02,273.7,232.7,314.8,exponential_smoothing
SKU-1029,WH-003,2024-09-03,257.8,219.1,296.4,exponential_smoothing
SKU-1029,WH-003,2024-09-04,243.5,206.9,280.0,exponential_smoothing
SKU-1029,WH-003,2024-09-05,231.6,196.9,266.3,exponential_smoothing
SKU-1029,WH-003,2024-09-06,240.4,204.3,276.4,exponential_smoothing
SKU-1029,WH-003,2024-09-07,205.6,174.8,236.5,exponential_smoothing
SKU-1029,WH-003,2024-09-08,211.2,179.6,242.9,exponential_smoothing
SKU-1029,WH-003,2024-09-09,270.6,230.0,311.2,exponential_smoothing
SKU-1029,WH-003,2024-09-10,254.7,216.5,292.9,exponential_smoothing
SKU-1029,WH-003,2024-09-11,240.4,204.3,276.4,exponential_smoothing
SKU-1029,WH-003,2024-09-12,228.5,194.2,262.8,exponential_smoothing
SKU-1029,WH-003,2024-09-13,237.3,201.7,272.9,exponential_smoothing
SKU-1029,WH-003,2024-09-14,202.5,172.2,232.9,exponential_smoothing
SKU-1029,WH-003,2024-09-15,208.1,176.9,239.4,exponential_smoothing
SKU-1029,WH-003,2024-09-16,267.5,227.4,307.6,exponential_smoothing
SKU-1029,WH-003,2024-09-17,251.6,213.8,289.3,exponential_smoothing
SKU-1029,WH-003,2024-09-18,237.3,201.7,272.8,exponential_smoothing
SKU-1029,WH-003,2024-09-19,225.4,191.6,259.2,exponential_smoothing
SKU-1029,WH-003,2024-09-20,234.2,199.1,269.3,exponential_smoothing
SKU-1029,WH-003,2024-09-21,199.4,169.5,229.4,exponential_smoothing
SKU-1029,WH-003,2024-09-22,205.0,174.3,235.8,exponential_smoothing
SKU-1029,WH-003,2024-09-23,264.4,224.8,304.1,exponential_smoothing
SKU-1029,WH-003,2024-09-24,248.5,211.2,285.7,exponential_smoothing
SKU-1029,WH-003,2024-09-25,234.2,199.0,269.3,exponential_smoothing
SKU-1029,WH-003,2024-09-26,222.3,189.0,255.6,exponential_smoothing
SKU-1029,WH-004,2024-06-29,223.9,179.1,268.7,xgboost
SKU-1029,WH-004,2024-06-30,218.6,174.9,262.3,xgboost
SKU-1029,WH-004,2024-07-01,289.3,231.5,347.2,xgboost
SKU-1029,WH-004,2024-07-02,311.0,248.8,373.2,xgboost
SKU-1029,WH-004,2024-07-03,321.8,257.4,386.2,xgboost
SKU-1029,WH-004,2024-07-04,322.3,257.8,386.7,xgboost
SKU-1029,WH-004,2024-07-05,266.5,213.2,319.8,xgboost
SKU-1029,WH-004,2024-07-06,341.7,273.3,410.0,xgboost
SKU-1029,WH-004,2024-07-07,336.0,268.8,403.2,xgboost
SKU-1029,WH-004,2024-07-08,374.3,299.4,449.1,xgboost
SKU-1029,WH-004,2024-07-09,309.6,247.7,371.5,xgboost
SKU-1029,WH-004,2024-07-10,323.3,258.7,388.0,xgboost
SKU-1029,WH-004,2024-07-11,308.6,246.9,370.3,xgboost
SKU-1029,WH-004,2024-07-12,344.2,275.4,413.1,xgboost
SKU-1029,WH-004,2024-07-13,370.8,296.6,444.9,xgboost
SKU-1029,WH-004,2024-07-14,350.6,280.5,420.7,xgboost
SKU-1029,WH-004,2024-07-15,308.2,246.6,369.9,xgboost
SKU-1029,WH-004,2024-07-16,392.3,313.8,470.8,xgboost
SKU-1029,WH-004,2024-07-17,361.4,289.1,433.7,xgboost
SKU-1029,WH-004,2024-07-18,331.3,265.0,397.6,xgboost
SKU-1029,WH-004,2024-07-19,322.3,257.9,386.8,xgboost
SKU-1029,WH-004,2024-07-20,303.2,242.5,363.8,xgboost
SKU-1029,WH-004,2024-07-21,294.7,235.8,353.6,xgboost
SKU-1029,WH-004,2024-07-22,256.3,205.0,307.5,xgboost
SKU-1029,WH-004,2024-07-23,257.5,206.0,309.0,xgboost
SKU-1029,WH-004,2024-07-24,293.1,234.4,351.7,xgboost
SKU-1029,WH-004,2024-07-25,268.8,215.0,322.5,xgboost
SKU-1029,WH-004,2024-07-26,245.1,196.0,294.1,xgboost
SKU-1029,WH-004,2024-07-27,269.6,215.7,323.5,xgboost
SKU-1029,WH-004,2024-07-28,262.1,209.7,314.5,xgboost
SKU-1029,WH-004,2024-07-29,235.9,188.7,283.0,xgboost
SKU-1029,WH-004,2024-07-30,288.5,230.8,346.2,xgboost
SKU-1029,WH-004,2024-07-31,304.1,243.3,365.0,xgboost
SKU-1029,WH-004,2024-08-01,237.8,190.2,285.3,xgboost
SKU-1029,WH-004,2024-08-02,303.3,242.6,363.9,xgboost
SKU-1029,WH-004,2024-08-03,328.8,263.0,394.5,xgboost
SKU-1029,WH-004,2024-08-04,282.7,226.2,339.3,xgboost
SKU-1029,WH-004,2024-08-05,274.0,219.2,328.8,xgboost
SKU-1029,WH-004,2024-08-06,295.1,236.1,354.1,xgboost
SKU-1029,WH-004,2024-08-07,354.7,283.7,425.6,xgboost
SKU-1029,WH-004,2024-08-08,319.3,255.5,383.2,xgboost
SKU-1029,WH-004,2024-08-09,373.7,299.0,448.4,xgboost
SKU-1029,WH-004,2024-08-10,314.6,251.7,377.5,xgboost
SKU-1029,WH-004,2024-08-11,291.2,232.9,349.4,xgboost
SKU-1029,WH-004,2024-08-12,302.0,241.6,362.4,xgboost
SKU-1029,WH-004,2024-08-13,368.0,294.4,441.6,xgboost
SKU-1029,WH-004,2024-08-14,342.3,273.8,410.8,xgboost
SKU-1029,WH-004,2024-08-15,326.5,261.2,391.8,xgboost
SKU-1029,WH-004,2024-08-16,327.6,262.1,393.1,xgboost
SKU-1029,WH-004,2024-08-17,338.2,270.6,405.8,xgboost
SKU-1029,WH-004,2024-08-18,326.7,261.3,392.0,xgboost
SKU-1029,WH-004,2024-08-19,331.1,264.9,397.4,xgboost
SKU-1029,WH-004,2024-08-20,316.9,253.5,380.3,xgboost
SKU-1029,WH-004,2024-08-21,340.4,272.3,408.5,xgboost
SKU-1029,WH-004,2024-08-22,304.7,243.8,365.7,xgboost
SKU-1029,WH-004,2024-08-23,298.0,238.4,357.7,xgboost
SKU-1029,WH-004,2024-08-24,268.8,215.1,322.6,xgboost
SKU-1029,WH-004,2024-08-25,234.4,187.5,281.3,xgboost
SKU-1029,WH-004,2024-08-26,249.6,199.7,299.5,xgboost
SKU-1029,WH-004,2024-08-27,232.6,186.1,279.2,xgboost
SKU-1029,WH-004,2024-08-28,328.4,262.7,394.1,xgboost
SKU-1029,WH-004,2024-08-29,270.6,216.5,324.7,xgboost
SKU-1029,WH-004,2024-08-30,240.5,192.4,288.6,xgboost
SKU-1029,WH-004,2024-08-31,259.7,207.8,311.6,xgboost
SKU-1029,WH-004,2024-09-01,298.3,238.7,358.0,xgboost
SKU-1029,WH-004,2024-09-02,371.8,297.4,446.1,xgboost
SKU-1029,WH-004,2024-09-03,307.2,245.7,368.6,xgboost
SKU-1029,WH-004,2024-09-04,292.9,234.3,351.5,xgboost
SKU-1029,WH-004,2024-09-05,243.1,194.5,291.7,xgboost
SKU-1029,WH-004,2024-09-06,294.1,235.3,352.9,xgboost
SKU-1029,WH-004,2024-09-07,375.5,300.4,450.6,xgboost
SKU-1029,WH-004,2024-09-08,349.0,279.2,418.8,xgboost
SKU-1029,WH-004,2024-09-09,312.2,249.8,374.6,xgboost
SKU-1029,WH-004,2024-09-10,330.1,264.1,396.2,xgboost
SKU-1029,WH-004,2024-09-11,292.8,234.3,351.4,xgboost
SKU-1029,WH-004,2024-09-12,300.5,240.4,360.6,xgboost
SKU-1029,WH-004,2024-09-13,356.9,285.5,428.3,xgboost
SKU-1029,WH-004,2024-09-14,336.1,268.9,403.3,xgboost
SKU-1029,WH-004,2024-09-15,295.7,236.6,354.9,xgboost
SKU-1029,WH-004,2024-09-16,299.4,239.5,359.3,xgboost
SKU-1029,WH-004,2024-09-17,299.5,239.6,359.4,xgboost
SKU-1029,WH-004,2024-09-18,311.1,248.8,373.3,xgboost
SKU-1029,WH-004,2024-09-19,307.3,245.9,368.8,xgboost
SKU-1029,WH-004,2024-09-20,304.4,243.5,365.3,xgboost
SKU-1029,WH-004,2024-09-21,334.2,267.4,401.0,xgboost
SKU-1029,WH-004,2024-09-22,274.2,219.4,329.0,xgboost
SKU-1029,WH-004,2024-09-23,264.1,211.3,316.9,xgboost
SKU-1029,WH-004,2024-09-24,274.4,219.5,329.3,xgboost
SKU-1029,WH-004,2024-09-25,261.4,209.1,313.6,xgboost
SKU-1029,WH-004,2024-09-26,297.6,238.1,357.1,xgboost
SKU-1029,WH-005,2024-06-29,213.2,170.5,255.8,xgboost
SKU-1029,WH-005,2024-06-30,288.2,230.6,345.9,xgboost
SKU-1029,WH-005,2024-07-01,278.6,222.9,334.4,xgboost
SKU-1029,WH-005,2024-07-02,245.9,196.7,295.0,xgboost
SKU-1029,WH-005,2024-07-03,279.2,223.3,335.0,xgboost
SKU-1029,WH-005,2024-07-04,282.8,226.2,339.4,xgboost
SKU-1029,WH-005,2024-07-05,288.0,230.4,345.6,xgboost
SKU-1029,WH-005,2024-07-06,274.4,219.5,329.3,xgboost
SKU-1029,WH-005,2024-07-07,236.4,189.1,283.6,xgboost
SKU-1029,WH-005,2024-07-08,295.9,236.7,355.0,xgboost
SKU-1029,WH-005,2024-07-09,270.3,216.3,324.4,xgboost
SKU-1029,WH-005,2024-07-10,299.1,239.3,358.9,xgboost
SKU-1029,WH-005,2024-07-11,239.9,191.9,287.9,xgboost
SKU-1029,WH-005,2024-07-12,278.9,223.1,334.6,xgboost
SKU-1029,WH-005,2024-07-13,291.6,233.3,349.9,xgboost
SKU-1029,WH-005,2024-07-14,297.8,238.2,357.4,xgboost
SKU-1029,WH-005,2024-07-15,248.5,198.8,298.2,xgboost
SKU-1029,WH-005,2024-07-16,249.2,199.3,299.0,xgboost
SKU-1029,WH-005,2024-07-17,280.6,224.5,336.7,xgboost
SKU-1029,WH-005,2024-07-18,291.7,233.3,350.0,xgboost
SKU-1029,WH-005,2024-07-19,265.7,212.6,318.8,xgboost
SKU-1029,WH-005,2024-07-20,226.3,181.0,271.5,xgboost
SKU-1029,WH-005,2024-07-21,260.3,208.3,312.4,xgboost
SKU-1029,WH-005,2024-07-22,288.7,230.9,346.4,xgboost
SKU-1029,WH-005,2024-07-23,300.7,240.6,360.9,xgboost
SKU-1029,WH-005,2024-07-24,254.3,203.4,305.1,xgboost
SKU-1029,WH-005,2024-07-25,200.4,160.4,240.5,xgboost
SKU-1029,WH-005,2024-07-26,222.5,178.0,267.0,xgboost
SKU-1029,WH-005,2024-07-27,250.0,200.0,300.0,xgboost
SKU-1029,WH-005,2024-07-28,230.2,184.2,276.2,xgboost
SKU-1029,WH-005,2024-07-29,219.4,175.5,263.3,xgboost
SKU-1029,WH-005,2024-07-30,221.6,177.3,265.9,xgboost
SKU-1029,WH-005,2024-07-31,246.0,196.8,295.2,xgboost
SKU-1029,WH-005,2024-08-01,275.4,220.3,330.5,xgboost
SKU-1029,WH-005,2024-08-02,284.2,227.4,341.1,xgboost
SKU-1029,WH-005,2024-08-03,284.7,227.8,341.7,xgboost
SKU-1029,WH-005,2024-08-04,284.5,227.6,341.4,xgboost
SKU-1029,WH-005,2024-08-05,280.0,224.0,336.0,xgboost
SKU-1029,WH-005,2024-08-06,325.9,260.8,391.1,xgboost
SKU-1029,WH-005,2024-08-07,277.5,222.0,333.0,xgboost
SKU-1029,WH-005,2024-08-08,298.1,238.5,357.8,xgboost
SKU-1029,WH-005,2024-08-09,295.6,236.5,354.7,xgboost
SKU-1029,WH-005,2024-08-10,251.8,201.4,302.1,xgboost
SKU-1029,WH-005,2024-08-11,241.4,193.1,289.6,xgboost
SKU-1029,WH-005,2024-08-12,262.3,209.8,314.8,xgboost
SKU-1029,WH-005,2024-08-13,255.5,204.4,306.6,xgboost
SKU-1029,WH-005,2024-08-14,246.3,197.1,295.6,xgboost
SKU-1029,WH-005,2024-08-15,256.8,205.4,308.2,xgboost
SKU-1029,WH-005,2024-08-16,281.7,225.4,338.1,xgboost
SKU-1029,WH-005,2024-08-17,311.1,248.9,373.3,xgboost
SKU-1029,WH-005,2024-08-18,332.6,266.1,399.2,xgboost
SKU-1029,WH-005,2024-08-19,262.3,209.8,314.8,xgboost
SKU-1029,WH-005,2024-08-20,284.3,227.4,341.1,xgboost
SKU-1029,WH-005,2024-08-21,252.9,202.3,303.4,xgboost
SKU-1029,WH-005,2024-08-22,265.2,212.2,318.3,xgboost
SKU-1029,WH-005,2024-08-23,255.4,204.3,306.5,xgboost
SKU-1029,WH-005,2024-08-24,245.4,196.3,294.5,xgboost
SKU-1029,WH-005,2024-08-25,223.0,178.4,267.6,xgboost
SKU-1029,WH-005,2024-08-26,229.1,183.3,275.0,xgboost
SKU-1029,WH-005,2024-08-27,232.5,186.0,279.0,xgboost
SKU-1029,WH-005,2024-08-28,233.8,187.0,280.6,xgboost
SKU-1029,WH-005,2024-08-29,265.4,212.3,318.5,xgboost
SKU-1029,WH-005,2024-08-30,222.1,177.7,266.5,xgboost
SKU-1029,WH-005,2024-08-31,214.5,171.6,257.4,xgboost
SKU-1029,WH-005,2024-09-01,251.2,201.0,301.5,xgboost
SKU-1029,WH-005,2024-09-02,323.5,258.8,388.2,xgboost
SKU-1029,WH-005,2024-09-03,290.7,232.6,348.9,xgboost
SKU-1029,WH-005,2024-09-04,272.3,217.8,326.7,xgboost
SKU-1029,WH-005,2024-09-05,317.1,253.7,380.5,xgboost
SKU-1029,WH-005,2024-09-06,263.8,211.1,316.6,xgboost
SKU-1029,WH-005,2024-09-07,283.9,227.1,340.7,xgboost
SKU-1029,WH-005,2024-09-08,316.5,253.2,379.7,xgboost
SKU-1029,WH-005,2024-09-09,276.1,220.9,331.4,xgboost
SKU-1029,WH-005,2024-09-10,265.1,212.1,318.1,xgboost
SKU-1029,WH-005,2024-09-11,249.8,199.8,299.7,xgboost
SKU-1029,WH-005,2024-09-12,240.5,192.4,288.6,xgboost
SKU-1029,WH-005,2024-09-13,271.7,217.4,326.1,xgboost
SKU-1029,WH-005,2024-09-14,274.2,219.4,329.1,xgboost
SKU-1029,WH-005,2024-09-15,271.3,217.0,325.5,xgboost
SKU-1029,WH-005,2024-09-16,262.1,209.7,314.5,xgboost
SKU-1029,WH-005,2024-09-17,238.3,190.6,285.9,xgboost
SKU-1029,WH-005,2024-09-18,252.6,202.1,303.1,xgboost
SKU-1029,WH-005,2024-09-19,326.7,261.3,392.0,xgboost
SKU-1029,WH-005,2024-09-20,317.8,254.2,381.3,xgboost
SKU-1029,WH-005,2024-09-21,281.5,225.2,337.8,xgboost
SKU-1029,WH-005,2024-09-22,279.6,223.7,335.5,xgboost
SKU-1029,WH-005,2024-09-23,259.0,207.2,310.8,xgboost
SKU-1029,WH-005,2024-09-24,244.4,195.5,293.3,xgboost
SKU-1029,WH-005,2024-09-25,230.9,184.7,277.1,xgboost
SKU-1029,WH-005,2024-09-26,232.0,185.6,278.3,xgboost
SKU-1029,WH-006,2024-06-29,280.3,252.3,308.3,moving_average
SKU-1029,WH-006,2024-06-30,280.3,252.3,308.3,moving_average
SKU-1029,WH-006,2024-07-01,280.3,252.3,308.3,moving_average
SKU-1029,WH-006,2024-07-02,280.3,252.3,308.3,moving_average
SKU-1029,WH-006,2024-07-03,280.3,252.3,308.3,moving_average
SKU-1029,WH-006,2024-07-04,280.3,252.3,308.3,moving_average
SKU-1029,WH-006,2024-07-05,280.3,252.3,308.3,moving_average
SKU-1029,WH-006,2024-07-06,280.3,252.3,308.3,moving_average
SKU-1029,WH-006,2024-07-07,280.3,252.3,308.3,moving_average
SKU-1029,WH-006,2024-07-08,280.3,252.3,308.3,moving_average
SKU-1029,WH-006,2024-07-09,280.3,252.3,308.3,moving_average
SKU-1029,WH-006,2024-07-10,280.3,252.3,308.3,moving_average
SKU-1029,WH-006,2024-07-11,280.3,252.3,308.3,moving_average
SKU-1029,WH-006,2024-07-12,280.3,252.3,308.3,moving_average
SKU-1029,WH-006,2024-07-13,280.3,252.3,308.3,moving_average
SKU-1029,WH-006,2024-07-14,280.3,252.3,308.3,moving_average
SKU-1029,WH-006,2024-07-15,280.3,252.3,308.3,moving_average
SKU-1029,WH-006,2024-07-16,280.3,252.3,308.3,moving_average
SKU-1029,WH-006,2024-07-17,280.3,252.3,308.3,moving_average
SKU-1029,WH-006,2024-07-18,280.3,252.3,308.3,moving_average
SKU-1029,WH-006,2024-07-19,280.3,252.3,308.3,moving_average
SKU-1029,WH-006,2024-07-20,280.3,252.3,308.3,moving_average
SKU-1029,WH-006,2024-07-21,280.3,252.3,308.3,moving_average
SKU-1029,WH-006,2024-07-22,280.3,252.3,308.3,moving_average
SKU-1029,WH-006,2024-07-23,280.3,252.3,308.3,moving_average
SKU-1029,WH-006,2024-07-24,280.3,252.3,308.3,moving_average
SKU-1029,WH-006,2024-07-25,280.3,252.3,308.3,moving_average
SKU-1029,WH-006,2024-07-26,280.3,252.3,308.3,moving_average
SKU-1029,WH-006,2024-07-27,280.3,252.3,308.3,moving_average
SKU-1029,WH-006,2024-07-28,280.3,252.3,308.3,moving_average
SKU-1029,WH-006,2024-07-29,280.3,252.3,308.3,moving_average
SKU-1029,WH-006,2024-07-30,280.3,252.3,308.3,moving_average
SKU-1029,WH-006,2024-07-31,280.3,252.3,308.3,moving_average
SKU-1029,WH-006,2024-08-01,280.3,252.3,308.3,moving_average
SKU-1029,WH-006,2024-08-02,280.3,252.3,308.3,moving_average
SKU-1029,WH-006,2024-08-03,280.3,252.3,308.3,moving_average
SKU-1029,WH-006,2024-08-04,280.3,252.3,308.3,moving_average
SKU-1029,WH-006,2024-08-05,280.3,252.3,308.3,moving_average
SKU-1029,WH-006,2024-08-06,280.3,252.3,308.3,moving_average
SKU-1029,WH-006,2024-08-07,280.3,252.3,308.3,moving_average
SKU-1029,WH-006,2024-08-08,280.3,252.3,308.3,moving_average
SKU-1029,WH-006,2024-08-09,280.3,252.3,308.3,moving_average
SKU-1029,WH-006,2024-08-10,280.3,252.3,308.3,moving_average
SKU-1029,WH-006,2024-08-11,280.3,252.3,308.3,moving_average
SKU-1029,WH-006,2024-08-12,280.3,252.3,308.3,moving_average
SKU-1029,WH-006,2024-08-13,280.3,252.3,308.3,moving_average
SKU-1029,WH-006,2024-08-14,280.3,252.3,308.3,moving_average
SKU-1029,WH-006,2024-08-15,280.3,252.3,308.3,moving_average
SKU-1029,WH-006,2024-08-16,280.3,252.3,308.3,moving_average
SKU-1029,WH-006,2024-08-17,280.3,252.3,308.3,moving_average
SKU-1029,WH-006,2024-08-18,280.3,252.3,308.3,moving_average
SKU-1029,WH-006,2024-08-19,280.3,252.3,308.3,moving_average
SKU-1029,WH-006,2024-08-20,280.3,252.3,308.3,moving_average
SKU-1029,WH-006,2024-08-21,280.3,252.3,308.3,moving_average
SKU-1029,WH-006,2024-08-22,280.3,252.3,308.3,moving_average
SKU-1029,WH-006,2024-08-23,280.3,252.3,308.3,moving_average
SKU-1029,WH-006,2024-08-24,280.3,252.3,308.3,moving_average
SKU-1029,WH-006,2024-08-25,280.3,252.3,308.3,moving_average
SKU-1029,WH-006,2024-08-26,280.3,252.3,308.3,moving_average
SKU-1029,WH-006,2024-08-27,280.3,252.3,308.3,moving_average
SKU-1029,WH-006,2024-08-28,280.3,252.3,308.3,moving_average
SKU-1029,WH-006,2024-08-29,280.3,252.3,308.3,moving_average
SKU-1029,WH-006,2024-08-30,280.3,252.3,308.3,moving_average
SKU-1029,WH-006,2024-08-31,280.3,252.3,308.3,moving_average
SKU-1029,WH-006,2024-09-01,280.3,252.3,308.3,moving_average
SKU-1029,WH-006,2024-09-02,280.3,252.3,308.3,moving_average
SKU-1029,WH-006,2024-09-03,280.3,252.3,308.3,moving_average
SKU-1029,WH-006,2024-09-04,280.3,252.3,308.3,moving_average
SKU-1029,WH-006,2024-09-05,280.3,252.3,308.3,moving_average
SKU-1029,WH-006,2024-09-06,280.3,252.3,308.3,moving_average
SKU-1029,WH-006,2024-09-07,280.3,252.3,308.3,moving_average
SKU-1029,WH-006,2024-09-08,280.3,252.3,308.3,moving_average
SKU-1029,WH-006,2024-09-09,280.3,252.3,308.3,moving_average
SKU-1029,WH-006,2024-09-10,280.3,252.3,308.3,moving_average
SKU-1029,WH-006,2024-09-11,280.3,252.3,308.3,moving_average
SKU-1029,WH-006,2024-09-12,280.3,252.3,308.3,moving_average
SKU-1029,WH-006,2024-09-13,280.3,252.3,308.3,moving_average
SKU-1029,WH-006,2024-09-14,280.3,252.3,308.3,moving_average
SKU-1029,WH-006,2024-09-15,280.3,252.3,308.3,moving_average
SKU-1029,WH-006,2024-09-16,280.3,252.3,308.3,moving_average
SKU-1029,WH-006,2024-09-17,280.3,252.3,308.3,moving_average
SKU-1029,WH-006,2024-09-18,280.3,252.3,308.3,moving_average
SKU-1029,WH-006,2024-09-19,280.3,252.3,308.3,moving_average
SKU-1029,WH-006,2024-09-20,280.3,252.3,308.3,moving_average
SKU-1029,WH-006,2024-09-21,280.3,252.3,308.3,moving_average
SKU-1029,WH-006,2024-09-22,280.3,252.3,308.3,moving_average
SKU-1029,WH-006,2024-09-23,280.3,252.3,308.3,moving_average
SKU-1029,WH-006,2024-09-24,280.3,252.3,308.3,moving_average
SKU-1029,WH-006,2024-09-25,280.3,252.3,308.3,moving_average
SKU-1029,WH-006,2024-09-26,280.3,252.3,308.3,moving_average
SKU-1029,WH-007,2024-06-29,226.8,192.8,260.9,exponential_smoothing
SKU-1029,WH-007,2024-06-30,308.2,261.9,354.4,exponential_smoothing
SKU-1029,WH-007,2024-07-01,309.2,262.8,355.6,exponential_smoothing
SKU-1029,WH-007,2024-07-02,337.0,286.4,387.5,exponential_smoothing
SKU-1029,WH-007,2024-07-03,277.0,235.5,318.6,exponential_smoothing
SKU-1029,WH-007,2024-07-04,278.5,236.7,320.2,exponential_smoothing
SKU-1029,WH-007,2024-07-05,278.7,236.9,320.5,exponential_smoothing
SKU-1029,WH-007,2024-07-06,224.6,190.9,258.3,exponential_smoothing
SKU-1029,WH-007,2024-07-07,306.0,260.1,351.8,exponential_smoothing
SKU-1029,WH-007,2024-07-08,307.0,261.0,353.1,exponential_smoothing
SKU-1029,WH-007,2024-07-09,334.8,284.5,385.0,exponential_smoothing
SKU-1029,WH-007,2024-07-10,274.8,233.6,316.0,exponential_smoothing
SKU-1029,WH-007,2024-07-11,276.3,234.8,317.7,exponential_smoothing
SKU-1029,WH-007,2024-07-12,276.4,235.0,317.9,exponential_smoothing
SKU-1029,WH-007,2024-07-13,222.4,189.0,255.7,exponential_smoothing
SKU-1029,WH-007,2024-07-14,303.7,258.2,349.3,exponential_smoothing
SKU-1029,WH-007,2024-07-15,304.8,259.1,350.5,exponential_smoothing
SKU-1029,WH-007,2024-07-16,332.5,282.7,382.4,exponential_smoothing
SKU-1029,WH-007,2024-07-17,272.6,231.7,313.5,exponential_smoothing
SKU-1029,WH-007,2024-07-18,274.0,232.9,315.1,exponential_smoothing
SKU-1029,WH-007,2024-07-19,274.2,233.1,315.4,exponential_smoothing
SKU-1029,WH-007,2024-07-20,220.2,187.1,253.2,exponential_smoothing
SKU-1029,WH-007,2024-07-21,301.5,256.3,346.7,exponential_smoothing
SKU-1029,WH-007,2024-07-22,382.1,324.8,439.4,exponential_smoothing
SKU-1029,WH-007,2024-07-23,417.2,354.6,479.8,exponential_smoothing
SKU-1029,WH-007,2024-07-24,341.5,290.3,392.7,exponential_smoothing
SKU-1029,WH-007,2024-07-25,343.3,291.8,394.8,exponential_smoothing
SKU-1029,WH-007,2024-07-26,272.0,231.2,312.8,exponential_smoothing
SKU-1029,WH-007,2024-07-27,217.9,185.3,250.6,exponential_smoothing
SKU-1029,WH-007,2024-07-28,299.3,254.4,344.2,exponential_smoothing
SKU-1029,WH-007,2024-07-29,300.3,255.3,345.4,exponential_smoothing
SKU-1029,WH-007,2024-07-30,328.1,278.9,377.3,exponential_smoothing
SKU-1029,WH-007,2024-07-31,268.2,227.9,308.4,exponential_smoothing
SKU-1029,WH-007,2024-08-01,269.6,229.2,310.0,exponential_smoothing
SKU-1029,WH-007,2024-08-02,269.8,229.3,310.3,exponential_smoothing
SKU-1029,WH-007,2024-08-03,215.7,183.4,248.1,exponential_smoothing
SKU-1029,WH-007,2024-08-04,297.1,252.5,341.6,exponential_smoothing
SKU-1029,WH-007,2024-08-05,298.1,253.4,342.8,exponential_smoothing
SKU-1029,WH-007,2024-08-06,325.9,277.0,374.8,exponential_smoothing
SKU-1029,WH-007,2024-08-07,265.9,226.0,305.8,exponential_smoothing
SKU-1029,WH-007,2024-08-08,267.4,227.3,307.5,exponential_smoothing
SKU-1029,WH-007,2024-08-09,267.6,227.4,307.7,exponential_smoothing
SKU-1029,WH-007,2024-08-10,213.5,181.5,245.5,exponential_smoothing
SKU-1029,WH-007,2024-08-11,294.8,250.6,339.1,exponential_smoothing
SKU-1029,WH-007,2024-08-12,295.9,251.5,340.3,exponential_smoothing
SKU-1029,WH-007,2024-08-13,323.6,275.1,372.2,exponential_smoothing
SKU-1029,WH-007,2024-08-14,263.7,224.2,303.3,exponential_smoothing
SKU-1029,WH-007,2024-08-15,265.1,225.4,304.9,exponential_smoothing
SKU-1029,WH-007,2024-08-16,265.3,225.5,305.1,exponential_smoothing
SKU-1029,WH-007,2024-08-17,211.3,179.6,243.0,exponential_smoothing
SKU-1029,WH-007,2024-08-18,292.6,248.7,336.5,exponential_smoothing
SKU-1029,WH-007,2024-08-19,293.7,249.6,337.7,exponential_smoothing
SKU-1029,WH-007,2024-08-20,321.4,273.2,369.6,exponential_smoothing
SKU-1029,WH-007,2024-08-21,261.5,222.3,300.7,exponential_smoothing
SKU-1029,WH-007,2024-08-22,262.9,223.5,302.4,exponential_smoothing
SKU-1029,WH-007,2024-08-23,263.1,223.7,302.6,exponential_smoothing
SKU-1029,WH-007,2024-08-24,209.1,177.7,240.4,exponential_smoothing
SKU-1029,WH-007,2024-08-25,290.4,246.8,334.0,exponential_smoothing
SKU-1029,WH-007,2024-08-26,291.4,247.7,335.2,exponential_smoothing
SKU-1029,WH-007,2024-08-27,319.2,271.3,367.1,exponential_smoothing
SKU-1029,WH-007,2024-08-28,259.3,220.4,298.2,exponential_smoothing
SKU-1029,WH-007,2024-08-29,260.7,221.6,299.8,exponential_smoothing
SKU-1029,WH-007,2024-08-30,260.9,221.8,300.0,exponential_smoothing
SKU-1029,WH-007,2024-08-31,206.8,175.8,237.9,exponential_smoothing
SKU-1029,WH-007,2024-09-01,288.2,245.0,331.4,exponential_smoothing
SKU-1029,WH-007,2024-09-02,289.2,245.8,332.6,exponential_smoothing
SKU-1029,WH-007,2024-09-03,317.0,269.4,364.5,exponential_smoothing
SKU-1029,WH-007,2024-09-04,257.0,218.5,295.6,exponential_smoothing
SKU-1029,WH-007,2024-09-05,258.5,219.7,297.3,exponential_smoothing
SKU-1029,WH-007,2024-09-06,258.7,219.9,297.5,exponential_smoothing
SKU-1029,WH-007,2024-09-07,204.6,173.9,235.3,exponential_smoothing
SKU-1029,WH-007,2024-09-08,286.0,243.1,328.8,exponential_smoothing
SKU-1029,WH-007,2024-09-09,287.0,244.0,330.1,exponential_smoothing
SKU-1029,WH-007,2024-09-10,314.8,267.5,362.0,exponential_smoothing
SKU-1029,WH-007,2024-09-11,254.8,216.6,293.0,exponential_smoothing
SKU-1029,WH-007,2024-09-12,256.3,217.8,294.7,exponential_smoothing
SKU-1029,WH-007,2024-09-13,256.5,218.0,294.9,exponential_smoothing
SKU-1029,WH-007,2024-09-14,202.4,172.0,232.8,exponential_smoothing
SKU-1029,WH-007,2024-09-15,283.7,241.2,326.3,exponential_smoothing
SKU-1029,WH-007,2024-09-16,284.8,242.1,327.5,exponential_smoothing
SKU-1029,WH-007,2024-09-17,312.5,265.7,359.4,exponential_smoothing
SKU-1029,WH-007,2024-09-18,252.6,214.7,290.5,exponential_smoothing
SKU-1029,WH-007,2024-09-19,254.0,215.9,292.1,exponential_smoothing
SKU-1029,WH-007,2024-09-20,254.2,216.1,292.4,exponential_smoothing
SKU-1029,WH-007,2024-09-21,200.2,170.1,230.2,exponential_smoothing
SKU-1029,WH-007,2024-09-22,281.5,239.3,323.7,exponential_smoothing
SKU-1029,WH-007,2024-09-23,282.6,240.2,324.9,exponential_smoothing
SKU-1029,WH-007,2024-09-24,310.3,263.8,356.9,exponential_smoothing
SKU-1029,WH-007,2024-09-25,250.4,212.8,287.9,exponential_smoothing
SKU-1029,WH-007,2024-09-26,251.8,214.0,289.6,exponential_smoothing
